Formation,Depth,GR,ILD_log10,DeltaPHI,PHIND,PE,NM_M,RELPOS,Facies,Well Name
0.076923077,0,0.575188713,0.289898386,0.464680053,0.348467954,0.38559777,0,1,3,8
0.076923077,0.001996008,0.604474935,0.272564256,0.647994202,0.433655948,0.37381443,0,0.973763875,3,8
0.076923077,0.003992016,0.617873381,0.270173341,0.6906254,0.473573882,0.3477649,0,0.948536831,3,8
0.076923077,0.005988024,0.623510979,0.270173341,0.669309801,0.488738236,0.3445053,0,0.922300706,3,8
0.076923077,0.007984032,0.612382214,0.265989241,0.618152364,0.473350876,0.3437652,0,0.896064581,3,8
0.076923077,0.00998004,0.555347298,0.251046025,0.592573645,0.45171937,0.3459062,0,0.870837538,3,8
0.076923077,0.011976048,0.538214858,0.241482367,0.601099885,0.444137193,0.3407481,0,0.844601413,3,8
0.076923077,0.013972056,0.54773288,0.232516438,0.605363005,0.442353151,0.33850107,0,0.819374369,2,8
0.076923077,0.015968064,0.576799455,0.231918709,0.579784286,0.478033986,0.32064265,0,0.793138244,2,8
0.076923077,0.017964072,0.594517619,0.235505081,0.494521891,0.559207885,0.30898985,0,0.766902119,3,8
0.076923077,0.01996008,0.602424899,0.235505081,0.494521891,0.618081263,0.30294794,0,0.741675076,3,8
0.076923077,0.021956088,0.602132037,0.238493724,0.503048131,0.628785514,0.3007596,0,0.715438951,3,8
0.076923077,0.023952096,0.598837337,0.238493724,0.375154538,0.602916908,0.30490416,0,0.689202825,2,8
0.076923077,0.025948104,0.571527935,0.237895995,0.302681502,0.559207885,0.31012884,0,0.663975782,2,8
0.076923077,0.027944112,0.534846943,0.237298267,0.260050305,0.509477722,0.31736028,0,0.637739657,2,8
0.076923077,0.02994012,0.498458813,0.230723252,0.306944622,0.47736497,0.33063644,0,0.611503532,2,8
0.076923077,0.031936128,0.469099375,0.222952779,0.392207017,0.382364747,0.34355307,0,0.586276488,2,8
0.076923077,0.033932136,0.455481282,0.210998207,0.460416933,0.32349137,0.35212192,0,0.560040363,2,8
0.076923077,0.035928144,0.458995629,0.202032277,0.485995652,0.304535926,0.35531488,0,0.533804238,2,8
0.076923077,0.037924152,0.468879729,0.196054991,0.52010061,0.305427947,0.35519987,0,0.508577195,2,8
0.076923077,0.03992016,0.486671108,0.192468619,0.554205568,0.343784845,0.343875,0,0.48234107,2,8
0.076923077,0.041916168,0.520862772,0.192468619,0.571258047,0.445698229,0.33645907,0,0.457114026,2,8
0.076923077,0.043912176,0.55168652,0.199641363,0.601099885,0.479818028,0.32950586,0,0.430877901,2,8
0.076923077,0.045908184,0.57211366,0.208607292,0.618152364,0.499219482,0.32935596,0,0.404641776,2,8
0.076923077,0.047904192,0.594151542,0.213389121,0.592573645,0.498327461,0.32925564,0,0.379414733,2,8
0.076923077,0.0499002,0.526061076,0.216975493,0.532889969,0.470228803,0.33089978,0,0.353178607,3,8
0.076923077,0.051896208,0.450063331,0.216975493,0.498785011,0.449935328,0.32407558,0,0.326942482,3,8
0.076923077,0.053892216,0.419166368,0.212791393,0.485995652,0.441238125,0.33363476,0,0.301715439,2,8
0.076923077,0.055888224,0.404523257,0.208607292,0.498785011,0.425181749,0.34817436,0,0.275479314,3,8
0.076923077,0.057884232,0.395810606,0.205618649,0.613889244,0.363186299,0.35810322,1,0.249243189,9,8
0.076923077,0.05988024,0.392955199,0.203227735,0.656520442,0.350698006,0.38947728,1,0.224016145,9,8
0.076923077,0.061876248,0.39969103,0.197848177,0.566521247,0.442130146,0.3102832,1,0.19778002,9,8
0.076923077,0.065868263,0.525255705,0.175134489,0.873939549,0.729137862,0.3103971,0,0.146316852,3,8
0.076923077,0.067864271,0.537263056,0.145845786,0.814255872,0.730029883,0.29133457,0,0.120080727,3,8
0.076923077,0.069860279,0.533821925,0.112970711,0.809992753,0.745194238,0.28837878,0,0.094853683,2,8
0.076923077,0.071856287,0.522986023,0.090854752,0.84836083,0.765041702,0.28227875,0,0.068617558,2,8
0.076923077,0.073852295,0.49553019,0.086670652,0.916570746,0.735605013,0.27533185,0,0.042381433,3,8
0.076923077,0.075848303,0.402400006,0.090854752,0.827045232,0.652424067,0.2855941,0,0.01715439,3,8
0,0.077844311,0.164229809,0.097429767,0.618152364,0.52308104,0.3191813,1,1,9,8
0,0.079840319,0.109757437,0.099820681,0.481732532,0.432094911,0.38354892,1,0.984863774,9,8
0,0.081836327,0.119787968,0.097429767,0.481732532,0.362071272,0.39996126,1,0.968718466,7,8
0,0.083832335,0.143729454,0.082486551,0.524363729,0.279113331,0.40443367,1,0.95358224,7,8
0,0.085828343,0.167744156,0.072325164,0.545679328,0.244547522,0.40485555,1,0.937436932,6,8
0,0.089820359,0.202301897,0.055588763,0.571258047,0.234512288,0.38386565,1,0.90716448,6,8
0,0.091816367,0.224705857,0.050806934,0.809992753,0.355381116,0.38135117,1,0.891019173,6,8
0,0.093812375,0.248427696,0.04781829,0.86115019,0.378350653,0.3712572,1,0.875882947,7,8
0,0.095808383,0.278885366,0.049611476,0.596836765,0.54315151,0.36962014,1,0.86074672,7,8
0,0.097804391,0.300630386,0.060370592,0.524363729,0.590205611,0.36809134,1,0.844601413,7,8
0,0.099800399,0.332552367,0.075313808,0.51583749,0.588421569,0.35667792,1,0.829465187,7,8
0,0.101796407,0.395810606,0.102809325,0.494521891,0.57950136,0.35223067,1,0.813319879,4,8
0,0.103792415,0.501533866,0.161984459,0.528626849,0.491191294,0.35225102,1,0.798183653,4,8
0,0.105788423,0.640716634,0.234907352,0.592573645,0.425850765,0.34517157,1,0.783047427,4,8
0,0.107784431,0.669343915,0.304243873,0.609626124,0.411578431,0.34671596,1,0.766902119,4,8
0,0.109780439,0.672638615,0.329946204,0.579784286,0.380803711,0.35217008,1,0.751765893,4,8
0,0.111776447,0.664218827,0.317393903,0.503048131,0.327505464,0.36374104,1,0.735620585,4,8
0,0.113772455,0.572626169,0.31022116,0.477469412,0.302751884,0.37717274,1,0.720484359,8,8
0,0.115768463,0.466610047,0.303646145,0.400733257,0.327951474,0.38816524,1,0.705348133,6,8
0,0.117764471,0.383217531,0.303646145,0.358102059,0.34445386,0.40239137,1,0.689202825,6,8
0,0.119760479,0.372894138,0.307232516,0.370891418,0.342223808,0.39739957,1,0.674066599,5,8
0,0.121756487,0.396615977,0.31858936,0.464680053,0.347129923,0.3970902,1,0.658930373,5,8
0,0.123752495,0.409209052,0.325164375,0.566994927,0.383033763,0.3903875,1,0.642785066,6,8
0,0.125748503,0.413382339,0.337118948,0.639467963,0.418268587,0.3842013,1,0.62764884,6,8
0,0.127744511,0.409941208,0.350268978,0.673572921,0.428972838,0.37951094,1,0.611503532,6,8
0,0.129740519,0.425316474,0.363419008,0.605363005,0.394630034,0.38103506,1,0.596367306,8,8
0,0.131736527,0.444132872,0.373580395,0.430575095,0.337540698,0.39996493,1,0.58123108,8,8
0,0.133732535,0.45716524,0.376569038,0.33678646,0.339547745,0.43141547,1,0.565085772,8,8
0,0.135728543,0.491064042,0.383741781,0.285629023,0.342223808,0.45284367,1,0.549949546,8,8
0,0.137724551,0.671174304,0.379557681,0.255787185,0.348244949,0.45500138,1,0.533804238,8,8
0,0.139720559,0.770820673,0.375971309,0.221682227,0.355158111,0.43368405,1,0.518668012,8,8
0,0.141716567,0.802962301,0.357441721,0.200366628,0.356050132,0.41287506,1,0.503531786,6,8
0,0.143712575,0.810283857,0.32755529,0.204629748,0.335533651,0.41369426,1,0.487386478,6,8
0,0.145708583,0.793151417,0.294082487,0.255787185,0.299629811,0.40123302,1,0.472250252,5,8
0,0.147704591,0.58199776,0.265391512,0.281365904,0.301636858,0.39327103,1,0.457114026,5,8
0,0.149700599,0.370770887,0.240884638,0.319733981,0.315240177,0.39460444,1,0.440968718,6,8
0,0.151696607,0.170672778,0.223550508,0.362365179,0.32862049,0.3953116,1,0.425832492,6,8
0,0.153692615,0.126377368,0.212791393,0.392207017,0.34913697,0.39522585,1,0.409687185,5,8
0,0.155688623,0.102435881,0.205618649,0.404996376,0.379465679,0.3918248,1,0.394550959,6,8
0,0.157684631,0.105803797,0.197848177,0.426311975,0.41581553,0.38886836,1,0.379414733,6,8
0,0.159680639,0.105657366,0.196054991,0.34957582,0.476026939,0.38442576,1,0.363269425,6,8
0,0.161676647,0.098409026,0.205020921,0.298418383,0.508808706,0.38189554,1,0.348133199,6,8
0,0.163672655,0.095260757,0.230723252,0.255787185,0.506355649,0.38112897,1,0.331987891,6,8
0,0.165668663,0.098555457,0.255827854,0.221682227,0.491191294,0.38377464,1,0.316851665,6,8
0,0.167664671,0.108659204,0.285116557,0.191840389,0.476695955,0.38705704,1,0.301715439,6,8
0,0.169660679,0.119348674,0.303646145,0.217419107,0.445252219,0.3950469,1,0.285570131,6,8
0,0.171656687,0.133552492,0.319187089,0.251524065,0.414923509,0.40655237,1,0.270433905,8,8
0,0.173652695,0.157054685,0.329946204,0.268576544,0.39574506,0.41142297,1,0.255297679,6,8
0,0.175648703,0.187146277,0.340107591,0.277102784,0.383479773,0.41351393,1,0.239152371,6,8
0,0.177644711,0.228366634,0.343693963,0.298418383,0.383702779,0.39834845,1,0.224016145,5,8
0,0.179640719,0.267829818,0.347280335,0.366628299,0.4060033,0.39286408,1,0.207870838,6,8
0,0.181636727,0.322155759,0.354453078,0.417785736,0.408010347,0.38256252,1,0.192734612,6,8
0,0.183632735,0.369599438,0.365809922,0.571258047,0.347798938,0.3845173,1,0.177598385,6,8
0,0.185628743,0.403058946,0.386730424,0.660783561,0.372775523,0.37029237,1,0.161453078,4,8
0,0.18762475,0.454236618,0.404064555,0.694888519,0.388608893,0.36893952,1,0.146316852,4,8
0,0.189620758,0.499630261,0.417214585,0.67783604,0.409794389,0.36195207,1,0.130171544,4,8
0,0.191616766,0.529575423,0.4237896,0.592573645,0.437224031,0.35490984,1,0.115035318,4,8
0,0.193612774,0.539239876,0.408846384,0.503048131,0.463315642,0.34785092,1,0.099899092,4,8
0,0.195608782,0.547000725,0.390316796,0.468943173,0.46197761,0.34564602,1,0.083753784,4,8
0,0.19760479,0.542754223,0.37537358,0.494521891,0.394630034,0.3681576,1,0.068617558,6,8
0,0.199600798,0.499117753,0.365809922,0.362365179,0.285803488,0.38923013,1,0.053481332,6,8
0,0.201596806,0.439300645,0.358637179,0.353838939,0.257481825,0.40354776,1,0.037336024,6,8
0,0.203592814,0.412796615,0.355050807,0.323997101,0.248784622,0.4314211,1,0.022199798,8,8
0,0.205588822,0.433150539,0.352659892,0.451890694,0.330850542,0.41600662,1,0.00605449,8,8
0.230769231,0.20758483,0.501021357,0.352659892,0.537153089,0.434324963,0.38888752,0,1,3,8
0.230769231,0.209580838,0.524669981,0.352659892,0.545679328,0.55385576,0.3639139,0,0.968718466,3,8
0.230769231,0.211576846,0.526207508,0.352062164,0.370891418,0.56366799,0.35041076,0,0.937436932,3,8
0.230769231,0.213572854,0.477006655,0.355648536,0.387943897,0.482717096,0.34567726,0,0.905146317,2,8
0.230769231,0.215568862,0.41221089,0.355648536,0.468943173,0.427188796,0.35389555,0,0.873864783,2,8
0.230769231,0.21756487,0.393614139,0.355648536,0.494521891,0.404665269,0.35573122,0,0.842583249,2,8
0.230769231,0.219560878,0.39507845,0.355050807,0.51583749,0.407118327,0.35410035,0,0.811301715,2,8
0.230769231,0.221556886,0.411918028,0.355050807,0.562731807,0.418937603,0.35209626,0,0.7790111,2,8
0.230769231,0.223552894,0.455993791,0.355050807,0.601099885,0.427634807,0.3538159,0,0.747729566,3,8
0.230769231,0.225548902,0.481326373,0.350866707,0.588310526,0.447705276,0.35111153,0,0.716448032,3,8
0.230769231,0.22754491,0.51002687,0.347280335,0.528626849,0.470228803,0.3467936,0,0.685166498,3,8
0.230769231,0.229540918,0.520350263,0.343693963,0.485995652,0.444806208,0.35174307,0,0.652875883,3,8
0.230769231,0.231536926,0.516762701,0.335923491,0.485995652,0.413585478,0.35288268,0,0.621594349,3,8
0.230769231,0.233532934,0.512955492,0.329946204,0.490258771,0.393068998,0.35632163,0,0.590312815,3,8
0.230769231,0.235528942,0.506366092,0.322773461,0.498785011,0.387939878,0.35358876,0,0.559031282,2,8
0.230769231,0.23752495,0.496115915,0.315600717,0.485995652,0.399759154,0.3550756,0,0.526740666,2,8
0.230769231,0.239520958,0.478983475,0.307232516,0.460416933,0.377235627,0.35339302,0,0.495459132,2,8
0.230769231,0.241516966,0.457458102,0.297668858,0.426311975,0.342000803,0.35828578,0,0.464177598,2,8
0.230769231,0.243512974,0.431905874,0.286909743,0.417785736,0.33419562,0.3624554,0,0.432896065,2,8
0.230769231,0.245508982,0.403132161,0.276150628,0.379417658,0.331742563,0.36506847,0,0.400605449,2,8
0.230769231,0.24750499,0.371283395,0.265391512,0.34957582,0.329735516,0.36623526,0,0.369323915,2,8
0.230769231,0.249500998,0.349245514,0.25343694,0.379417658,0.300298827,0.36831564,0,0.338042381,2,8
0.230769231,0.251497006,0.364035056,0.241482367,0.392207017,0.284465456,0.36976925,0,0.306760848,2,8
0.230769231,0.253493014,0.390978379,0.230125523,0.485995652,0.31836225,0.36737287,0,0.274470232,2,8
0.230769231,0.255489022,0.432857676,0.220561865,0.524363729,0.379465679,0.36252552,0,0.243188698,2,8
0.230769231,0.25748503,0.508123266,0.206814106,0.528626849,0.455510459,0.35188925,0,0.211907164,2,8
0.230769231,0.259481038,0.546195354,0.191273162,0.609626124,0.49743544,0.34182405,0,0.180625631,2,8
0.230769231,0.261477046,0.556079454,0.185893604,0.673572921,0.526203113,0.336257,0,0.148335015,2,8
0.230769231,0.263473054,0.562742069,0.201434549,0.694888519,0.553632755,0.32783204,0,0.117053481,2,8
0.230769231,0.265469062,0.566036769,0.291093843,0.443364454,0.703046251,0.29658544,0,0.085771948,3,8
0.230769231,0.26746507,0.549782916,0.322773461,0.473206292,0.745640248,0.28756332,0,0.054490414,3,8
0.230769231,0.269461078,0.503876764,0.355050807,0.541416208,0.785558182,0.28577423,0,0.022199798,3,8
0.230769231,0.271457086,0.503876764,0.355050807,0.541416208,0.785558182,0.28846627,0,0.022199798,2,8
0.153846154,0.273453094,0.422973577,0.399282726,0.571258047,0.760135587,0.29041386,1,1,8,8
0.153846154,0.275449102,0.293455262,0.448894202,0.396470137,0.397752107,0.3324449,1,0.951564077,8,8
0.153846154,0.27744511,0.132966767,0.496114764,0.409259496,0.251014674,0.4703818,1,0.904137235,8,8
0.153846154,0.279441118,0.09965369,0.511655708,0.366628299,0.20641363,0.50942934,1,0.855701312,8,8
0.153846154,0.281437126,0.085962382,0.52420801,0.362365179,0.198608447,0.51980484,1,0.80827447,8,8
0.153846154,0.283433134,0.079006904,0.531380753,0.319733981,0.207305651,0.5289722,1,0.759838547,8,8
0.153846154,0.285429142,0.078933689,0.530783025,0.306944622,0.201507515,0.52723396,1,0.711402624,8,8
0.153846154,0.28742515,0.088744573,0.475194262,0.298418383,0.187904197,0.53029907,1,0.663975782,8,8
0.153846154,0.289421158,0.119568321,0.453078302,0.294155263,0.178314973,0.53063,1,0.615539859,8,8
0.153846154,0.291417166,0.123668392,0.441721458,0.319733981,0.180545025,0.52912885,1,0.567103935,8,8
0.153846154,0.293413174,0.143143729,0.430962343,0.366628299,0.1966014,0.50461686,1,0.519677094,6,8
0.153846154,0.295409182,0.194028539,0.422594142,0.426311975,0.217340886,0.460007,1,0.471241171,5,8
0.153846154,0.29740519,0.210941332,0.45845786,0.460416933,0.225815084,0.432441,1,0.423814329,5,8
0.153846154,0.299401198,0.210794901,0.490137478,0.473206292,0.220908969,0.42084366,1,0.375378406,5,8
0.153846154,0.301397206,0.210721686,0.503885236,0.434838215,0.18589715,0.4267164,1,0.326942482,6,8
0.153846154,0.303393214,0.215187835,0.470412433,0.387943897,0.127023772,0.48284796,1,0.279515641,6,8
0.153846154,0.305389222,0.218775397,0.442916916,0.362365179,0.087774854,0.51766044,1,0.231079717,8,8
0.153846154,0.30738523,0.231368472,0.418410042,0.358102059,0.077516614,0.52482355,1,0.182643794,8,8
0.153846154,0.309381238,0.254504587,0.393305439,0.358102059,0.079300656,0.5330154,1,0.135216953,8,8
0.153846154,0.311377246,0.352979507,0.36700538,0.362365179,0.081753713,0.5338713,1,0.086781029,8,8
0.153846154,0.313373253,0.451527643,0.352062164,0.370891418,0.152770738,0.4923841,1,0.039354188,4,8
0.384615385,0.315369261,0.519691323,0.34070532,0.477469412,0.228937157,0.42504907,0,1,3,8
0.384615385,0.317365269,0.572333306,0.330543933,0.588310526,0.401320191,0.38662404,0,0.956609485,3,8
0.384615385,0.319361277,0.588221082,0.320382546,0.50731125,0.485393158,0.37299004,0,0.912209889,3,8
0.384615385,0.321357285,0.586537124,0.305439331,0.477469412,0.500334508,0.35176295,0,0.868819374,3,8
0.384615385,0.323353293,0.580094155,0.288702929,0.473206292,0.475357923,0.34842223,0,0.824419778,3,8
0.384615385,0.325349301,0.57672624,0.259414226,0.545679328,0.443245172,0.35115552,0,0.781029263,3,8
0.384615385,0.327345309,0.58002094,0.222952779,0.596836765,0.433878953,0.35064256,0,0.736629667,3,8
0.384615385,0.329341317,0.603669564,0.173939032,0.579784286,0.483163106,0.35248423,0,0.693239152,3,8
0.384615385,0.331337325,0.666415293,0.153616258,0.613889244,0.529102181,0.33661163,0,0.648839556,3,8
0.384615385,0.333333333,0.738020105,0.134488942,0.720467238,0.592212658,0.3213877,0,0.605449041,3,8
0.384615385,0.335329341,0.750466749,0.129707113,0.882465788,0.683421792,0.3083604,0,0.561049445,3,8
0.384615385,0.337325349,0.753322156,0.150029886,0.839834591,0.729360867,0.29780364,0,0.51765893,3,8
0.384615385,0.339321357,0.749368516,0.170950389,0.524363729,0.89572276,0.28522453,0,0.473259334,3,8
0.384615385,0.341317365,0.728868161,0.192468619,0.456153813,0.889924624,0.2832688,0,0.429868819,3,8
0.384615385,0.343313373,0.694749713,0.206814106,0.451890694,0.883234468,0.28449297,0,0.385469223,3,8
0.384615385,0.345309381,0.647379249,0.221159594,0.447627574,0.870300165,0.28224143,0,0.342078708,3,8
0.384615385,0.347305389,0.572992246,0.228332337,0.404996376,0.695241069,0.28488684,0,0.297679112,3,8
0.384615385,0.349301397,0.520643125,0.234309623,0.34957582,0.552740734,0.29455516,0,0.254288597,2,8
0.384615385,0.351297405,0.490771179,0.235505081,0.294155263,0.506801659,0.30787092,0,0.209889001,2,8
0.384615385,0.353293413,0.46177782,0.237298267,0.183314149,0.463761652,0.3289678,0,0.166498486,2,8
0.384615385,0.355289421,0.435786298,0.258816497,0.439101334,0.553632755,0.32308736,0,0.12209889,2,8
0.384615385,0.357285429,0.394858804,0.293484758,0.439101334,0.786227198,0.29699335,0,0.078708375,3,8
0.384615385,0.359281437,0.353931309,0.329946204,0.255787185,0.772846885,0.28223068,0,0.034308779,3,8
0.307692308,0.361277445,0.19944649,0.359234907,0.238734706,0.391284956,0.3884392,1,1,5,8
0.307692308,0.363273453,0.038299056,0.377764495,0.230208467,0.377012622,0.438292,1,0.949545913,5,8
0.307692308,0.365269461,0.027243508,0.383741781,0.251524065,0.35939521,0.51455814,1,0.899091826,8,8
0.307692308,0.367265469,0.027756016,0.384937238,0.319733981,0.317024218,0.5320723,1,0.84863774,8,8
0.307692308,0.369261477,0.038006194,0.384937238,0.315470862,0.309888051,0.5373211,1,0.798183653,8,8
0.307692308,0.371257485,0.064363793,0.383741781,0.298418383,0.299406806,0.5352608,1,0.747729566,8,8
0.307692308,0.373253493,0.081203371,0.380753138,0.238734706,0.302082869,0.5408774,1,0.697275479,8,8
0.307692308,0.375249501,0.091307117,0.380753138,0.204629748,0.31323313,0.5411025,1,0.646821393,8,8
0.307692308,0.377245509,0.086035597,0.38433951,0.204629748,0.310780072,0.5294608,1,0.596367306,8,8
0.307692308,0.379241517,0.08435164,0.405857741,0.204629748,0.305427947,0.5241159,1,0.545913219,8,8
0.307692308,0.381237525,0.085157011,0.436341901,0.191840389,0.286249498,0.5244912,1,0.495459132,8,8
0.307692308,0.383233533,0.088012417,0.453078302,0.208892868,0.257481825,0.52805114,1,0.445005045,8,8
0.307692308,0.385229541,0.090867824,0.465630604,0.213155988,0.230275188,0.5290117,1,0.394550959,8,8
0.307692308,0.387225549,0.100898355,0.471010161,0.221682227,0.209981714,0.52912223,1,0.344096872,8,8
0.307692308,0.389221557,0.124620194,0.468021518,0.217419107,0.199277463,0.5324224,1,0.293642785,8,8
0.307692308,0.391217565,0.154272494,0.432755529,0.200366628,0.188127202,0.53764206,1,0.243188698,8,8
0.307692308,0.393213573,0.202375113,0.393305439,0.17478791,0.19102627,0.54014826,1,0.192734612,8,8
0.307692308,0.395209581,0.30516975,0.325762104,0.17052479,0.198831453,0.52645385,1,0.142280525,6,8
0.307692308,0.397205589,0.431832659,0.243275553,0.370891418,0.313010124,0.4121102,1,0.091826438,6,8
0.307692308,0.399201597,0.567867158,0.157800359,0.566994927,0.426965791,0.36999828,1,0.041372351,8,8
0.538461538,0.401197605,0.616994794,0.121338912,0.554205568,0.685651844,0.3346099,0,1,3,8
0.538461538,0.403193613,0.662974162,0.10938434,0.430575095,0.908657063,0.29516438,0,0.962663976,3,8
0.538461538,0.405189621,0.680619111,0.098625224,0.490258771,0.89059364,0.28369704,0,0.925327952,3,8
0.538461538,0.407185629,0.688160313,0.110579797,0.451890694,0.837295393,0.28206664,0,0.887991927,3,8
0.538461538,0.409181637,0.679594093,0.11775254,0.392207017,0.779091031,0.29033348,0,0.850655903,3,8
0.538461538,0.411177645,0.650527518,0.13090257,0.353838939,0.748093305,0.29279953,0,0.813319879,3,8
0.538461538,0.413173653,0.633395078,0.144650329,0.328260221,0.723562731,0.29867697,0,0.775983855,3,8
0.538461538,0.415169661,0.61970377,0.158995816,0.571258047,0.562998974,0.31411976,0,0.73864783,3,8
0.538461538,0.417165669,0.529868285,0.179916318,0.51583749,0.573034209,0.30839598,0,0.701311806,2,8
0.538461538,0.419161677,0.493919448,0.19665272,0.289892143,0.481156059,0.33662102,0,0.663975782,2,8
0.538461538,0.421157685,0.478837044,0.219366408,0.294155263,0.41068641,0.3555308,0,0.626639758,2,8
0.538461538,0.423153693,0.473126231,0.245068739,0.328260221,0.388831899,0.36219147,0,0.589303734,2,8
0.538461538,0.425149701,0.484328211,0.264196055,0.400733257,0.412024441,0.35957474,0,0.551967709,2,8
0.538461538,0.427145709,0.506878601,0.286312014,0.383680778,0.489853263,0.35523295,0,0.514631685,2,8
0.538461538,0.429141717,0.516982348,0.305439331,0.366628299,0.523527051,0.34723,0,0.476286579,2,8
0.538461538,0.431137725,0.516909132,0.315600717,0.358102059,0.49186031,0.34993178,0,0.438950555,2,8
0.538461538,0.433133733,0.503876764,0.324566647,0.34957582,0.374336559,0.3649814,0,0.401614531,2,8
0.538461538,0.435129741,0.472027998,0.319187089,0.358102059,0.348913965,0.3719594,0,0.364278507,2,8
0.538461538,0.437125749,0.454383049,0.308427974,0.33678646,0.352259043,0.37574154,0,0.326942482,2,8
0.538461538,0.439121756,0.457604534,0.29707113,0.289892143,0.369876455,0.37729698,0,0.289606458,2,8
0.538461538,0.441117764,0.496921286,0.285116557,0.302681502,0.374336559,0.37699488,0,0.252270434,2,8
0.538461538,0.443113772,0.536677332,0.276150628,0.404996376,0.408456358,0.36665723,0,0.21493441,2,8
0.538461538,0.44510978,0.543413163,0.265391512,0.481732532,0.44146113,0.36149713,0,0.177598385,2,8
0.538461538,0.447105788,0.484328211,0.260609683,0.524363729,0.454172428,0.35522598,0,0.140262361,2,8
0.538461538,0.449101796,0.41748241,0.292289301,0.562731807,0.465545694,0.35482618,0,0.102926337,3,8
0.538461538,0.451097804,0.350636609,0.336521219,0.575521166,0.416707551,0.3646667,0,0.065590313,3,8
0.538461538,0.453093812,0.27471208,0.371787209,0.532889969,0.310557067,0.38163507,0,0.028254289,3,8
0.538461538,0.45508982,0.190733839,0.394500897,0.392207017,0.256589804,0.40270275,0,0.233602422,3,8
0.461538462,0.457085828,0.190733839,0.394500897,0.392207017,0.256589804,0.4653707,1,1,8,8
0.461538462,0.459081836,0.170453131,0.404064555,0.277102784,0.248561616,0.508507,1,0.663975782,8,8
0.461538462,0.461077844,0.17557822,0.400478183,0.272839664,0.258150841,0.5188155,1,0.326942482,8,8
0.692307692,0.463073852,0.210428823,0.392707711,0.396470137,0.239864413,0.4030259,0,1,2,8
0.692307692,0.46506986,0.296237453,0.381948595,0.417785736,0.23205923,0.38593006,0,0.957618567,2,8
0.692307692,0.467065868,0.360227847,0.370591751,0.396470137,0.241425449,0.3802228,0,0.916246216,2,8
0.692307692,0.469061876,0.39969103,0.359234907,0.370891418,0.254805762,0.38475347,0,0.873864783,2,8
0.692307692,0.471057884,0.44728114,0.346682606,0.34957582,0.273538201,0.3810829,0,0.83148335,2,8
0.692307692,0.473053892,0.457384887,0.333532576,0.362365179,0.306988984,0.3792083,0,0.790110999,2,8
0.692307692,0.4750499,0.494065879,0.319187089,0.383680778,0.351590027,0.37168878,0,0.747729566,2,8
0.692307692,0.477045908,0.546415,0.292887029,0.383680778,0.38504081,0.3623101,0,0.705348133,2,8
0.692307692,0.479041916,0.571015427,0.276150628,0.392207017,0.407787342,0.3615077,0,0.663975782,2,8
0.692307692,0.481037924,0.583022777,0.255230126,0.404996376,0.420052629,0.36026412,0,0.621594349,2,8
0.692307692,0.483033932,0.560472387,0.234907352,0.383680778,0.379019669,0.36669108,0,0.579212916,2,8
0.692307692,0.48502994,0.498239166,0.218768679,0.387943897,0.355158111,0.37123033,0,0.537840565,2,8
0.692307692,0.487025948,0.465145736,0.205020921,0.366628299,0.356719147,0.37107912,0,0.495459132,2,8
0.692307692,0.489021956,0.457018809,0.19665272,0.33678646,0.36965345,0.37460047,0,0.453077699,2,8
0.692307692,0.491017964,0.490990826,0.189479976,0.328260221,0.388162883,0.37205207,0,0.411705348,2,8
0.692307692,0.493013972,0.524889628,0.189479976,0.332523341,0.410017394,0.3673568,0,0.369323915,2,8
0.692307692,0.49500998,0.539166661,0.185893604,0.34957582,0.427634807,0.3558557,0,0.326942482,2,8
0.692307692,0.497005988,0.544877474,0.185893604,0.362365179,0.445475224,0.35050318,0,0.285570131,2,8
0.692307692,0.499001996,0.5530044,0.181709504,0.366628299,0.466883725,0.34586424,0,0.243188698,2,8
0.692307692,0.500998004,0.558715213,0.181709504,0.400733257,0.520404977,0.33487174,0,0.200807265,2,8
0.692307692,0.502994012,0.558641998,0.181709504,0.477469412,0.616520227,0.310817,0,0.159434914,2,8
0.692307692,0.50499002,0.551832951,0.181709504,0.566994927,0.675616609,0.29831973,0,0.117053481,2,8
0.692307692,0.506986028,0.405694706,0.18768679,0.575521166,0.688327907,0.2955055,0,0.074672048,2,8
0.692307692,0.508982036,0.244107978,0.252241482,0.447627574,0.636144686,0.29463476,0,0.033299697,2,8
0.615384615,0.510978044,0.156835038,0.292887029,0.17478791,0.516390884,0.3548892,1,1,8,8
0.615384615,0.512974052,0.140215107,0.295277944,0.080999275,0.482940101,0.38446438,1,0.83148335,8,8
0.615384615,0.51497006,0.12996493,0.298864316,0.153472311,0.42562776,0.488866,1,0.663975782,8,8
0.615384615,0.516966068,0.220971863,0.298864316,0.234471586,0.387047857,0.5043339,1,0.495459132,8,8
0.615384615,0.518962076,0.327134416,0.298864316,0.328260221,0.4060033,0.4582705,1,0.326942482,8,8
0.615384615,0.520958084,0.433223754,0.292887029,0.694888519,0.593773694,0.3738612,1,0.159434914,8,8
0.846153846,0.522954092,0.534920158,0.279139271,0.792940274,0.738281076,0.32939458,0,1,3,8
0.846153846,0.5249501,0.592101506,0.219366408,0.746045956,0.833504304,0.3121073,0,0.873864783,3,8
0.846153846,0.526946108,0.626219954,0.150029886,0.592573645,0.876321306,0.27966022,0,0.747729566,3,8
0.846153846,0.528942116,0.647452465,0.136879857,0.579784286,0.919138308,0.27294758,0,0.621594349,3,8
0.846153846,0.530938124,0.637421934,0.121338912,0.673572921,0.947236965,0.26628327,0,0.495459132,3,8
0.846153846,0.532934132,0.620582357,0.114166169,0.728993477,0.927612506,0.27007413,0,0.369323915,3,8
0.846153846,0.53493014,0.588806806,0.110579797,0.703414759,0.926274475,0.26850197,0,0.243188698,3,8
0.846153846,0.536926148,0.520057401,0.11775254,0.652257322,0.934302663,0.26368535,0,0.117053481,3,8
0.769230769,0.538922156,0.241545434,0.127316198,0.204629748,0.625440435,0.3413372,1,1,8,8
0.769230769,0.540918164,0.170087053,0.139270771,0.358102059,0.551179698,0.35079792,1,0.966700303,8,8
0.769230769,0.542914172,0.144461609,0.151225344,0.434838215,0.558092859,0.4028969,1,0.932391524,8,8
0.769230769,0.54491018,0.130916732,0.135684399,0.460416933,0.567236073,0.4090178,1,0.899091826,8,8
0.769230769,0.546906188,0.124620194,0.124925284,0.456153813,0.578832345,0.39710858,1,0.865792129,8,8
0.769230769,0.548902196,0.117664717,0.106395696,0.353838939,0.647740957,0.39102006,1,0.83148335,8,8
0.769230769,0.550898204,0.105071641,0.069336521,0.306944622,0.688550912,0.38858527,1,0.798183653,8,8
0.769230769,0.552894212,0.091526764,0.031081889,0.264313425,0.710405423,0.38907948,1,0.764883956,8,8
0.769230769,0.55489022,0.067731709,0.018529588,0.225945347,0.712189465,0.38290137,1,0.730575177,8,8
0.769230769,0.556886228,0.051697503,0.016736402,0.157735431,0.700816199,0.3914761,1,0.697275479,8,8
0.769230769,0.558882236,0.034198985,0.018529588,0.119367353,0.672048526,0.3994853,1,0.663975782,8,8
0.769230769,0.560878244,0.023363083,0.025702331,0.17052479,0.595780741,0.42646527,1,0.629667003,8,8
0.769230769,0.562874251,0.030904285,0.036461447,0.225945347,0.516836894,0.45270807,1,0.596367306,8,8
0.769230769,0.564870259,0.047084923,0.065152421,0.251524065,0.454172428,0.47967756,1,0.563067608,8,8
0.769230769,0.566866267,0.067438847,0.128511656,0.251524065,0.407564337,0.4919599,1,0.528758829,8,8
0.769230769,0.568862275,0.087719555,0.173341303,0.272839664,0.37478257,0.45828918,1,0.495459132,6,8
0.769230769,0.570858283,0.104778779,0.18768679,0.33678646,0.341108782,0.4518919,1,0.462159435,6,8
0.769230769,0.572854291,0.126450583,0.194261805,0.383680778,0.324829401,0.44577163,1,0.427850656,6,8
0.769230769,0.574850299,0.156395745,0.194261805,0.439101334,0.324160385,0.4333441,1,0.394550959,6,8
0.769230769,0.576846307,0.194028539,0.194261805,0.473206292,0.338209714,0.4150769,1,0.361251261,7,8
0.769230769,0.578842315,0.23371137,0.194261805,0.490258771,0.356496142,0.4193231,1,0.326942482,7,8
0.769230769,0.580838323,0.254065294,0.201434549,0.473206292,0.370545471,0.4292448,1,0.293642785,8,8
0.769230769,0.582834331,0.246524092,0.215182307,0.315470862,0.447482271,0.4585363,1,0.260343088,8,8
0.769230769,0.584830339,0.235468543,0.225343694,0.315470862,0.437224031,0.4793826,1,0.226034309,8,8
0.769230769,0.586826347,0.259043951,0.234907352,0.33678646,0.392176977,0.5057099,1,0.192734612,8,8
0.769230769,0.588822355,0.317909257,0.237298267,0.33678646,0.362963293,0.48490044,1,0.159434914,6,8
0.769230769,0.590818363,0.355834914,0.234309623,0.34104958,0.353151064,0.44871435,1,0.125126135,5,8
0.769230769,0.592814371,0.382924669,0.222952779,0.33678646,0.351813032,0.45904368,1,0.091826438,6,8
0.769230769,0.594810379,0.396469546,0.208607292,0.464680053,0.417153561,0.44839913,1,0.058526741,8,8
0.769230769,0.596806387,0.536018392,0.181111775,0.630941723,0.518397931,0.3991198,1,0.024217962,8,8
1,0.598802395,0.657336565,0.149432158,0.733256597,0.764372686,0.3361947,0,1,3,8
1,0.600798403,0.715689361,0.133293485,0.635204843,0.936532715,0.2961963,0,0.980827447,3,8
1,0.602794411,0.729527101,0.126120741,0.618152364,0.955042148,0.2752719,0,0.961654894,3,8
1,0.604790419,0.712467877,0.126120741,0.558468687,0.919807323,0.2766789,0,0.942482341,3,8
1,0.606786427,0.688599606,0.141661686,0.554205568,0.827929174,0.29005867,0,0.92431887,3,8
1,0.608782435,0.664365258,0.164973102,0.541416208,0.731813924,0.29826546,0,0.905146317,3,8
1,0.610778443,0.634493312,0.184698147,0.566994927,0.702377236,0.3018724,0,0.885973764,3,8
1,0.612774451,0.610405395,0.193066348,0.609626124,0.703046251,0.30492514,0,0.866801211,3,8
1,0.614770459,0.593199739,0.201434549,0.584047406,0.730029883,0.30058777,0,0.847628658,3,8
1,0.616766467,0.593126524,0.210998207,0.477469412,0.792248339,0.29589152,0,0.828456105,3,8
1,0.618762475,0.593126524,0.221757322,0.477469412,0.804067615,0.2952661,0,0.809283552,3,8
1,0.620758483,0.586244262,0.229527794,0.571258047,0.776191963,0.29523534,0,0.790110999,3,8
1,0.622754491,0.575554791,0.230723252,0.67783604,0.725792784,0.29931542,0,0.771947528,3,8
1,0.624750499,0.564352811,0.237895995,0.626678603,0.720886669,0.3020163,0,0.752774975,3,8
1,0.626746507,0.558861645,0.239689181,0.498785011,0.736051024,0.30172125,0,0.733602422,3,8
1,0.628742515,0.555420514,0.239689181,0.375154538,0.739619107,0.29351115,0,0.714429869,2,8
1,0.630738523,0.555420514,0.236102809,0.417785736,0.670264484,0.30254325,0,0.695257316,2,8
1,0.632734531,0.555347298,0.232516438,0.558468687,0.587975559,0.32241365,0,0.676084763,2,8
1,0.634730539,0.568892175,0.232516438,0.6906254,0.524196066,0.33274075,0,0.65691221,2,8
1,0.636726547,0.587562142,0.236102809,0.733256597,0.505463628,0.34089217,0,0.638748739,2,8
1,0.638722555,0.601765959,0.258816497,0.737519717,0.496766424,0.34445938,0,0.619576186,2,8
1,0.640718563,0.613626879,0.277943814,0.716204118,0.48204808,0.34995577,0,0.600403633,2,8
1,0.642714571,0.616482285,0.286909743,0.68636228,0.481156059,0.3520667,0,0.58123108,2,8
1,0.644710579,0.612821508,0.286909743,0.647994202,0.497658445,0.35078657,0,0.562058527,2,8
1,0.646706587,0.60257133,0.286909743,0.575521166,0.532447259,0.34981525,0,0.542885974,2,8
1,0.648702595,0.595103344,0.290496115,0.605363005,0.514829847,0.35086226,0,0.523713421,2,8
1,0.650698603,0.587415711,0.284518828,0.639467963,0.499219482,0.35165626,0,0.504540868,2,8
1,0.652694611,0.594224757,0.277943814,0.68636228,0.50211855,0.35206163,0,0.486377397,2,8
1,0.654690619,0.617360872,0.271966527,0.720467238,0.508808706,0.34856328,0,0.467204844,2,8
1,0.656686627,0.626146739,0.267782427,0.758835316,0.517282904,0.35043734,0,0.448032291,2,8
1,0.658682635,0.626073523,0.273161984,0.763098435,0.527095134,0.35021406,0,0.428859738,2,8
1,0.660678643,0.619191261,0.278541542,0.741782837,0.542259489,0.3463942,0,0.409687185,2,8
1,0.662674651,0.612162568,0.275552899,0.665046681,0.535569332,0.34436905,0,0.390514632,2,8
1,0.664670659,0.596128362,0.271368799,0.630941723,0.53333928,0.34342295,0,0.371342079,2,8
1,0.666666667,0.575994084,0.271368799,0.660783561,0.494759377,0.34679776,0,0.352169526,2,8
1,0.668662675,0.57145472,0.267782427,0.656520442,0.475580929,0.34888735,0,0.334006054,2,8
1,0.670658683,0.578190551,0.263598326,0.652257322,0.468444762,0.35233328,0,0.314833502,2,8
1,0.672654691,0.578117335,0.260011955,0.665046681,0.464430668,0.35215336,0,0.295660949,2,8
1,0.674650699,0.582290622,0.258218769,0.68209916,0.503456581,0.34737173,0,0.276488396,2,8
1,0.676646707,0.622705608,0.254632397,0.575521166,0.571027162,0.33454072,0,0.257315843,2,8
1,0.678642715,0.660631265,0.242677824,0.477469412,0.623656394,0.31402084,0,0.23814329,2,8
1,0.680638723,0.662900947,0.224148237,0.417785736,0.662905312,0.2983594,0,0.218970737,2,8
1,0.682634731,0.666415293,0.210998207,0.575521166,0.635252665,0.30132657,0,0.200807265,2,8
1,0.684630739,0.700240879,0.193066348,0.758835316,0.671602515,0.29473966,0,0.181634712,2,8
1,0.686626747,0.734139681,0.181709504,0.805729633,0.715757549,0.28556728,0,0.162462159,3,8
1,0.688622754,0.767818835,0.167961745,0.827045232,0.752330405,0.27286476,0,0.143289606,3,8
1,0.690618762,0.796006824,0.159593545,0.694888519,0.805628652,0.2718417,0,0.124117053,3,8
1,0.69261477,0.811455306,0.156604901,0.52010061,0.810534767,0.2673978,0,0.104944501,3,8
1,0.694610778,0.805524846,0.152420801,0.549942448,0.726684804,0.284966,0,0.066599395,3,8
1,0.696606786,0.796080039,0.153616258,0.635204843,0.745863253,0.28520858,0,0.048435923,3,8
1,0.698602794,0.785024491,0.167364017,0.579784286,0.7735159,0.27621174,0,0.02926337,3,8
1,0.700598802,0.75259,0.185893604,0.494521891,0.833058294,0.26226887,0,0.010090817,3,8
0.923076923,0.70259481,0.692406815,0.203825463,0.426311975,0.74702288,0.2934221,1,1,5,8
0.923076923,0.704590818,0.60784285,0.221757322,0.396470137,0.904419963,0.28749296,1,0.990918264,8,8
0.923076923,0.706586826,0.531405812,0.258218769,0.417785736,0.758574551,0.34253573,1,0.98284561,8,8
0.923076923,0.708582834,0.448672236,0.334728033,0.234471586,0.355381116,0.5088095,1,0.973763875,8,8
0.923076923,0.710578842,0.309928761,0.47579199,0.217419107,0.172516837,0.53685445,1,0.965691221,8,8
0.923076923,0.71257485,0.141825849,0.460848775,0.204629748,0.157352482,0.5232042,1,0.956609485,8,8
0.923076923,0.714570858,0.0738086,0.436341901,0.204629748,0.153784399,0.5246105,1,0.94752775,8,8
0.923076923,0.716566866,0.070367469,0.402869097,0.204629748,0.160920566,0.5253861,1,0.939455096,6,8
0.923076923,0.718562874,0.073662169,0.378362224,0.213155988,0.179653004,0.52371037,1,0.93037336,6,8
0.923076923,0.720558882,0.080251569,0.355050807,0.204629748,0.238526382,0.50755507,1,0.921291625,6,8
0.923076923,0.72255489,0.132893552,0.390316796,0.187577269,0.290040587,0.4658223,1,0.913218971,6,8
0.923076923,0.724550898,0.168769173,0.438135087,0.268576544,0.264617992,0.4307128,1,0.904137235,5,8
0.923076923,0.726546906,0.17887292,0.428571429,0.332523341,0.213772802,0.5116552,1,0.896064581,8,8
0.923076923,0.728542914,0.182240835,0.418410042,0.328260221,0.184336113,0.5252155,1,0.886982846,8,8
0.923076923,0.730538922,0.158372565,0.407650926,0.33678646,0.174300879,0.5308008,1,0.87790111,8,8
0.923076923,0.73253493,0.111368179,0.390316796,0.34104958,0.169171759,0.51181394,1,0.869828456,6,8
0.923076923,0.734530938,0.103900193,0.356843993,0.434838215,0.211988761,0.49052846,1,0.86074672,6,8
0.923076923,0.736526946,0.104193055,0.309025702,0.52010061,0.290263592,0.48182377,1,0.851664985,7,8
0.923076923,0.738522954,0.114003939,0.283323371,0.464680053,0.356273137,0.4649818,1,0.843592331,7,8
0.923076923,0.740518962,0.154711787,0.279139271,0.473206292,0.35984122,0.44572634,1,0.834510595,7,8
0.923076923,0.74251497,0.168256664,0.286909743,0.468943173,0.356496142,0.4505218,1,0.826437941,7,8
0.923076923,0.744510978,0.168256664,0.298864316,0.409259496,0.328843495,0.46327522,1,0.817356206,7,8
0.923076923,0.746506986,0.169354898,0.317393903,0.319733981,0.318585255,0.48156518,1,0.80827447,7,8
0.923076923,0.748502994,0.184290871,0.34070532,0.247260946,0.298960796,0.50030804,1,0.800201816,7,8
0.923076923,0.750499002,0.21657893,0.361625822,0.264313425,0.240533428,0.510679,1,0.791120081,7,8
0.923076923,0.75249501,0.253040276,0.390316796,0.33678646,0.203291557,0.5035236,1,0.782038345,6,8
0.923076923,0.754491018,0.269953069,0.437537358,0.387943897,0.188796218,0.4940073,1,0.773965691,6,8
0.923076923,0.756487026,0.273320984,0.459055589,0.451890694,0.192587307,0.4788584,1,0.764883956,6,8
0.923076923,0.758483034,0.27471208,0.470412433,0.460416933,0.18545114,0.47703075,1,0.756811302,6,8
0.923076923,0.760479042,0.277567486,0.473998805,0.456153813,0.189242228,0.4769754,1,0.747729566,6,8
0.923076923,0.76247505,0.277567486,0.473998805,0.456153813,0.189242228,0.4716089,1,0.747729566,6,8
0.923076923,0.764471058,0.293235615,0.473998805,0.451890694,0.195263369,0.46755353,1,0.73864783,6,8
0.923076923,0.766467066,0.324132579,0.473998805,0.443364454,0.205744614,0.4719355,1,0.730575177,6,8
0.923076923,0.768463074,0.334236325,0.473401076,0.413522616,0.224477053,0.4442851,1,0.721493441,5,8
0.923076923,0.770459082,0.320618232,0.473401076,0.370891418,0.23718835,0.43168652,1,0.713420787,5,8
0.923076923,0.77245509,0.305023319,0.473401076,0.319733981,0.251683689,0.43100697,1,0.704339051,5,8
0.923076923,0.774451098,0.287378371,0.469814704,0.306944622,0.255028768,0.4250206,1,0.695257316,5,8
0.923076923,0.776447106,0.275517451,0.469814704,0.319733981,0.249453637,0.4206649,1,0.687184662,5,8
0.923076923,0.778443114,0.26944056,0.465630604,0.375154538,0.234958298,0.42497712,1,0.678102926,5,8
0.923076923,0.780439122,0.27273526,0.465630604,0.400733257,0.235404308,0.42642504,1,0.669021191,5,8
0.923076923,0.78243513,0.279471091,0.462044232,0.409259496,0.244101512,0.4280991,1,0.660948537,5,8
0.923076923,0.784431138,0.284962257,0.460251046,0.362365179,0.276883279,0.42677012,1,0.651866801,5,8
0.923076923,0.786427146,0.292723106,0.460251046,0.285629023,0.306319968,0.4116344,1,0.643794147,5,8
0.923076923,0.788423154,0.30187505,0.463239689,0.328260221,0.280451363,0.4352947,1,0.634712412,6,8
0.923076923,0.790419162,0.310953779,0.469814704,0.379417658,0.254582757,0.47014117,1,0.625630676,6,8
0.923076923,0.79241517,0.323473639,0.476987448,0.392207017,0.242763481,0.47715244,1,0.617558022,6,8
0.923076923,0.794411178,0.337018516,0.484160191,0.383680778,0.232728246,0.48692778,1,0.608476287,6,8
0.923076923,0.796407186,0.347122263,0.487148834,0.358102059,0.233174256,0.4727126,1,0.599394551,6,8
0.923076923,0.798403194,0.359495691,0.487148834,0.332523341,0.233620267,0.46927527,1,0.591321897,6,8
0.923076923,0.800399202,0.374944173,0.487148834,0.328260221,0.236965345,0.47333074,1,0.582240161,6,8
0.923076923,0.80239521,0.393687355,0.483562463,0.404996376,0.227599126,0.47409427,1,0.574167508,6,8
0.923076923,0.804391218,0.419605661,0.481171548,0.477469412,0.223585032,0.4682109,1,0.565085772,6,8
0.923076923,0.806387226,0.459068845,0.466228332,0.541416208,0.229606173,0.46348578,1,0.556004036,6,8
0.923076923,0.808383234,0.544072103,0.449491931,0.609626124,0.260380893,0.4569913,1,0.547931382,6,8
0.923076923,0.810379242,0.644011334,0.4279737,0.635204843,0.28847955,0.45188323,1,0.538849647,6,8
0.923076923,0.81237525,0.768331344,0.411835027,0.635204843,0.303197895,0.44390815,1,0.529767911,5,8
0.923076923,0.814371257,0.865049091,0.39748954,0.609626124,0.314125151,0.4396744,1,0.521695257,5,8
0.923076923,0.816367265,0.865049091,0.39748954,0.609626124,0.314125151,0.43095118,1,0.521695257,4,8
0.923076923,0.818363273,0.95942394,0.390914525,0.477469412,0.356273137,0.41023946,1,0.512613522,4,8
0.923076923,0.820359281,0.604794421,0.390914525,0.272839664,0.450827349,0.3873812,1,0.504540868,4,8
0.923076923,0.822355289,0.557481813,0.390914525,0.234471586,0.487846216,0.37756526,1,0.495459132,4,8
0.923076923,0.824351297,0.997203166,0.390316796,0.281365904,0.485393158,0.37756938,1,0.486377397,4,8
0.923076923,0.826347305,0.934384221,0.390316796,0.315470862,0.47178984,0.38022557,1,0.478304743,4,8
0.923076923,0.828343313,0.733700387,0.390316796,0.3453127,0.461754605,0.3799494,1,0.469223007,4,8
0.923076923,0.830339321,0.607916066,0.390316796,0.379417658,0.455287454,0.38600868,1,0.461150353,4,8
0.923076923,0.832335329,0.502192806,0.389121339,0.404996376,0.450604344,0.39275205,1,0.452068618,4,8
0.923076923,0.834331337,0.448672236,0.381948595,0.400733257,0.439008073,0.39275205,1,0.442986882,4,8
0.923076923,0.836327345,0.436005945,0.374775852,0.366628299,0.44101512,0.39585456,1,0.434914228,4,8
0.923076923,0.838323353,0.430954072,0.364016736,0.358102059,0.466437715,0.38965666,1,0.425832492,4,8
0.923076923,0.840319361,0.427512941,0.35385535,0.383680778,0.495651398,0.38208917,1,0.416750757,4,8
0.923076923,0.842315369,0.427439725,0.342498506,0.434838215,0.514160831,0.37597257,1,0.408678103,4,8
0.923076923,0.844311377,0.430880856,0.338912134,0.460416933,0.517728915,0.3748706,1,0.399596367,4,8
0.923076923,0.846307385,0.432857676,0.334728033,0.468943173,0.51237679,0.3769598,1,0.391523713,4,8
0.923076923,0.848303393,0.437543472,0.330543933,0.464680053,0.509254717,0.37960255,1,0.382441978,4,8
0.923076923,0.850299401,0.445450752,0.329348476,0.464680053,0.521296998,0.38030577,1,0.373360242,4,8
0.923076923,0.852295409,0.452479445,0.326957561,0.477469412,0.553632755,0.37596482,1,0.365287588,4,8
0.923076923,0.854291417,0.465585029,0.325762104,0.481732532,0.580170376,0.37311804,1,0.356205853,4,8
0.923076923,0.856287425,0.491869413,0.323371189,0.473206292,0.588421569,0.36778015,1,0.347124117,4,8
0.923076923,0.858283433,0.532577261,0.322773461,0.481732532,0.585745506,0.36278832,1,0.339051463,4,8
0.923076923,0.860279441,0.593785464,0.322773461,0.490258771,0.582846439,0.36111897,1,0.329969728,4,8
0.923076923,0.862275449,0.633395078,0.320382546,0.51583749,0.592658668,0.36004478,1,0.321897074,4,8
0.923076923,0.864271457,0.656238331,0.323371189,0.541416208,0.62008831,0.35577542,1,0.312815338,4,8
0.923076923,0.866267465,0.661656282,0.341303048,0.605363005,0.596449757,0.34545103,1,0.303733602,4,8
0.923076923,0.868263473,0.661656282,0.34070532,0.618152364,0.592881673,0.3433808,1,0.295660949,4,8
0.923076923,0.870259481,0.652577554,0.34070532,0.524363729,0.551625708,0.34208587,1,0.286579213,4,8
0.923076923,0.872255489,0.633029001,0.34070532,0.413522616,0.501672539,0.34893557,1,0.277497477,4,8
0.923076923,0.874251497,0.569038607,0.340107591,0.315470862,0.457740511,0.36184072,1,0.269424823,4,8
0.923076923,0.876247505,0.471076195,0.343693963,0.272839664,0.447705276,0.37496263,1,0.260343088,6,8
0.923076923,0.878243513,0.409867992,0.344291692,0.332523341,0.392845993,0.42014068,1,0.252270434,6,8
0.923076923,0.880239521,0.416603823,0.354453078,0.51583749,0.3803577,0.45346993,1,0.243188698,6,8
0.923076923,0.882235529,0.481692451,0.334728033,0.716204118,0.452388386,0.45096973,1,0.234106963,6,8
0.923076923,0.884231537,0.589758608,0.297668858,0.827045232,0.519958967,0.41917917,1,0.226034309,4,8
0.923076923,0.886227545,0.668172467,0.252839211,0.895255148,0.567459079,0.36615366,0,0.216952573,2,8
0.923076923,0.888223553,0.695335437,0.216377764,0.954938824,0.616966237,0.36682892,0,0.208879919,2,8
0.923076923,0.890219561,0.709832117,0.181111775,0.933623225,0.636367691,0.3587511,0,0.199798184,2,8
0.923076923,0.892215569,0.686256708,0.158995816,0.805729633,0.713304491,0.33842742,0,0.190716448,2,8
0.923076923,0.894211577,0.640496987,0.136879857,0.673572921,0.722001695,0.31514913,0,0.182643794,2,8
0.923076923,0.896207585,0.151051009,0.093245666,0.234471586,0.658445208,0.29912794,1,0.156407669,8,8
0.923076923,0.898203593,0.106169875,0.080693365,0.213155988,0.674947594,0.33490372,1,0.147325933,8,8
0.923076923,0.900199601,0.096725068,0.069336521,0.3453127,0.611837117,0.34284633,1,0.13925328,8,8
0.923076923,0.902195609,0.129013128,0.061566049,0.460416933,0.585299496,0.39899278,1,0.130171544,8,8
0.923076923,0.904191617,0.161374402,0.066347878,0.468943173,0.582177423,0.40575576,1,0.121089808,8,8
0.923076923,0.906187625,0.193662462,0.069336521,0.464680053,0.571473172,0.4068696,1,0.113017154,8,8
0.923076923,0.908183633,0.225950521,0.075313808,0.370891418,0.567236073,0.40675038,1,0.103935419,8,8
0.923076923,0.910179641,0.25823858,0.082486551,0.217419107,0.540252442,0.41097748,1,0.094853683,8,8
0.923076923,0.912175649,0.290526639,0.09623431,0.106577994,0.482940101,0.4483922,1,0.086781029,8,8
0.923076923,0.914171657,0.322814699,0.114166169,0.063946796,0.423397708,0.46641672,1,0.077699294,8,8
0.923076923,0.916167665,0.355102758,0.167961745,0,0.332857589,0.5038471,1,0.06962664,8,8
0.923076923,0.918163673,0.387464033,0.31858936,0.025578719,0.293385665,0.536059,1,0.060544904,8,8
0.923076923,0.920159681,0.409794777,0.396294082,0.055420557,0.264840997,0.5504132,1,0.051463169,8,8
0.923076923,0.922155689,0.421069972,0.448894202,0.085262395,0.246777575,0.5471709,1,0.043390515,8,8
0.923076923,0.924151697,0.42604863,0.468021518,0.102314874,0.235181303,0.5476114,1,0.034308779,8,8
0.923076923,0.926147705,0.422607499,0.477585176,0.255787185,0.240087418,0.5393114,1,0.025227043,8,8
0.923076923,0.928143713,0.40891619,0.478780634,0.447627574,0.256366799,0.5210192,1,0.01715439,8,8
0.923076923,0.930139721,0.419093152,0.460848775,0.588310526,0.310557067,0.47626165,1,0.008072654,8,8
0.923076923,0.932135729,0.486378246,0.4321578,0.694888519,0.357834173,0.4310165,1,0,8,8
0.076923077,0.123752495,0.466141467,0.383741781,0.401841668,0.38160653,0.35709417,0,1,1,9
0.076923077,0.125748503,0.475674132,0.298864316,0.528541587,0.462602025,0.34125274,0,0.977800202,1,9
0.076923077,0.127744511,0.456023078,0.243873282,0.642324253,0.54785692,0.32290822,0,0.955600404,1,9
0.076923077,0.129740519,0.410094961,0.263598326,0.373705077,0.629454529,0.32700068,0,0.932391524,2,9
0.076923077,0.131736527,0.387712966,0.312612074,0.267851814,0.583894563,0.34406358,0,0.910191726,2,9
0.076923077,0.133732535,0.377492074,0.361625822,0.362024129,0.412292048,0.36269397,0,0.887991927,1,9
0.076923077,0.135728543,0.368486561,0.335325762,0.359636782,0.36198207,0.34830788,0,0.865792129,2,9
0.076923077,0.137724551,0.35675743,0.332337119,0.283454832,0.415347219,0.34084696,0,0.842583249,1,9
0.076923077,0.139720559,0.341448057,0.374178123,0.277571727,0.451563267,0.33078754,0,0.820383451,1,9
0.076923077,0.141716567,0.325091702,0.377764495,0.210939165,0.461843807,0.30410013,0,0.798183653,1,9
0.076923077,0.143712575,0.33435347,0.403466826,0.18335678,0.515565764,0.30517069,0,0.775983855,1,9
0.076923077,0.145708583,0.359590871,0.377764495,0.21895383,0.614736185,0.30496132,0,0.753784057,3,9
0.076923077,0.147704591,0.386724556,0.175732218,0.243552031,0.668101334,0.32864612,0,0.730575177,3,9
0.076923077,0.149700599,0.404545222,0.121338912,0.422986742,0.514785246,0.2722844,0,0.708375378,1,9
0.076923077,0.151696607,0.421692304,0.094441124,0.476957838,1,0.3236187,0,0.68617558,3,9
0.076923077,0.153692615,0.426854001,0.133293485,0.408918447,0.545464682,0.32577604,0,0.663975782,3,9
0.076923077,0.155688623,0.428882072,0.208009564,0.43006352,0.596507535,0.30544344,0,0.640766902,3,9
0.076923077,0.157684631,0.41333841,0.328750747,0.690412244,0.601244369,0.311382,0,0.618567104,2,9
0.076923077,0.159680639,0.393687355,0.355050807,0.516818007,0.431894206,0.3445896,0,0.596367306,2,9
0.076923077,0.161676647,0.352298602,0.364614465,0.516818007,0.355849427,0.3612793,0,0.574167508,2,9
0.076923077,0.163672655,0.342407181,0.328750747,0.476915207,0.310445564,0.362332,0,0.551967709,2,9
0.076923077,0.165668663,0.340225357,0.312612074,0.455812764,0.294500691,0.35868302,0,0.528758829,2,9
0.076923077,0.167664671,0.369643367,0.306037059,0.460502196,0.32393738,0.360702,0,0.506559031,2,9
0.076923077,0.169660679,0.379337106,0.286312014,0.460502196,0.343561839,0.3584656,0,0.484359233,3,9
0.076923077,0.171656687,0.401316416,0.276748356,0.448821247,0.379153472,0.3518752,0,0.462159435,3,9
0.076923077,0.173652695,0.42002299,0.260609683,0.481647269,0.415949333,0.34948862,0,0.438950555,3,9
0.076923077,0.175648703,0.430580673,0.254034668,0.533231018,0.415949333,0.3511551,0,0.416750757,3,9
0.076923077,0.177644711,0.4111273,0.254034668,0.540265166,0.397551403,0.35660148,0,0.394550959,3,9
0.076923077,0.179640719,0.375266322,0.276748356,0.521507439,0.363208599,0.35746247,0,0.37235116,3,9
0.076923077,0.181636727,0.342333965,0.296473401,0.444089184,0.342335311,0.3634017,0,0.350151362,2,9
0.076923077,0.183632735,0.333182021,0.315600717,0.41829731,0.368092413,0.35673776,0,0.326942482,2,9
0.076923077,0.185628743,0.335261343,0.306037059,0.444131816,0.396324874,0.34432983,0,0.304742684,2,9
0.076923077,0.18762475,0.352789147,0.292887029,0.526196871,0.458922439,0.3376118,0,0.282542886,2,9
0.076923077,0.189620758,0.361670193,0.276748356,0.596538347,0.503077472,0.3320132,0,0.260343088,2,9
0.076923077,0.191616766,0.385208994,0.283323371,0.603572494,0.506757058,0.3312249,0,0.237134208,2,9
0.076923077,0.193612774,0.406683116,0.302450687,0.580125336,0.479773427,0.33796945,0,0.21493441,2,9
0.076923077,0.195608782,0.442434271,0.302450687,0.622372852,0.388988002,0.34000915,0,0.192734612,2,9
0.076923077,0.19760479,0.460672265,0.283323371,0.614145031,0.388341287,0.34503868,0,0.170534813,2,9
0.076923077,0.199600798,0.467788817,0.296473401,0.643475295,0.414745105,0.34676784,0,0.148335015,3,9
0.076923077,0.201596806,0.467759531,0.361625822,0.664577738,0.43804915,0.34572154,0,0.125126135,3,9
0.076923077,0.203592814,0.455935219,0.364614465,0.702135823,0.469961197,0.32676613,0,0.102926337,3,9
0.076923077,0.205588822,0.447852222,0.242080096,0.72554035,0.558293564,0.32283145,0,0.080726539,3,9
0.076923077,0.20758483,0.426641676,0.182307233,0.716204118,0.607377013,0.3035746,0,0.058526741,3,9
0.076923077,0.209580838,0.410014423,0.188882247,0.842861406,0.720239954,0.29759765,0,0.035317861,3,9
0.076923077,0.211576846,0.368772102,0.237895995,0.795924458,0.77177646,0.3247039,0,0.013118063,3,9
0,0.213572854,0.34588492,0.31440526,0.573901181,0.520614974,0.32606968,0,1,6,9
0,0.215568862,0.276513182,0.413628213,0.67373634,0.477298069,0.3702654,1,0.987891019,8,9
0,0.21756487,0.209557558,0.501494322,0.676301317,0.424557335,0.4559768,1,0.975782038,8,9
0,0.219560878,0.180564199,0.631799163,0.39979537,0.223183622,0.5119945,1,0.963673058,8,9
0,0.221556886,0.180820453,0.739390317,0.331500192,0.150929932,0.53066015,1,0.951564077,8,9
0,0.223552894,0.212742435,0.762104005,0.263503432,0.169327862,0.5305149,1,0.939455096,8,9
0,0.225548902,0.236456953,0.778242678,0.282261159,0.147250346,0.53159034,1,0.928355197,8,9
0,0.22754491,0.254533873,0.787806336,0.325062881,0.124860622,0.52848905,1,0.916246216,8,9
0,0.229540918,0.228359313,0.797967723,0.383126572,0.109205655,0.52263224,1,0.904137235,8,9
0,0.231536926,0.189533104,0.78182905,0.437055037,0.100619955,0.5109538,1,0.892028254,8,9
0,0.233532934,0.180608128,0.716676629,0.507396513,0.083448553,0.4904364,1,0.879919273,6,9
0,0.235528942,0.191751536,0.554094441,0.559065524,0.103073012,0.46223983,1,0.867810293,6,9
0,0.23752495,0.22613356,0.436341901,0.631751716,0.170576691,0.4262862,1,0.855701312,6,9
0,0.239520958,0.253047597,0.396891811,0.66926717,0.212278667,0.41109806,1,0.843592331,6,9
0,0.241516966,0.286426568,0.367603108,0.695101675,0.267494759,0.39822328,1,0.83148335,5,9
0,0.243512974,0.297562654,0.355050807,0.793579742,0.267494759,0.3982025,1,0.819374369,5,9
0,0.245508982,0.327354063,0.351464435,0.737221299,0.314147451,0.39638716,1,0.80827447,5,9
0,0.24750499,0.363734872,0.355050807,0.695059044,0.346014897,0.39309388,1,0.796165489,5,9
0,0.249500998,0.380303552,0.380753138,0.685680181,0.350921012,0.39365643,1,0.784056509,5,9
0,0.251497006,0.406661151,0.465630604,0.676301317,0.350921012,0.39982417,1,0.771947528,5,9
0,0.253493014,0.473887673,0.546921698,0.570746472,0.290798805,0.41056788,1,0.759838547,6,9
0,0.255489022,0.5154375,0.586371787,0.577823251,0.193880737,0.42769498,1,0.747729566,6,9
0,0.25748503,0.562449207,0.690376569,0.507439144,0.119017885,0.47807655,1,0.735620585,6,9
0,0.259481038,0.621761127,0.661685595,0.436756618,0.142522635,0.49834856,1,0.723511604,6,9
0,0.261477046,0.779621183,0.598924088,0.519162723,0.258909058,0.44928837,1,0.711402624,5,9
0,0.263473054,0.903450649,0.514644351,0.558809737,0.319165068,0.4223047,1,0.699293643,5,9
0,0.265469062,0.853114956,0.449491931,0.634608006,0.333482003,0.3946553,1,0.687184662,5,9
0,0.26746507,0.780001904,0.468619247,0.724261415,0.347955042,0.378968,1,0.676084763,5,9
0,0.269461078,0.525834108,0.517632995,0.718506203,0.336202667,0.38257378,1,0.663975782,8,9
0,0.271457086,0.365887409,0.595935445,0.575478535,0.347241425,0.4061705,1,0.651866801,8,9
0,0.273453094,0.244144586,0.625224148,0.417998892,0.336358771,0.44518214,1,0.63975782,8,9
0,0.275449102,0.156871646,0.631799163,0.244745705,0.348490255,0.4428256,1,0.62764884,8,9
0,0.27744511,0.124737339,0.592349074,0.20718762,0.346014897,0.5002728,1,0.615539859,8,9
0,0.279441118,0.113286427,0.543933054,0.155603871,0.319031265,0.51130486,1,0.603430878,8,9
0,0.281437126,0.112488377,0.533771668,0.150914439,0.289594577,0.51398635,1,0.591321897,8,9
0,0.283433134,0.134548223,0.634787806,0.148527092,0.256456001,0.516708,1,0.579212916,8,9
0,0.285429142,0.152691038,0.667662881,0.157948587,0.224543954,0.4848774,1,0.567103935,6,9
0,0.28742515,0.173857654,0.735803945,0.250586179,0.192052094,0.5015429,1,0.556004036,6,9
0,0.289421158,0.191143847,0.74237896,0.336189624,0.170554391,0.49799657,1,0.543895055,6,9
0,0.291417166,0.215092654,0.622235505,0.42720723,0.188729316,0.46562904,1,0.531786075,6,9
0,0.293413174,0.248420374,0.569037657,0.455812764,0.206146024,0.45155782,1,0.519677094,6,9
0,0.295409182,0.275868886,0.509264794,0.479302554,0.284666161,0.40627313,1,0.507568113,4,9
0,0.29740519,0.293162399,0.431560072,0.482798312,0.350318897,0.3893841,1,0.495459132,4,9
0,0.299401198,0.314219193,0.37118948,0.516818007,0.392645288,0.37874746,1,0.483350151,4,9
0,0.301397206,0.33115395,0.35803945,0.605959841,0.461353196,0.36921996,1,0.471241171,4,9
0,0.303393214,0.338365682,0.355050807,0.629407,0.471165425,0.36870742,1,0.45913219,4,9
0,0.305389222,0.344610969,0.355050807,0.68103338,0.478546898,0.36746466,1,0.447023209,4,9
0,0.30738523,0.351507874,0.364614465,0.669309801,0.506757058,0.3656797,1,0.434914228,4,9
0,0.309381238,0.362746462,0.374178123,0.634096432,0.532536461,0.364107,1,0.423814329,4,9
0,0.311377246,0.371649473,0.403466826,0.683335465,0.465032782,0.36819446,1,0.411705348,4,9
0,0.313373253,0.381248032,0.386132696,0.736155519,0.452165381,0.3693558,1,0.399596367,4,9
0,0.315369261,0.390648909,0.364016736,0.713859402,0.461375496,0.3697065,1,0.387487386,4,9
0,0.317365269,0.393313956,0.347280335,0.680990749,0.458900138,0.36809206,1,0.375378406,4,9
0,0.319361277,0.395320062,0.328750747,0.689900669,0.419896526,0.37390316,1,0.363269425,4,9
0,0.321357285,0.386497588,0.315600717,0.673274502,0.377079524,0.3833645,1,0.351160444,4,9
0,0.323353293,0.375046675,0.364614465,0.624717568,0.390214531,0.38786346,1,0.339051463,4,9
0,0.325349301,0.346192425,0.439330544,0.536684145,0.409236876,0.38442254,1,0.326942482,4,9
0,0.327345309,0.33665976,0.413628213,0.479259922,0.431916507,0.37839535,1,0.314833502,4,9
0,0.329341317,0.310368055,0.399880454,0.568401756,0.373020829,0.3800754,1,0.303733602,4,9
0,0.331337325,0.300725566,0.456066946,0.591891546,0.346014897,0.38156205,1,0.291624622,4,9
0,0.333333333,0.29622281,0.445905559,0.603615126,0.303086392,0.38902444,1,0.279515641,4,9
0,0.335329341,0.292357028,0.465630604,0.53327365,0.317804737,0.39195204,1,0.26740666,4,9
0,0.337325349,0.288762145,0.485355649,0.467536343,0.332523081,0.3890447,1,0.255297679,4,9
0,0.339321357,0.280540038,0.494919307,0.443066036,0.354065385,0.38879028,1,0.243188698,4,9
0,0.341317365,0.274887797,0.49790795,0.498060281,0.33377191,0.3884062,1,0.231079717,4,9
0,0.343313373,0.279712702,0.501494322,0.490983502,0.325163909,0.38752183,1,0.218970737,4,9
0,0.345309381,0.286917113,0.420203228,0.380739225,0.368114714,0.37520286,1,0.206861756,4,9
0,0.347305389,0.332193611,0.400478183,0.442724986,0.425070247,0.3666733,1,0.194752775,4,9
0,0.349301397,0.356215634,0.377764495,0.556720808,0.433143036,0.36237735,1,0.182643794,4,9
0,0.351297405,0.38076481,0.351464435,0.689772776,0.461665403,0.35842845,1,0.171543895,4,9
0,0.353293413,0.386673305,0.348475792,0.72515667,0.415458722,0.3645594,1,0.159434914,4,9
0,0.355289421,0.377133318,0.416616856,0.720936181,0.376722715,0.37126082,1,0.147325933,4,9
0,0.357285429,0.370280342,0.472205619,0.713816771,0.33374961,0.38192022,1,0.135216953,4,9
0,0.359281437,0.388811199,0.514644351,0.605959841,0.309219036,0.39327103,1,0.123107972,4,9
0,0.361277445,0.417570269,0.537358039,0.615338705,0.245394942,0.41093817,1,0.110998991,4,9
0,0.363273453,0.439124928,0.573221757,0.542609882,0.224566255,0.43435222,1,0.09889001,5,9
0,0.365269461,0.458014541,0.628212791,0.469881059,0.196333794,0.45457947,1,0.086781029,5,9
0,0.367265469,0.442295161,0.654512851,0.445282858,0.139266759,0.4968889,1,0.074672048,6,9
0,0.369261477,0.444271981,0.670651524,0.336189624,0.136211587,0.49484852,1,0.062563068,6,9
0,0.371257485,0.46879187,0.670651524,0.324466044,0.132532001,0.5136993,1,0.051463169,8,9
0,0.373253493,0.481070119,0.670651524,0.338065396,0.154364212,0.5107916,1,0.039354188,8,9
0,0.375249501,0.47406339,0.657501494,0.282815364,0.228535748,0.50490546,1,0.027245207,8,9
0,0.377245509,0.477233624,0.628212791,0.335038581,0.255853887,0.48009592,1,0.015136226,8,9
0,0.379241517,0.484123207,0.514644351,0.394850151,0.252754114,0.4456808,1,0.003027245,8,9
0.230769231,0.381237525,0.529612031,0.396294082,0.511062796,0.365104143,0.3858926,0,1,3,9
0.230769231,0.383233533,0.538954335,0.361625822,0.676301317,0.534989519,0.36302233,0,0.959636731,3,9
0.230769231,0.385229541,0.528140398,0.257023311,0.80027284,0.695910084,0.33448595,0,0.919273461,3,9
0.230769231,0.387225549,0.508906672,0.257023311,0.739651277,0.83805361,0.30016458,0,0.878910192,3,9
0.230769231,0.389221557,0.489775448,0.286312014,0.772988873,0.827973775,0.29444462,0,0.838546922,3,9
0.230769231,0.391217565,0.450092618,0.328750747,0.718165153,0.775166139,0.29620266,0,0.798183653,3,9
0.230769231,0.393213573,0.426121845,0.303646145,0.64790894,0.714241113,0.30658853,0,0.757820383,3,9
0.230769231,0.395209581,0.376964922,0.279736999,0.505094428,0.614736185,0.3191584,0,0.717457114,3,9
0.230769231,0.397205589,0.365133289,0.322175732,0.662531441,0.544957852,0.31904233,0,0.677093845,2,9
0.230769231,0.399201597,0.345467591,0.366407651,0.849895554,0.468712368,0.35528794,0,0.636730575,2,9
0.230769231,0.401197605,0.303515079,0.414225941,0.554376092,0.552160921,0.34173074,0,0.596367306,2,9
0.230769231,0.403193613,0.27085362,0.454871488,0.486507226,0.437937648,0.35839725,0,0.556004036,2,9
0.230769231,0.405189621,0.252132403,0.501494322,0.391311762,0.295102805,0.3873728,0,0.515640767,2,9
0.230769231,0.407185629,0.258348404,0.49790795,0.319776613,0.282213104,0.3976701,0,0.475277497,2,9
0.230769231,0.409181637,0.251114707,0.468619247,0.345568487,0.244190714,0.41137248,0,0.434914228,2,9
0.230769231,0.411177645,0.250353265,0.452480574,0.41757258,0.207773962,0.41925514,0,0.394550959,2,9
0.230769231,0.413173653,0.26299027,0.442916916,0.505051797,0.202466438,0.40573904,0,0.354187689,2,9
0.230769231,0.415169661,0.281594342,0.442916916,0.446476532,0.272400874,0.39725357,0,0.31382442,2,9
0.230769231,0.417165669,0.289984844,0.468619247,0.540009379,0.27989385,0.3916112,0,0.27346115,2,9
0.230769231,0.419161677,0.289640731,0.439330544,0.605277742,0.275188439,0.38662088,0,0.233097881,2,9
0.230769231,0.421157685,0.289377155,0.399282726,0.676301317,0.299406806,0.38825268,0,0.192734612,2,9
0.230769231,0.423153693,0.28850589,0.34488942,0.664194057,0.379376477,0.38331676,0,0.152371342,2,9
0.230769231,0.425149701,0.263575994,0.37118948,0.619346037,0.417554971,0.38093728,0,0.112008073,2,9
0.230769231,0.427145709,0.245074424,0.398087268,0.526196871,0.422081977,0.3775148,0,0.071644803,2,9
0.230769231,0.429141717,0.19412372,0.445905559,0.500404996,0.354622898,0.38265535,0,0.031281534,2,9
0.153846154,0.431137725,0.148693468,0.488344292,0.530928934,0.316578208,0.40778047,1,1,5,9
0.153846154,0.433133733,0.098321167,0.514644351,0.573091188,0.262588645,0.42145348,1,0.972754793,8,9
0.153846154,0.435129741,0.042011085,0.540346683,0.468346336,0.256054592,0.47221982,1,0.945509586,8,9
0.153846154,0.437125749,0.027016539,0.566646742,0.310397749,0.233151956,0.51228404,1,0.918264379,8,9
0.153846154,0.439121756,0.024446673,0.595935445,0.254124568,0.230698898,0.51474,1,0.891019173,8,9
0.153846154,0.441117764,0.034579706,0.732815302,0.209532336,0.224543954,0.51060885,1,0.863773966,8,9
0.153846154,0.443113772,0.039975692,0.778242678,0.169672166,0.240488827,0.5064588,1,0.836528759,8,9
0.153846154,0.44510978,0.045759721,0.696951584,0.145798695,0.275054636,0.51593214,1,0.809283552,8,9
0.153846154,0.447105788,0.048864061,0.533173939,0.205610266,0.358213282,0.48363248,1,0.782038345,8,9
0.153846154,0.449101796,0.051785361,0.325762104,0.197808756,0.441728736,0.436757,1,0.754793138,8,9
0.153846154,0.451097804,0.061266776,0.325762104,0.194270367,0.470563311,0.4169061,1,0.727547931,8,9
0.153846154,0.453093812,0.068581009,0.364614465,0.340879055,0.408590161,0.42158973,1,0.700302725,8,9
0.153846154,0.45508982,0.07536077,0.477585176,0.265805516,0.322710851,0.49566546,1,0.673057518,8,9
0.153846154,0.457085828,0.10252374,0.560071727,0.217760157,0.243566299,0.5175599,1,0.645812311,8,9
0.153846154,0.459081836,0.121376745,0.543933054,0.289295306,0.173007448,0.5265522,1,0.618567104,8,9
0.153846154,0.461077844,0.148649539,0.51105798,0.369058277,0.121470942,0.49101564,1,0.591321897,5,9
0.153846154,0.463073852,0.158965611,0.504482965,0.385428657,0.134985059,0.47474548,1,0.56407669,5,9
0.153846154,0.46506986,0.158065059,0.604303646,0.36667093,0.157062575,0.46669137,1,0.536831483,5,9
0.153846154,0.467065868,0.141445129,0.66826061,0.320970286,0.156438161,0.50471073,1,0.509586276,6,9
0.153846154,0.469061876,0.12389536,0.719665272,0.265848148,0.146023817,0.50517464,1,0.481331988,6,9
0.153846154,0.471057884,0.121977113,0.751942618,0.216609115,0.154609518,0.5007955,1,0.454086781,6,9
0.153846154,0.473053892,0.127460958,0.703526599,0.216609115,0.154609518,0.49339652,1,0.426841574,6,9
0.153846154,0.4750499,0.131077806,0.703526599,0.317431897,0.14357076,0.4873872,1,0.399596367,6,9
0.153846154,0.477045908,0.123089989,0.745965332,0.32216396,0.154609518,0.49262372,1,0.37235116,6,9
0.153846154,0.479041916,0.109047246,0.713090257,0.364368845,0.187748093,0.47249624,1,0.345105954,6,9
0.153846154,0.481037924,0.106777564,0.659892409,0.399539583,0.235582713,0.45798665,1,0.317860747,8,9
0.153846154,0.483033932,0.108937423,0.583980873,0.392505435,0.30553945,0.432627,1,0.29061554,8,9
0.153846154,0.48502994,0.130126004,0.475194262,0.415952594,0.366865885,0.4123842,1,0.263370333,8,9
0.153846154,0.487025948,0.188434871,0.396891811,0.403035341,0.389590116,0.41099977,1,0.236125126,8,9
0.153846154,0.489021956,0.22576016,0.444710102,0.415995225,0.379153472,0.41590512,1,0.208879919,8,9
0.153846154,0.491017964,0.273482059,0.507471608,0.401884299,0.344788368,0.45042557,1,0.181634712,8,9
0.153846154,0.493013972,0.32752978,0.546921698,0.347913203,0.289572276,0.49747428,1,0.154389506,8,9
0.153846154,0.49500998,0.451117635,0.579796772,0.352602635,0.240511128,0.51343215,1,0.127144299,8,9
0.153846154,0.497005988,0.518549161,0.543933054,0.339685382,0.231301012,0.49517167,1,0.099899092,8,9
0.153846154,0.499001996,0.52382068,0.504482965,0.40832161,0.294188484,0.44426286,1,0.072653885,8,9
0.153846154,0.500998004,0.524369797,0.413628213,0.4417871,0.375473886,0.39863884,1,0.045408678,8,9
0.153846154,0.502994012,0.494344098,0.348475792,0.453510679,0.499397886,0.3685031,1,0.018163471,8,9
0.384615385,0.50499002,0.469406881,0.26658697,0.636441148,0.585277195,0.35973382,0,1,3,9
0.384615385,0.506986028,0.448364731,0.221159594,0.860468091,0.692654208,0.34602156,0,0.928355197,3,9
0.384615385,0.508982036,0.442265875,0.106993425,0.943726819,0.760737701,0.32434452,0,0.855701312,3,9
0.384615385,0.510978044,0.468499008,0.176329946,0.798269173,0.880982115,0.29894498,0,0.784056509,3,9
0.384615385,0.512974052,0.457113989,0.219366408,0.817154794,0.800053521,0.30460846,0,0.711402624,3,9
0.384615385,0.51497006,0.429592263,0.256425583,0.614017138,0.828754293,0.29959992,0,0.63975782,3,9
0.384615385,0.516966068,0.403659313,0.299462044,0.60127041,0.734980599,0.30827764,0,0.567103935,3,9
0.384615385,0.518962076,0.368881925,0.348475792,0.636441148,0.501873244,0.3278747,0,0.495459132,3,9
0.384615385,0.520958084,0.344610969,0.449491931,0.596580978,0.434369564,0.35327306,0,0.423814329,3,9
0.384615385,0.522954092,0.32908195,0.468619247,0.4464339,0.343561839,0.37584993,0,0.351160444,3,9
0.384615385,0.5249501,0.309050175,0.390316796,0.499680266,0.34443156,0.38410437,0,0.279515641,3,9
0.384615385,0.526946108,0.301662725,0.364614465,0.564905998,0.358926899,0.3839314,0,0.206861756,2,9
0.384615385,0.528942116,0.281242907,0.380753138,0.68103338,0.368114714,0.38862312,0,0.135216953,2,9
0.384615385,0.530938124,0.247827328,0.475194262,0.607409302,0.418893002,0.38810474,0,0.062563068,2,9
0.307692308,0.532934132,0.216359283,0.549312612,0.432408236,0.385286116,0.40618426,1,1,5,9
0.307692308,0.53493014,0.188273797,0.612074118,0.498060281,0.157062575,0.5184746,1,0.954591322,5,9
0.307692308,0.536926148,0.136642188,0.686790197,0.412414205,0.075464966,0.5408248,1,0.908173562,5,9
0.307692308,0.538922156,0.103731797,0.749551704,0.4417871,0.039271219,0.5542089,1,0.862764884,8,9
0.307692308,0.540918164,0.074818975,0.837417812,0.352602635,0.051536506,0.5419914,1,0.816347124,8,9
0.307692308,0.542914172,0.063646281,0.96054991,0.319776613,0.046630391,0.5486044,1,0.770938446,8,9
0.307692308,0.54491018,0.067555992,1,0.359636782,0.013514116,0.55333143,1,0.724520686,8,9
0.307692308,0.546906188,0.07908012,0.996413628,0.39016072,0,0.55953777,1,0.679112008,8,9
0.307692308,0.548902196,0.089315654,0.977286312,0.425331458,0.013491816,0.5448446,1,0.632694248,8,9
0.307692308,0.550898204,0.145684309,0.89539749,0.303747282,0.101668079,0.53815,1,0.58728557,8,9
0.307692308,0.552894212,0.168556848,0.830842797,0.247090421,0.14357076,0.5364205,1,0.54086781,8,9
0.307692308,0.55489022,0.198311649,0.744769874,0.305750949,0.203692966,0.5185735,1,0.495459132,8,9
0.307692308,0.556886228,0.202214038,0.674237896,0.346762161,0.22394184,0.5107985,1,0.450050454,8,9
0.307692308,0.558882236,0.170548311,0.644949193,0.451123332,0.213505196,0.45327023,1,0.403632694,8,9
0.307692308,0.560878244,0.169501329,0.506276151,0.481604638,0.214731725,0.4215833,1,0.358224016,8,9
0.307692308,0.562874251,0.185528214,0.429766886,0.502707081,0.208599081,0.4134183,1,0.311806256,8,9
0.307692308,0.564870259,0.200317756,0.480573819,0.512128576,0.169327862,0.42307752,1,0.266397578,8,9
0.307692308,0.566866267,0.223197616,0.504482965,0.485143028,0.14785246,0.44373432,1,0.219979818,5,9
0.307692308,0.568862275,0.245960332,0.582785415,0.385471288,0.17180322,0.453687,1,0.17457114,5,9
0.307692308,0.570858283,0.284178851,0.631799163,0.4417871,0.134985059,0.5037968,1,0.12815338,5,9
0.307692308,0.572854291,0.299422329,0.670651524,0.472268406,0.14357076,0.5056001,1,0.082744702,6,9
0.307692308,0.574850299,0.320537695,0.514046623,0.554077674,0.213349092,0.43876576,1,0.036326942,6,9
0.307692308,0.576846307,0.375229714,0.417214585,0.665472993,0.276526471,0.40359348,1,0.001009082,5,9
0.538461538,0.578842315,0.375229714,0.417214585,0.665472993,0.276526471,0.39954332,0,1,3,9
0.538461538,0.580838323,0.45226712,0.328750747,0.788037686,0.382877659,0.38874632,0,0.954591322,3,9
0.538461538,0.582834331,0.466178075,0.201434549,0.890778872,0.551469604,0.3757785,0,0.908173562,3,9
0.538461538,0.584830339,0.465153057,0.201434549,0.821716332,0.623321886,0.35837692,0,0.862764884,2,9
0.538461538,0.586826347,0.448086511,0.270173341,0.692032229,0.602091789,0.34516776,0,0.816347124,2,9
0.538461538,0.588822355,0.433926623,0.332337119,0.555527135,0.545403862,0.34557545,0,0.770938446,2,9
0.538461538,0.590818363,0.418148672,0.380753138,0.604425118,0.35172383,0.37002257,0,0.724520686,2,9
0.538461538,0.592814371,0.400628189,0.413628213,0.648505777,0.304134517,0.3814632,0,0.679112008,2,9
0.538461538,0.594810379,0.381980188,0.379557681,0.699748476,0.301859864,0.38857728,0,0.632694248,2,9
0.538461538,0.596806387,0.380171764,0.374178123,0.630941723,0.335399848,0.3902418,0,0.58728557,2,9
0.538461538,0.598802395,0.373179678,0.37118948,0.528541587,0.348467954,0.39139295,0,0.54086781,2,9
0.538461538,0.600798403,0.374438986,0.367603108,0.507439144,0.353396369,0.38796496,0,0.495459132,2,9
0.538461538,0.602794411,0.393848429,0.364614465,0.568018076,0.343784845,0.3878146,0,0.450050454,2,9
0.538461538,0.604790419,0.406924727,0.355050807,0.608304557,0.349694483,0.3858473,0,0.403632694,2,9
0.538461538,0.606786427,0.416933293,0.341900777,0.636441148,0.369318942,0.38239574,0,0.358224016,2,9
0.538461538,0.608782435,0.397582422,0.319187089,0.612993989,0.395098345,0.37733835,0,0.311806256,2,9
0.538461538,0.610778443,0.383978972,0.355050807,0.605959841,0.412292048,0.37770015,0,0.266397578,2,9
0.538461538,0.612774451,0.371371254,0.396891811,0.603615126,0.425783863,0.38513464,0,0.219979818,3,9
0.538461538,0.614770459,0.371144286,0.333532576,0.652299953,0.465969404,0.38071036,0,0.17457114,3,9
0.538461538,0.616766467,0.358155847,0.237895995,0.683335465,0.59018331,0.36226872,0,0.12815338,3,9
0.538461538,0.618762475,0.31801908,0.234309623,0.731423456,0.631305473,0.3542251,0,0.082744702,2,9
0.538461538,0.620758483,0.219771128,0.443514644,0.704480539,0.640493288,0.34814525,0,0.036326942,2,9
0.461538462,0.622754491,0.108505451,0.53257621,0.629492262,0.68462602,0.3609878,1,1,8,9
0.461538462,0.624750499,0.061391242,0.595935445,0.547341945,0.442955265,0.39366603,1,0.928355197,8,9
0.461538462,0.626746507,0.043080032,0.462044232,0.664577738,0.401253289,0.43350834,1,0.855701312,8,9
0.461538462,0.628742515,0.046125799,0.378362224,0.698853221,0.44915481,0.44253123,1,0.784056509,7,9
0.461538462,0.630738523,0.067680458,0.257023311,0.826874707,0.559297088,0.39420176,1,0.711402624,7,9
0.461538462,0.632734531,0.073771992,0.169157203,0.899177218,0.631907587,0.37703043,1,0.63975782,7,9
0.461538462,0.634730539,0.082513929,0.165570831,0.712777636,0.603697427,0.37579703,1,0.567103935,7,9
0.461538462,0.636726547,0.102311415,0.198445906,0.642796475,0.574260738,0.37416646,1,0.495459132,7,9
0.461538462,0.638722555,0.115475572,0.299462044,0.890949397,0.514718344,0.3738948,1,0.423814329,7,9
0.461538462,0.640718563,0.128324901,0.214584579,0.814682184,0.484679542,0.3796112,1,0.351160444,7,9
0.461538462,0.642714571,0.159360975,0.227734608,0.789401884,0.448842603,0.38636523,1,0.279515641,7,9
0.461538462,0.644710579,0.180249372,0.273161984,0.706825255,0.388965702,0.39680073,1,0.206861756,7,9
0.461538462,0.646706587,0.22707804,0.296473401,0.610649273,0.338655725,0.40397245,1,0.135216953,7,9
0.461538462,0.648702595,0.258948771,0.338314405,0.557871851,0.268096873,0.4534696,1,0.062563068,7,9
0.692307692,0.650698603,0.322148437,0.341900777,0.505094428,0.261362116,0.40865088,0,1,3,9
0.692307692,0.652694611,0.353023436,0.335325762,0.493370849,0.267494759,0.39188063,0,0.943491423,2,9
0.692307692,0.654690619,0.379586039,0.400478183,0.476957838,0.283439632,0.39218882,0,0.887991927,2,9
0.692307692,0.656686627,0.402114465,0.420203228,0.502749712,0.33377191,0.38170254,0,0.83148335,2,9
0.692307692,0.658682635,0.418522071,0.374178123,0.568401756,0.385286116,0.37446138,0,0.775983855,2,9
0.692307692,0.660678643,0.418595286,0.312612074,0.659888306,0.398800232,0.37029195,0,0.719475277,2,9
0.692307692,0.662674651,0.391337136,0.289898386,0.779511446,0.385286116,0.37267232,0,0.663975782,2,9
0.692307692,0.664670659,0.358939253,0.273161984,0.795498146,0.403907051,0.37681088,0,0.607467205,2,9
0.692307692,0.666666667,0.339119803,0.276748356,0.637208509,0.33716159,0.37752682,0,0.551967709,2,9
0.692307692,0.668662675,0.32875248,0.325762104,0.55608134,0.310780072,0.38129172,0,0.495459132,2,9
0.692307692,0.670658683,0.33148342,0.351464435,0.577482201,0.328665091,0.3835066,0,0.438950555,2,9
0.692307692,0.672654691,0.352056991,0.407053198,0.611032954,0.360933946,0.38762325,0,0.38345106,2,9
0.692307692,0.674650699,0.3847697,0.416616856,0.621136548,0.405512689,0.38422126,0,0.326942482,2,9
0.692307692,0.676646707,0.402378041,0.351464435,0.621903909,0.454975246,0.3763977,0,0.271442987,2,9
0.692307692,0.678642715,0.408169392,0.240884638,0.690412244,0.527608046,0.3738073,0,0.21493441,2,9
0.692307692,0.680638723,0.389667821,0.172145846,0.875687428,0.644195174,0.36281323,0,0.159434914,2,9
0.692307692,0.682634731,0.341806813,0.267782427,1,0.618415771,0.36130744,0,0.102926337,3,9
0.692307692,0.684630739,0.25287188,0.374178123,0.766679456,0.520226573,0.3522839,0,0.047426842,3,9
0.615384615,0.686626747,0.156813073,0.485355649,0.488681417,0.402457518,0.38073903,1,1,5,9
0.615384615,0.688622754,0.101169252,0.754931261,0.420642026,0.084675081,0.5228886,1,0.908173562,8,9
0.615384615,0.690618762,0.094067344,0.905558876,0.404229015,0.022077517,0.5697241,1,0.816347124,8,9
0.615384615,0.69261477,0.116185763,0.905558876,0.361469924,0.077137505,0.57456374,1,0.724520686,8,9
0.615384615,0.694610778,0.125081452,0.778242678,0.414162084,0.088644574,0.55835176,1,0.632694248,8,9
0.615384615,0.696606786,0.139768492,0.708308428,0.453851729,0.106953303,0.55986226,1,0.54086781,8,9
0.615384615,0.698602794,0.159778303,0.61147639,0.441744469,0.161990991,0.51499,1,0.450050454,5,9
0.615384615,0.700598802,0.185806433,0.531380753,0.519162723,0.227019312,0.41500908,1,0.358224016,5,9
0.615384615,0.70259481,0.21841664,0.47579199,0.486336701,0.298157977,0.4007526,1,0.266397578,5,9
0.615384615,0.704590818,0.272588829,0.405260012,0.460544827,0.358302484,0.39217338,1,0.17457114,5,9
0.615384615,0.706586826,0.30992144,0.322175732,0.504838641,0.445519825,0.36666846,1,0.082744702,5,9
0.846153846,0.708582834,0.353111295,0.260011955,0.406573731,0.548481334,0.34652334,0,1,3,9
0.846153846,0.710578842,0.353111295,0.260011955,0.406573731,0.548481334,0.36282784,0,1,3,9
0.846153846,0.71257485,0.41235,0.195457262,0.516818007,0.768096873,0.31362456,0,0.873864783,3,9
0.846153846,0.714570858,0.433714298,0.156007173,0.643475295,0.893269703,0.2967141,0,0.747729566,3,9
0.846153846,0.716566866,0.438517239,0.151225344,0.659888306,0.916573748,0.29073486,0,0.621594349,3,9
0.846153846,0.718562874,0.400320684,0.146443515,0.662233022,0.89572276,0.28925705,0,0.495459132,3,9
0.846153846,0.720558882,0.361662872,0.15301853,0.580167967,0.887137059,0.28997767,0,0.369323915,3,9
0.846153846,0.72255489,0.316723165,0.169157203,0.603615126,0.825766023,0.29257208,0,0.243188698,3,9
0.846153846,0.724550898,0.280613253,0.268977884,0.620028137,0.763213059,0.29428852,0,0.117053481,3,9
0.769230769,0.726546906,0.191363493,0.372384937,0.587159483,0.63804023,0.34777305,1,1,8,9
0.769230769,0.728542914,0.133018018,0.45427376,0.612951358,0.494491771,0.3666476,1,0.978809284,8,9
0.769230769,0.730538922,0.085654877,0.506276151,0.453510679,0.396324874,0.50819874,1,0.956609485,8,9
0.769230769,0.73253493,0.078479752,0.560071727,0.359636782,0.386512644,0.5215038,1,0.935418769,8,9
0.769230769,0.734530938,0.099207076,0.579796772,0.427761436,0.392712189,0.5062707,1,0.914228052,8,9
0.769230769,0.736526946,0.119978328,0.520621638,0.472268406,0.403684046,0.48840523,1,0.893037336,8,9
0.769230769,0.738522954,0.137227913,0.46742379,0.440422901,0.480286339,0.4371401,1,0.870837538,7,9
0.769230769,0.740518962,0.165957696,0.400478183,0.559022893,0.525154989,0.40557808,1,0.849646821,7,9
0.769230769,0.74251497,0.163563547,0.31022116,0.683335465,0.580371081,0.37763178,1,0.828456105,7,9
0.769230769,0.744510978,0.141174231,0.276748356,0.628554376,0.583604656,0.37730908,1,0.807265388,8,9
0.769230769,0.746506986,0.127380421,0.335325762,0.523852155,0.573034209,0.38720632,1,0.78506559,8,9
0.769230769,0.748502994,0.126970414,0.289898386,0.443833397,0.644061371,0.3902961,1,0.763874874,8,9
0.769230769,0.750499002,0.131495135,0.233114166,0.450142815,0.681704652,0.39201435,1,0.742684157,8,9
0.769230769,0.75249501,0.143451235,0.157800359,0.469881059,0.775478346,0.38004005,1,0.720484359,8,9
0.769230769,0.754491018,0.163753908,0.051404662,0.521507439,0.863810713,0.36582303,1,0.699293643,8,9
0.769230769,0.756487026,0.188361656,0,0.553480837,0.844632264,0.36136216,1,0.678102926,8,9
0.769230769,0.758483034,0.220832754,0.052002391,0.568444388,0.80982115,0.35881817,1,0.65691221,8,9
0.769230769,0.760479042,0.238506988,0.084279737,0.544997229,0.66926907,0.37113008,1,0.634712412,7,9
0.769230769,0.76247505,0.263129379,0.097429767,0.437097668,0.686449318,0.36834437,1,0.613521695,7,9
0.769230769,0.764471058,0.28492565,0.090854752,0.467578974,0.701112439,0.3623625,1,0.592330979,7,9
0.769230769,0.766467066,0.319051419,0.054991034,0.582470052,0.712088926,0.36078906,1,0.570131181,7,9
0.769230769,0.768463074,0.346155817,0.019127316,0.568401756,0.738842825,0.35701567,1,0.548940464,7,9
0.769230769,0.770459082,0.390421941,0.06096832,0.627062284,0.748320971,0.34286642,1,0.527749748,6,9
0.769230769,0.77245509,0.414253604,0.11356844,0.547341945,0.754982602,0.33677095,1,0.506559031,6,9
0.769230769,0.774451098,0.423134651,0.157800359,0.474570491,0.740613285,0.33517575,1,0.484359233,6,9
0.769230769,0.776447106,0.429526369,0.185295876,0.366713561,0.684670621,0.36841974,1,0.463168517,7,9
0.769230769,0.778443114,0.428845464,0.198445906,0.397194867,0.651554346,0.375018,1,0.4419778,7,9
0.769230769,0.780439122,0.431818015,0.201434549,0.333887539,0.576691495,0.4009344,1,0.420787084,7,9
0.769230769,0.78243513,0.423786269,0.191870891,0.366713561,0.530083404,0.42026168,1,0.398587286,7,9
0.769230769,0.784431138,0.420367103,0.234309623,0.376049793,0.498171357,0.42741138,1,0.377396569,7,9
0.769230769,0.786427146,0.420176742,0.26658697,0.406573731,0.45767361,0.44141465,1,0.356205853,7,9
0.769230769,0.788423154,0.422819824,0.306037059,0.428443535,0.436421212,0.44935,1,0.334006054,7,9
0.769230769,0.790419162,0.432008376,0.279736999,0.43539242,0.40896927,0.45926708,1,0.312815338,7,9
0.769230769,0.79241517,0.510539379,0.372384937,0.493370849,0.34358414,0.43322986,1,0.291624622,5,9
0.769230769,0.794411178,0.56170973,0.436341901,0.427676173,0.247848,0.44084477,1,0.270433905,5,9
0.769230769,0.796407186,0.737961533,0.481769277,0.41829731,0.193880737,0.4657268,1,0.248234107,5,9
0.769230769,0.798403194,0.814808578,0.514644351,0.474613122,0.134985059,0.47815165,1,0.227043391,5,9
0.769230769,0.800399202,0.926140149,0.51105798,0.487487744,0.136813701,0.46528387,1,0.205852674,5,9
0.769230769,0.80239521,1,0.481769277,0.430020889,0.195107266,0.44083467,1,0.183652876,5,9
0.769230769,0.804391218,0.951838809,0.37118948,0.716204118,0.258909058,0.4140957,1,0.141271443,5,9
0.769230769,0.806387226,0.845302856,0.416616856,0.699748476,0.314125151,0.409203,1,0.120080727,5,9
0.769230769,0.808383234,0.651113242,0.442916916,0.634096432,0.32393738,0.4141002,1,0.097880928,5,9
0.769230769,0.810379242,0.540916512,0.465630604,0.516818007,0.301837563,0.4170485,1,0.076690212,5,9
0.769230769,0.81237525,0.464970018,0.478780634,0.487658268,0.304825833,0.43206358,1,0.055499495,5,9
0.769230769,0.814371257,0.442434271,0.424985057,0.490898239,0.335020739,0.44476938,1,0.034308779,6,9
0.769230769,0.816367265,0.419488516,0.343693963,0.494180842,0.365237947,0.44164896,1,0.012108981,6,9
1,0.818363273,0.418441534,0.280932457,0.572664876,0.456692387,0.38476875,0,1,3,9
1,0.820359281,0.419854594,0.243873282,0.587202115,0.584050667,0.36998492,0,0.973763875,3,9
1,0.822355289,0.410849081,0.211595935,0.662233022,0.719013425,0.34789544,0,0.946518668,3,9
1,0.824351297,0.399105306,0.224745965,0.737860767,0.679452299,0.34863895,0,0.920282543,3,9
1,0.826347305,0.395817928,0.273161984,0.882721576,0.598769011,0.36432236,0,0.894046418,3,9
1,0.828343313,0.390268189,0.279736999,0.814724816,0.592636368,0.3642053,0,0.866801211,3,9
1,0.830339321,0.386387764,0.286312014,0.825126828,0.567570581,0.36631578,0,0.840565086,3,9
1,0.832335329,0.384125404,0.328750747,0.784243509,0.557067035,0.36733884,0,0.814328961,3,9
1,0.834331337,0.383978972,0.361625822,0.835827258,0.517818117,0.3688072,0,0.787083754,3,9
1,0.836327345,0.38537739,0.396891811,0.915590229,0.498171357,0.37563804,0,0.760847629,3,9
1,0.838323353,0.403915568,0.367603108,0.899177218,0.509210116,0.37973174,0,0.708375378,3,9
1,0.840319361,0.420711216,0.351464435,0.873342712,0.547254806,0.3782635,0,0.681130172,3,9
1,0.842315369,0.41310412,0.341900777,0.84051669,0.574238437,0.37622666,0,0.654894046,3,9
1,0.844311377,0.42962887,0.335325762,0.852240269,0.54357522,0.37809062,0,0.628657921,3,9
1,0.846307385,0.439791189,0.335325762,0.913202882,0.541122162,0.37979412,0,0.601412714,3,9
1,0.848303393,0.4292994,0.312612074,0.936010573,0.534097498,0.37721524,0,0.575176589,2,9
1,0.850299401,0.444147515,0.296473401,0.945261542,0.551335801,0.3718027,0,0.548940464,2,9
1,0.852295409,0.44205355,0.289898386,0.967387134,0.581508407,0.36650378,0,0.521695257,2,9
1,0.854291417,0.401448204,0.289898386,0.95195464,0.592034254,0.36493495,0,0.495459132,2,9
1,0.856287425,0.420894255,0.325762104,0.892100439,0.593862896,0.36438587,0,0.469223007,2,9
1,0.858283433,0.397011341,0.380753138,0.786588225,0.553387449,0.36986256,0,0.4419778,2,9
1,0.860279441,0.381204103,0.400478183,0.725582982,0.511663173,0.37760484,0,0.415741675,2,9
1,0.862275449,0.370946604,0.407053198,0.751374856,0.478546898,0.38724035,0,0.38950555,2,9
1,0.864271457,0.371459113,0.367603108,0.791277657,0.425783863,0.3964444,0,0.362260343,3,9
1,0.866267465,0.38368611,0.380753138,0.82875048,0.393871817,0.40329906,0,0.336024218,3,9
1,0.868263473,0.400013179,0.377764495,0.875687428,0.369318942,0.42550987,0,0.282542886,2,9
1,0.870259481,0.421831414,0.369396294,0.76075372,0.422081977,0.41460273,0,0.256306761,2,9
1,0.872255489,0.43960815,0.355050807,0.760796351,0.441728736,0.40801826,0,0.230070636,2,9
1,0.874251497,0.449872971,0.341900777,0.756064288,0.461375496,0.4004745,0,0.203834511,2,9
1,0.876247505,0.443364108,0.325762104,0.751374856,0.476093841,0.39739168,0,0.176589304,2,9
1,0.878243513,0.433040715,0.289898386,0.69740376,0.538669105,0.38236666,0,0.150353179,2,9
1,0.880239521,0.421977845,0.276150628,0.726478237,0.561237233,0.37176573,0,0.124117053,2,9
1,0.882235529,0.40279537,0.260609683,0.821886857,0.547187904,0.36120448,0,0.096871847,2,9
1,0.884231537,0.386636697,0.240884638,0.895041992,0.540809955,0.3543821,0,0.070635721,3,9
1,0.886227545,0.339961781,0.201434549,0.990663768,0.554613978,0.3349779,0,0.044399596,3,9
0.923076923,0.890219561,0.215627128,0.142857143,0.799963763,0.525712502,0.36243796,1,1,5,9
0.923076923,0.892215569,0.110972815,0.172145846,0.80485969,0.525712502,0.373056,1,0.987891019,5,9
0.923076923,0.894211577,0.093401082,0.250448296,0.803414559,0.544177334,0.38035917,1,0.975782038,5,9
0.923076923,0.896207585,0.071802494,0.351464435,0.723238266,0.39019223,0.40574944,1,0.963673058,5,9
0.923076923,0.898203593,0.04970604,0.51105798,0.718548834,0.255229472,0.41625416,1,0.951564077,5,9
0.923076923,0.900199601,0.011802347,0.718469815,0.50978386,0.141117702,0.48390612,1,0.939455096,5,9
0.923076923,0.902195609,0,0.794381351,0.426354606,0.144083672,0.48390612,1,0.928355197,8,9
0.923076923,0.904191617,0.010528397,0.722653915,0.415952594,0.165670577,0.51989377,1,0.916246216,8,9
0.923076923,0.906187625,0.023882914,0.661087866,0.434710321,0.158311404,0.5285025,1,0.904137235,8,9
0.923076923,0.908183633,0.044463806,0.618649133,0.444131816,0.14357076,0.53221077,1,0.892028254,8,9
0.923076923,0.910179641,0.049713361,0.569635386,0.408918447,0.078542438,0.5378481,1,0.879919273,8,9
0.923076923,0.912175649,0.058103864,0.563060371,0.404229015,0.027028232,0.54869914,1,0.867810293,6,9
0.923076923,0.914171657,0.069569419,0.628212791,0.383083941,0.023326346,0.52587295,1,0.855701312,6,9
0.923076923,0.916167665,0.081562127,0.644949193,0.383083941,0.033138575,0.52632046,1,0.843592331,6,9
0.923076923,0.918163673,0.094484672,0.609085475,0.408918447,0.031934347,0.5311339,1,0.83148335,6,9
0.923076923,0.920159681,0.104873959,0.690376569,0.43006352,0.025779403,0.5358272,1,0.819374369,5,9
0.923076923,0.922155689,0.131546386,0.690376569,0.486336701,0.023326346,0.52312016,1,0.80827447,5,9
0.923076923,0.924151697,0.154675179,0.598924088,0.535575734,0.036818162,0.52527136,1,0.796165489,5,9
0.923076923,0.926147705,0.180344552,0.533771668,0.563754956,0.103073012,0.5127245,1,0.784056509,6,9
0.923076923,0.928143713,0.215370873,0.501494322,0.547341945,0.20001338,0.45859024,1,0.771947528,6,9
0.923076923,0.930139721,0.22524033,0.491930663,0.516349064,0.193613131,0.40744036,1,0.759838547,6,9
0.923076923,0.932135729,0.227422154,0.491930663,0.502749712,0.164421747,0.39641443,1,0.747729566,8,9
0.923076923,0.934131737,0.21601517,0.501494322,0.522658481,0.140493288,0.46302325,1,0.735620585,5,9
0.923076923,0.936127745,0.21601517,0.501494322,0.522658481,0.140493288,0.4221834,1,0.735620585,5,9
0.923076923,0.938123752,0.199124342,0.52420801,0.472268406,0.141117702,0.41791952,1,0.723511604,6,9
0.923076923,0.94011976,0.180373839,0.579796772,0.495672933,0.084675081,0.44899797,1,0.711402624,5,9
0.923076923,0.942115768,0.182526376,0.635983264,0.495715565,0.030685518,0.48965052,1,0.699293643,6,9
0.923076923,0.944111776,0.19718413,0.682606097,0.41829731,0.002453057,0.5078317,1,0.687184662,6,9
0.923076923,0.946107784,0.188464157,0.72922893,0.367992497,0.052852237,0.51770425,1,0.676084763,6,9
0.923076923,0.948103792,0.168878997,0.72922893,0.338576971,0.083448553,0.50721896,1,0.663975782,6,9
0.923076923,0.9500998,0.16955258,0.693365212,0.383126572,0.045426163,0.4886586,1,0.651866801,6,9
0.923076923,0.952095808,0.186480016,0.643753736,0.385471288,0.071183266,0.50167763,1,0.63975782,6,9
0.923076923,0.954091816,0.195983395,0.533771668,0.37843714,0.126377057,0.49886116,1,0.62764884,5,9
0.923076923,0.956087824,0.169984552,0.537358039,0.403077972,0.160140047,0.47199553,1,0.615539859,6,9
0.923076923,0.958083832,0.118323657,0.651524208,0.350428444,0.153472191,0.46856242,1,0.603430878,6,9
0.923076923,0.96007984,0.094535923,0.732815302,0.270111267,0.165425271,0.4913008,1,0.591321897,6,9
0.923076923,0.962075848,0.075770777,0.823670054,0.235366841,0.164421747,0.4494021,1,0.579212916,9,9
0.923076923,0.964071856,0.065073984,0.791392708,0.266700772,0.193122519,0.51874244,1,0.567103935,9,9
0.923076923,0.966067864,0.065974536,0.618649133,0.289295306,0.214754025,0.5322991,1,0.556004036,9,9
0.923076923,0.968063872,0.075499879,0.540346683,0.285756917,0.263213059,0.5388316,1,0.543895055,9,9
0.923076923,0.97005988,0.097200969,0.396891811,0.35030055,0.320257794,0.53756744,1,0.531786075,9,9
0.923076923,0.972055888,0.156776466,0.377764495,0.426525131,0.300365729,0.5285344,1,0.519677094,9,9
0.923076923,0.974051896,0.24270224,0.377764495,0.460544827,0.269947817,0.51951015,1,0.507568113,9,9
0.923076923,0.976047904,0.369226038,0.38433951,0.50624547,0.247245886,0.52857566,1,0.495459132,6,9
0.923076923,0.978043912,0.401601956,0.364614465,0.540265166,0.287119219,0.4463336,1,0.483350151,4,9
0.923076923,0.98003992,0.401697137,0.328750747,0.60127041,0.424557335,0.38429695,1,0.471241171,4,9
0.923076923,0.982035928,0.375895975,0.335325762,0.611075585,0.416975157,0.36373392,1,0.45913219,4,9
0.923076923,0.984031936,0.39102963,0.355050807,0.648804195,0.416863655,0.3698386,1,0.447023209,4,9
0.923076923,0.986027944,0.414312176,0.338314405,0.672762928,0.417800277,0.37839806,1,0.434914228,4,9
0.923076923,0.988023952,0.437199359,0.332337119,0.624717568,0.451540966,0.38605207,1,0.423814329,4,9
0.923076923,0.99001996,0.505890191,0.328750747,0.631751716,0.452767495,0.38116902,1,0.411705348,4,9
0.923076923,0.992015968,0.555515694,0.335325762,0.645820011,0.398800232,0.38090965,1,0.399596367,4,9
0.923076923,0.994011976,0.665441526,0.361625822,0.612993989,0.411065519,0.39538854,1,0.387487386,6,9
0.923076923,0.996007984,0.343730918,0.37118948,0.528541587,0.474867312,0.4082554,1,0.375378406,6,9
0.923076923,0.998003992,0.980854133,0.325762104,0.570746472,0.474867312,0.40214196,1,0.363269425,6,9
0.923076923,1,0.536746703,0.355050807,0.590101036,0.496632621,0.4013884,1,0.351160444,4,9
