Formation,Well Name,Depth,GR,ILD_log10,DeltaPHI,PHIND,PE,NM_M,RELPOS,Facies
A1 SH,ALEXANDER D,2887.5,88.71,0.612,6.7,10.605,,1,1,3
A1 SH,ALEXANDER D,2888,92.71,0.583,11,12.515,,1,0.974,3
A1 SH,ALEXANDER D,2888.5,94.54,0.579,12,13.41,,1,0.949,3
A1 SH,ALEXANDER D,2889,95.31,0.579,11.5,13.75,,1,0.923,3
A1 SH,ALEXANDER D,2889.5,93.79,0.572,10.3,13.405,,1,0.897,3
A1 SH,ALEXANDER D,2890,86,0.547,9.7,12.92,,1,0.872,3
A1 SH,ALEXANDER D,2890.5,83.66,0.531,9.9,12.75,,1,0.846,3
A1 SH,ALEXANDER D,2891,84.96,0.516,10,12.71,,1,0.821,2
A1 SH,ALEXANDER D,2891.5,88.93,0.515,9.4,13.51,,1,0.795,2
A1 SH,ALEXANDER D,2892,91.35,0.521,7.4,15.33,,1,0.769,3
A1 SH,ALEXANDER D,2892.5,92.43,0.521,7.4,16.65,,1,0.744,3
A1 SH,ALEXANDER D,2893,92.39,0.526,7.6,16.89,,1,0.718,3
A1 SH,ALEXANDER D,2893.5,91.94,0.526,4.6,16.31,,1,0.692,2
A1 SH,ALEXANDER D,2894,88.21,0.525,2.9,15.33,,1,0.667,2
A1 SH,ALEXANDER D,2894.5,83.2,0.524,1.9,14.215,,1,0.641,2
A1 SH,ALEXANDER D,2895,78.23,0.513,3,13.495,,1,0.615,2
A1 SH,ALEXANDER D,2895.5,74.22,0.5,5,11.365,,1,0.59,2
A1 SH,ALEXANDER D,2896,72.36,0.48,6.6,10.045,,1,0.564,2
A1 SH,ALEXANDER D,2896.5,72.84,0.465,7.2,9.62,,1,0.538,2
A1 SH,ALEXANDER D,2897,74.19,0.455,8,9.64,,1,0.513,2
A1 SH,ALEXANDER D,2897.5,76.62,0.449,8.8,10.5,,1,0.487,2
A1 SH,ALEXANDER D,2898,81.29,0.449,9.2,12.785,,1,0.462,2
A1 SH,ALEXANDER D,2898.5,85.5,0.461,9.9,13.55,,1,0.436,2
A1 SH,ALEXANDER D,2899,88.29,0.476,10.3,13.985,,1,0.41,2
A1 SH,ALEXANDER D,2899.5,91.3,0.484,9.7,13.965,,1,0.385,2
A1 SH,ALEXANDER D,2900,82,0.49,8.3,13.335,,1,0.359,3
A1 SH,ALEXANDER D,2900.5,71.62,0.49,7.5,12.88,,1,0.333,3
A1 SH,ALEXANDER D,2901,67.4,0.483,7.2,12.685,,1,0.308,2
A1 SH,ALEXANDER D,2901.5,65.4,0.476,7.5,12.325,,1,0.282,3
A1 SH,ALEXANDER D,2902,64.21,0.471,10.2,10.935,,2,0.256,9
A1 SH,ALEXANDER D,2902.5,63.82,0.467,11.2,10.655,,2,0.231,9
A1 SH,ALEXANDER D,2903,64.74,0.458,15.1,12.705,,2,0.205,9
A1 SH,ALEXANDER D,2904,81.89,0.42,16.3,19.14,,1,0.154,3
A1 SH,ALEXANDER D,2904.5,83.53,0.371,14.9,19.16,,1,0.128,3
A1 SH,ALEXANDER D,2905,83.06,0.316,14.8,19.5,,1,0.103,2
A1 SH,ALEXANDER D,2905.5,81.58,0.279,15.7,19.945,,1,0.077,2
A1 SH,ALEXANDER D,2906,77.83,0.272,17.3,19.285,,1,0.051,3
A1 SH,ALEXANDER D,2906.5,65.11,0.279,15.2,17.42,,1,0.026,3
A1 LM,ALEXANDER D,2907,32.58,0.29,10.3,14.52,,2,1,9
A1 LM,ALEXANDER D,2907.5,25.14,0.294,7.1,12.48,,2,0.985,9
A1 LM,ALEXANDER D,2908,26.51,0.29,7.1,10.91,,2,0.969,7
A1 LM,ALEXANDER D,2908.5,29.78,0.265,8.1,9.05,,2,0.954,7
A1 LM,ALEXANDER D,2909,33.06,0.248,8.6,8.275,,2,0.938,6
A1 LM,ALEXANDER D,2910,37.78,0.22,9.2,8.05,,2,0.908,6
A1 LM,ALEXANDER D,2910.5,40.84,0.212,14.8,10.76,,2,0.892,6
A1 LM,ALEXANDER D,2911,44.08,0.207,16,11.275,,2,0.877,7
A1 LM,ALEXANDER D,2911.5,48.24,0.21,9.8,14.97,,2,0.862,7
A1 LM,ALEXANDER D,2912,51.21,0.228,8.1,16.025,,2,0.846,7
A1 LM,ALEXANDER D,2912.5,55.57,0.253,7.9,15.985,,2,0.831,7
A1 LM,ALEXANDER D,2913,64.21,0.299,7.4,15.785,,2,0.815,4
A1 LM,ALEXANDER D,2913.5,78.65,0.398,8.2,13.805,,2,0.8,4
A1 LM,ALEXANDER D,2914,97.66,0.52,9.7,12.34,,2,0.785,4
A1 LM,ALEXANDER D,2914.5,101.57,0.636,10.1,12.02,,2,0.769,4
A1 LM,ALEXANDER D,2915,102.02,0.679,9.4,11.33,,2,0.754,4
A1 LM,ALEXANDER D,2915.5,100.87,0.658,7.6,10.135,,2,0.738,4
A1 LM,ALEXANDER D,2916,88.36,0.646,7,9.58,,2,0.723,8
A1 LM,ALEXANDER D,2916.5,73.88,0.635,5.2,10.145,,2,0.708,6
A1 LM,ALEXANDER D,2917,62.49,0.635,4.2,10.515,,2,0.692,6
A1 LM,ALEXANDER D,2917.5,61.08,0.641,4.5,10.465,,2,0.677,5
A1 LM,ALEXANDER D,2918,64.32,0.66,6.7,10.575,,2,0.662,5
A1 LM,ALEXANDER D,2918.5,66.04,0.671,9.1,11.38,,2,0.646,6
A1 LM,ALEXANDER D,2919,66.61,0.691,10.8,12.17,,2,0.631,6
A1 LM,ALEXANDER D,2919.5,66.14,0.713,11.6,12.41,,2,0.615,6
A1 LM,ALEXANDER D,2920,68.24,0.735,10,11.64,,2,0.6,8
A1 LM,ALEXANDER D,2920.5,70.81,0.752,5.9,10.36,,2,0.585,8
A1 LM,ALEXANDER D,2921,72.59,0.757,3.7,10.405,,2,0.569,8
A1 LM,ALEXANDER D,2921.5,77.22,0.769,2.5,10.465,,2,0.554,8
A1 LM,ALEXANDER D,2922,101.82,0.762,1.8,10.6,,2,0.538,8
A1 LM,ALEXANDER D,2922.5,115.43,0.756,1,10.755,,2,0.523,8
A1 LM,ALEXANDER D,2923,119.82,0.725,0.5,10.775,,2,0.508,6
A1 LM,ALEXANDER D,2923.5,120.82,0.675,0.6,10.315,,2,0.492,6
A1 LM,ALEXANDER D,2924,118.48,0.619,1.8,9.51,,2,0.477,5
A1 LM,ALEXANDER D,2924.5,89.64,0.571,2.4,9.555,,2,0.462,5
A1 LM,ALEXANDER D,2925,60.79,0.53,3.3,9.86,,2,0.446,6
A1 LM,ALEXANDER D,2925.5,33.46,0.501,4.3,10.16,,2,0.431,6
A1 LM,ALEXANDER D,2926,27.41,0.483,5,10.62,,2,0.415,5
A1 LM,ALEXANDER D,2926.5,24.14,0.471,5.3,11.3,,2,0.4,6
A1 LM,ALEXANDER D,2927,24.6,0.458,5.8,12.115,,2,0.385,6
A1 LM,ALEXANDER D,2927.5,24.58,0.455,4,13.465,,2,0.369,6
A1 LM,ALEXANDER D,2928,23.59,0.47,2.8,14.2,,2,0.354,6
A1 LM,ALEXANDER D,2928.5,23.16,0.513,1.8,14.145,,2,0.338,6
A1 LM,ALEXANDER D,2929,23.61,0.555,1,13.805,,2,0.323,6
A1 LM,ALEXANDER D,2929.5,24.99,0.604,0.3,13.48,,2,0.308,6
A1 LM,ALEXANDER D,2930,26.45,0.635,0.9,12.775,,2,0.292,6
A1 LM,ALEXANDER D,2930.5,28.39,0.661,1.7,12.095,,2,0.277,8
A1 LM,ALEXANDER D,2931,31.6,0.679,2.1,11.665,,2,0.262,6
A1 LM,ALEXANDER D,2931.5,35.71,0.696,2.3,11.39,,2,0.246,6
A1 LM,ALEXANDER D,2932,41.34,0.702,2.8,11.395,,2,0.231,5
A1 LM,ALEXANDER D,2932.5,46.73,0.708,4.4,11.895,,2,0.215,6
A1 LM,ALEXANDER D,2933,54.15,0.72,5.6,11.94,,2,0.2,6
A1 LM,ALEXANDER D,2933.5,60.63,0.739,9.2,10.59,,2,0.185,6
A1 LM,ALEXANDER D,2934,65.2,0.774,11.3,11.15,,2,0.169,4
A1 LM,ALEXANDER D,2934.5,72.19,0.803,12.1,11.505,,2,0.154,4
A1 LM,ALEXANDER D,2935,78.39,0.825,11.7,11.98,,2,0.138,4
A1 LM,ALEXANDER D,2935.5,82.48,0.836,9.7,12.595,,2,0.123,4
A1 LM,ALEXANDER D,2936,83.8,0.811,7.6,13.18,,2,0.108,4
A1 LM,ALEXANDER D,2936.5,84.86,0.78,6.8,13.15,,2,0.092,4
A1 LM,ALEXANDER D,2937,84.28,0.755,7.4,11.64,,2,0.077,6
A1 LM,ALEXANDER D,2937.5,78.32,0.739,4.3,9.2,,2,0.062,6
A1 LM,ALEXANDER D,2938,70.15,0.727,4.1,8.565,,2,0.046,6
A1 LM,ALEXANDER D,2938.5,66.53,0.721,3.4,8.37,,2,0.031,8
A1 LM,ALEXANDER D,2939,69.31,0.717,6.4,10.21,,2,0.015,8
B1 SH,ALEXANDER D,2939.5,78.58,0.717,8.4,12.53,,1,1,3
B1 SH,ALEXANDER D,2940,81.81,0.717,8.6,15.21,,1,0.969,3
B1 SH,ALEXANDER D,2940.5,82.02,0.716,4.5,15.43,,1,0.938,3
B1 SH,ALEXANDER D,2941,75.3,0.722,4.9,13.615,,1,0.906,2
B1 SH,ALEXANDER D,2941.5,66.45,0.722,6.8,12.37,,1,0.875,2
B1 SH,ALEXANDER D,2942,63.91,0.722,7.4,11.865,,1,0.844,2
B1 SH,ALEXANDER D,2942.5,64.11,0.721,7.9,11.92,,1,0.813,2
B1 SH,ALEXANDER D,2943,66.41,0.721,9,12.185,,1,0.781,2
B1 SH,ALEXANDER D,2943.5,72.43,0.721,9.9,12.38,,1,0.75,3
B1 SH,ALEXANDER D,2944,75.89,0.714,9.6,12.83,,1,0.719,3
B1 SH,ALEXANDER D,2944.5,79.81,0.708,8.2,13.335,,1,0.688,3
B1 SH,ALEXANDER D,2945,81.22,0.702,7.2,12.765,,1,0.656,3
B1 SH,ALEXANDER D,2945.5,80.73,0.689,7.2,12.065,,1,0.625,3
B1 SH,ALEXANDER D,2946,80.21,0.679,7.3,11.605,,1,0.594,3
B1 SH,ALEXANDER D,2946.5,79.31,0.667,7.5,11.49,,1,0.563,2
B1 SH,ALEXANDER D,2947,77.91,0.655,7.2,11.755,,1,0.531,2
B1 SH,ALEXANDER D,2947.5,75.57,0.641,6.6,11.25,,1,0.5,2
B1 SH,ALEXANDER D,2948,72.63,0.625,5.8,10.46,,1,0.469,2
B1 SH,ALEXANDER D,2948.5,69.14,0.607,5.6,10.285,,1,0.438,2
B1 SH,ALEXANDER D,2949,65.21,0.589,4.7,10.23,,1,0.406,2
B1 SH,ALEXANDER D,2949.5,60.86,0.571,4,10.185,,1,0.375,2
B1 SH,ALEXANDER D,2950,57.85,0.551,4.7,9.525,,1,0.344,2
B1 SH,ALEXANDER D,2950.5,59.87,0.531,5,9.17,,1,0.313,2
B1 SH,ALEXANDER D,2951,63.55,0.512,7.2,9.93,,1,0.281,2
B1 SH,ALEXANDER D,2951.5,69.27,0.496,8.1,11.3,,1,0.25,2
B1 SH,ALEXANDER D,2952,79.55,0.473,8.2,13.005,,1,0.219,2
B1 SH,ALEXANDER D,2952.5,84.75,0.447,10.1,13.945,,1,0.188,2
B1 SH,ALEXANDER D,2953,86.1,0.438,11.6,14.59,,1,0.156,2
B1 SH,ALEXANDER D,2953.5,87.01,0.464,12.1,15.205,,1,0.125,2
B1 SH,ALEXANDER D,2954,87.46,0.614,6.2,18.555,,1,0.094,3
B1 SH,ALEXANDER D,2954.5,85.24,0.667,6.9,19.51,,1,0.063,3
B1 SH,ALEXANDER D,2955,78.97,0.721,8.5,20.405,,1,0.031,3
B1 SH,ALEXANDER D,2955.5,78.97,0.721,8.5,20.405,,1,0.031,2
B1 LM,ALEXANDER D,2956,67.92,0.795,9.2,19.835,,2,1,8
B1 LM,ALEXANDER D,2956.5,50.23,0.878,5.1,11.71,,2,0.952,8
B1 LM,ALEXANDER D,2957,28.31,0.957,5.4,8.42,,2,0.905,8
B1 LM,ALEXANDER D,2957.5,23.76,0.983,4.4,7.42,,2,0.857,8
B1 LM,ALEXANDER D,2958,21.89,1.004,4.3,7.245,,2,0.81,8
B1 LM,ALEXANDER D,2958.5,20.94,1.016,3.3,7.44,,2,0.762,8
B1 LM,ALEXANDER D,2959,20.93,1.015,3,7.31,,2,0.714,8
B1 LM,ALEXANDER D,2959.5,22.27,0.922,2.8,7.005,,2,0.667,8
B1 LM,ALEXANDER D,2960,26.48,0.885,2.7,6.79,,2,0.619,8
B1 LM,ALEXANDER D,2960.5,27.04,0.866,3.3,6.84,,2,0.571,8
B1 LM,ALEXANDER D,2961,29.7,0.848,4.4,7.2,,2,0.524,6
B1 LM,ALEXANDER D,2961.5,36.65,0.834,5.8,7.665,,2,0.476,5
B1 LM,ALEXANDER D,2962,38.96,0.894,6.6,7.855,,2,0.429,5
B1 LM,ALEXANDER D,2962.5,38.94,0.947,6.9,7.745,,2,0.381,5
B1 LM,ALEXANDER D,2963,38.93,0.97,6,6.96,,2,0.333,6
B1 LM,ALEXANDER D,2963.5,39.54,0.914,4.9,5.64,,2,0.286,6
B1 LM,ALEXANDER D,2964,40.03,0.868,4.3,4.76,,2,0.238,8
B1 LM,ALEXANDER D,2964.5,41.75,0.827,4.2,4.53,,2,0.19,8
B1 LM,ALEXANDER D,2965,44.91,0.785,4.2,4.57,,2,0.143,8
B1 LM,ALEXANDER D,2965.5,58.36,0.741,4.3,4.625,,2,0.095,8
B1 LM,ALEXANDER D,2966,71.82,0.716,4.5,5.065,,2,0.048,4
B2 SH,ALEXANDER D,2966.5,81.13,0.697,7,7.925,,1,1,3
B2 SH,ALEXANDER D,2967,88.32,0.68,9.6,11.79,,1,0.957,3
B2 SH,ALEXANDER D,2967.5,90.49,0.663,7.7,13.675,,1,0.913,3
B2 SH,ALEXANDER D,2968,90.26,0.638,7,14.01,,1,0.87,3
B2 SH,ALEXANDER D,2968.5,89.38,0.61,6.9,13.45,,1,0.826,3
B2 SH,ALEXANDER D,2969,88.92,0.561,8.6,12.73,,1,0.783,3
B2 SH,ALEXANDER D,2969.5,89.37,0.5,9.8,12.52,,1,0.739,3
B2 SH,ALEXANDER D,2970,92.6,0.418,9.4,13.625,,1,0.696,3
B2 SH,ALEXANDER D,2970.5,101.17,0.384,10.2,14.655,,1,0.652,3
B2 SH,ALEXANDER D,2971,110.95,0.352,12.7,16.07,,1,0.609,3
B2 SH,ALEXANDER D,2971.5,112.65,0.344,16.5,18.115,,1,0.565,3
B2 SH,ALEXANDER D,2972,113.04,0.378,15.5,19.145,,1,0.522,3
B2 SH,ALEXANDER D,2972.5,112.5,0.413,8.1,22.875,,1,0.478,3
B2 SH,ALEXANDER D,2973,109.7,0.449,6.5,22.745,,1,0.435,3
B2 SH,ALEXANDER D,2973.5,105.04,0.473,6.4,22.595,,1,0.391,3
B2 SH,ALEXANDER D,2974,98.57,0.497,6.3,22.305,,1,0.348,3
B2 SH,ALEXANDER D,2974.5,88.41,0.509,5.3,18.38,,1,0.304,3
B2 SH,ALEXANDER D,2975,81.26,0.519,4,15.185,,1,0.261,2
B2 SH,ALEXANDER D,2975.5,77.18,0.521,2.7,14.155,,1,0.217,2
B2 SH,ALEXANDER D,2976,73.22,0.524,0.1,13.19,,1,0.174,2
B2 SH,ALEXANDER D,2976.5,69.67,0.56,-4.4,15.205,,1,0.13,2
B2 SH,ALEXANDER D,2977,64.08,0.618,-4.7,20.42,,1,0.087,3
B2 SH,ALEXANDER D,2977.5,58.49,0.679,-1.4,20.12,,1,0.043,3
B2 LM,ALEXANDER D,2978,37.39,0.728,1.4,11.565,,2,1,5
B2 LM,ALEXANDER D,2978.5,15.38,0.759,1.2,11.245,,2,0.95,5
B2 LM,ALEXANDER D,2979,13.87,0.769,1.7,10.85,,2,0.9,8
B2 LM,ALEXANDER D,2979.5,13.94,0.771,3.3,9.9,,2,0.85,8
B2 LM,ALEXANDER D,2980,15.34,0.771,3.2,9.74,,2,0.8,8
B2 LM,ALEXANDER D,2980.5,18.94,0.769,2.8,9.505,,2,0.75,8
B2 LM,ALEXANDER D,2981,21.24,0.764,1.4,9.565,,2,0.7,8
B2 LM,ALEXANDER D,2981.5,22.62,0.764,0.6,9.815,,2,0.65,8
B2 LM,ALEXANDER D,2982,21.9,0.77,0.6,9.76,,2,0.6,8
B2 LM,ALEXANDER D,2982.5,21.67,0.806,0.6,9.64,,2,0.55,8
B2 LM,ALEXANDER D,2983,21.78,0.857,0.3,9.21,,2,0.5,8
B2 LM,ALEXANDER D,2983.5,22.17,0.885,0.7,8.565,,2,0.45,8
B2 LM,ALEXANDER D,2984,22.56,0.906,0.8,7.955,,2,0.4,8
B2 LM,ALEXANDER D,2984.5,23.93,0.915,1,7.5,,2,0.35,8
B2 LM,ALEXANDER D,2985,27.17,0.91,0.9,7.26,,2,0.3,8
B2 LM,ALEXANDER D,2985.5,31.22,0.851,0.5,7.01,,2,0.25,8
B2 LM,ALEXANDER D,2986,37.79,0.785,-0.1,7.075,,2,0.2,8
B2 LM,ALEXANDER D,2986.5,51.83,0.672,-0.2,7.25,,2,0.15,6
B2 LM,ALEXANDER D,2987,69.13,0.534,4.5,9.81,,2,0.1,6
B2 LM,ALEXANDER D,2987.5,87.71,0.391,9.1,12.365,,2,0.05,8
B3 SH,ALEXANDER D,2988,94.42,0.33,8.8,18.165,,1,1,3
B3 SH,ALEXANDER D,2988.5,100.7,0.31,5.9,23.165,,1,0.963,3
B3 SH,ALEXANDER D,2989,103.11,0.292,7.3,22.76,,1,0.926,3
B3 SH,ALEXANDER D,2989.5,104.14,0.312,6.4,21.565,,1,0.889,3
B3 SH,ALEXANDER D,2990,102.97,0.324,5,20.26,,1,0.852,3
B3 SH,ALEXANDER D,2990.5,99,0.346,4.1,19.565,,1,0.815,3
B3 SH,ALEXANDER D,2991,96.66,0.369,3.5,19.015,,1,0.778,3
B3 SH,ALEXANDER D,2991.5,94.79,0.393,9.2,15.415,,1,0.741,3
B3 SH,ALEXANDER D,2992,82.52,0.428,7.9,15.64,,1,0.704,2
B3 SH,ALEXANDER D,2992.5,77.61,0.456,2.6,13.58,,1,0.667,2
B3 SH,ALEXANDER D,2993,75.55,0.494,2.7,12,,1,0.63,2
B3 SH,ALEXANDER D,2993.5,74.77,0.537,3.5,11.51,,1,0.593,2
B3 SH,ALEXANDER D,2994,76.3,0.569,5.2,12.03,,1,0.556,2
B3 SH,ALEXANDER D,2994.5,79.38,0.606,4.8,13.775,,1,0.519,2
B3 SH,ALEXANDER D,2995,80.76,0.638,4.4,14.53,,1,0.481,2
B3 SH,ALEXANDER D,2995.5,80.75,0.655,4.2,13.82,,1,0.444,2
B3 SH,ALEXANDER D,2996,78.97,0.67,4,11.185,,1,0.407,2
B3 SH,ALEXANDER D,2996.5,74.62,0.661,4.2,10.615,,1,0.37,2
B3 SH,ALEXANDER D,2997,72.21,0.643,3.7,10.69,,1,0.333,2
B3 SH,ALEXANDER D,2997.5,72.65,0.624,2.6,11.085,,1,0.296,2
B3 SH,ALEXANDER D,2998,78.02,0.604,2.9,11.185,,1,0.259,2
B3 SH,ALEXANDER D,2998.5,83.45,0.589,5.3,11.95,,1,0.222,2
B3 SH,ALEXANDER D,2999,84.37,0.571,7.1,12.69,,1,0.185,2
B3 SH,ALEXANDER D,2999.5,76.3,0.563,8.1,12.975,,1,0.148,2
B3 SH,ALEXANDER D,3000,67.17,0.616,9,13.23,,1,0.111,3
B3 SH,ALEXANDER D,3000.5,58.04,0.69,9.3,12.135,,1,0.074,3
B3 SH,ALEXANDER D,3001,47.67,0.749,8.3,9.755,,1,0.037,3
B3 SH,ALEXANDER D,3001.5,36.2,0.787,5,8.545,,1,0,3
B3 LM,ALEXANDER D,3002,36.2,0.787,5,8.545,,2,1,8
B3 LM,ALEXANDER D,3002.5,33.43,0.803,2.3,8.365,,2,0.667,8
B3 LM,ALEXANDER D,3003,34.13,0.797,2.2,8.58,,2,0.333,8
B4 SH,ALEXANDER D,3003.5,38.89,0.784,5.1,8.17,,1,1,2
B4 SH,ALEXANDER D,3004,50.61,0.766,5.6,7.995,,1,0.958,2
B4 SH,ALEXANDER D,3004.5,59.35,0.747,5.1,8.205,,1,0.917,2
B4 SH,ALEXANDER D,3005,64.74,0.728,4.5,8.505,,1,0.875,2
B4 SH,ALEXANDER D,3005.5,71.24,0.707,4,8.925,,1,0.833,2
B4 SH,ALEXANDER D,3006,72.62,0.685,4.3,9.675,,1,0.792,2
B4 SH,ALEXANDER D,3006.5,77.63,0.661,4.8,10.675,,1,0.75,2
B4 SH,ALEXANDER D,3007,84.78,0.617,4.8,11.425,,1,0.708,2
B4 SH,ALEXANDER D,3007.5,88.14,0.589,5,11.935,,1,0.667,2
B4 SH,ALEXANDER D,3008,89.78,0.554,5.3,12.21,,1,0.625,2
B4 SH,ALEXANDER D,3008.5,86.7,0.52,4.8,11.29,,1,0.583,2
B4 SH,ALEXANDER D,3009,78.2,0.493,4.9,10.755,,1,0.542,2
B4 SH,ALEXANDER D,3009.5,73.68,0.47,4.4,10.79,,1,0.5,2
B4 SH,ALEXANDER D,3010,72.57,0.456,3.7,11.08,,1,0.458,2
B4 SH,ALEXANDER D,3010.5,77.21,0.444,3.5,11.495,,1,0.417,2
B4 SH,ALEXANDER D,3011,81.84,0.444,3.6,11.985,,1,0.375,2
B4 SH,ALEXANDER D,3011.5,83.79,0.438,4,12.38,,1,0.333,2
B4 SH,ALEXANDER D,3012,84.57,0.438,4.3,12.78,,1,0.292,2
B4 SH,ALEXANDER D,3012.5,85.68,0.431,4.4,13.26,,1,0.25,2
B4 SH,ALEXANDER D,3013,86.46,0.431,5.2,14.46,,1,0.208,2
B4 SH,ALEXANDER D,3013.5,86.45,0.431,7,16.615,,1,0.167,2
B4 SH,ALEXANDER D,3014,85.52,0.431,9.1,17.94,,1,0.125,2
B4 SH,ALEXANDER D,3014.5,65.56,0.441,9.3,18.225,,1,0.083,2
B4 SH,ALEXANDER D,3015,43.49,0.549,6.3,17.055,,1,0.042,2
B4 LM,ALEXANDER D,3015.5,31.57,0.617,-0.1,14.37,,2,1,8
B4 LM,ALEXANDER D,3016,29.3,0.621,-2.3,13.62,,2,0.833,8
B4 LM,ALEXANDER D,3016.5,27.9,0.627,-0.6,12.335,,2,0.667,8
B4 LM,ALEXANDER D,3017,40.33,0.627,1.3,11.47,,2,0.5,8
B4 LM,ALEXANDER D,3017.5,54.83,0.627,3.5,11.895,,2,0.333,8
B4 LM,ALEXANDER D,3018,69.32,0.617,12.1,16.105,,2,0.167,8
B5 SH,ALEXANDER D,3018.5,83.21,0.594,14.4,19.345,,1,1,3
B5 SH,ALEXANDER D,3019,91.02,0.494,13.3,21.48,,1,0.875,3
B5 SH,ALEXANDER D,3019.5,95.68,0.378,9.7,22.44,,1,0.75,3
B5 SH,ALEXANDER D,3020,98.58,0.356,9.4,23.4,,1,0.625,3
B5 SH,ALEXANDER D,3020.5,97.21,0.33,11.6,24.03,,1,0.5,3
B5 SH,ALEXANDER D,3021,94.91,0.318,12.9,23.59,,1,0.375,3
B5 SH,ALEXANDER D,3021.5,90.57,0.312,12.3,23.56,,1,0.25,3
B5 SH,ALEXANDER D,3022,81.18,0.324,11.1,23.74,,1,0.125,3
B5 LM,ALEXANDER D,3022.5,43.14,0.34,0.6,16.815,,2,1,8
B5 LM,ALEXANDER D,3023,33.38,0.36,4.2,15.15,,2,0.967,8
B5 LM,ALEXANDER D,3023.5,29.88,0.38,6,15.305,,2,0.933,8
B5 LM,ALEXANDER D,3024,28.03,0.354,6.6,15.51,,2,0.9,8
B5 LM,ALEXANDER D,3024.5,27.17,0.336,6.5,15.77,,2,0.867,8
B5 LM,ALEXANDER D,3025,26.22,0.305,4.1,17.315,,2,0.833,8
B5 LM,ALEXANDER D,3025.5,24.5,0.243,3,18.23,,2,0.8,8
B5 LM,ALEXANDER D,3026,22.65,0.179,2,18.72,,2,0.767,8
B5 LM,ALEXANDER D,3026.5,19.4,0.158,1.1,18.76,,2,0.733,8
B5 LM,ALEXANDER D,3027,17.21,0.155,-0.5,18.505,,2,0.7,8
B5 LM,ALEXANDER D,3027.5,14.82,0.158,-1.4,17.86,,2,0.667,8
B5 LM,ALEXANDER D,3028,13.34,0.17,-0.2,16.15,,2,0.633,8
B5 LM,ALEXANDER D,3028.5,14.37,0.188,1.1,14.38,,2,0.6,8
B5 LM,ALEXANDER D,3029,16.58,0.236,1.7,12.975,,2,0.567,8
B5 LM,ALEXANDER D,3029.5,19.36,0.342,1.7,11.93,,2,0.533,8
B5 LM,ALEXANDER D,3030,22.13,0.417,2.2,11.195,,2,0.5,6
B5 LM,ALEXANDER D,3030.5,24.46,0.441,3.7,10.44,,2,0.467,6
B5 LM,ALEXANDER D,3031,27.42,0.452,4.8,10.075,,2,0.433,6
B5 LM,ALEXANDER D,3031.5,31.51,0.452,6.1,10.06,,2,0.4,6
B5 LM,ALEXANDER D,3032,36.65,0.452,6.9,10.375,,2,0.367,7
B5 LM,ALEXANDER D,3032.5,42.07,0.452,7.3,10.785,,2,0.333,7
B5 LM,ALEXANDER D,3033,44.85,0.464,6.9,11.1,,2,0.3,8
B5 LM,ALEXANDER D,3033.5,43.82,0.487,3.2,12.825,,2,0.267,8
B5 LM,ALEXANDER D,3034,42.31,0.504,3.2,12.595,,2,0.233,8
B5 LM,ALEXANDER D,3034.5,45.53,0.52,3.7,11.585,,2,0.2,8
B5 LM,ALEXANDER D,3035,53.57,0.524,3.7,10.93,,2,0.167,6
B5 LM,ALEXANDER D,3035.5,58.75,0.519,3.8,10.71,,2,0.133,5
B5 LM,ALEXANDER D,3036,62.45,0.5,3.7,10.68,,2,0.1,6
B5 LM,ALEXANDER D,3036.5,64.3,0.476,6.7,12.145,,2,0.067,8
B5 LM,ALEXANDER D,3037,83.36,0.43,10.6,14.415,,2,0.033,8
C SH,ALEXANDER D,3037.5,99.93,0.377,13,19.93,,1,1,3
C SH,ALEXANDER D,3038,107.9,0.35,10.7,23.79,,1,0.981,3
C SH,ALEXANDER D,3038.5,109.79,0.338,10.3,24.205,,1,0.962,3
C SH,ALEXANDER D,3039,107.46,0.338,8.9,23.415,,1,0.943,3
C SH,ALEXANDER D,3039.5,104.2,0.364,8.8,21.355,,1,0.925,3
C SH,ALEXANDER D,3040,100.89,0.403,8.5,19.2,,1,0.906,3
C SH,ALEXANDER D,3040.5,96.81,0.436,9.1,18.54,,1,0.887,3
C SH,ALEXANDER D,3041,93.52,0.45,10.1,18.555,,1,0.868,3
C SH,ALEXANDER D,3041.5,91.17,0.464,9.5,19.16,,1,0.849,3
C SH,ALEXANDER D,3042,91.16,0.48,7,20.555,,1,0.83,3
C SH,ALEXANDER D,3042.5,91.16,0.498,7,20.82,,1,0.811,3
C SH,ALEXANDER D,3043,90.22,0.511,9.2,20.195,,1,0.792,3
C SH,ALEXANDER D,3043.5,88.76,0.513,11.7,19.065,,1,0.774,3
C SH,ALEXANDER D,3044,87.23,0.525,10.5,18.955,,1,0.755,3
C SH,ALEXANDER D,3044.5,86.48,0.528,7.5,19.295,,1,0.736,3
C SH,ALEXANDER D,3045,86.01,0.528,4.6,19.375,,1,0.717,2
C SH,ALEXANDER D,3045.5,86.01,0.522,5.6,17.82,,1,0.698,2
C SH,ALEXANDER D,3046,86,0.516,8.9,15.975,,1,0.679,2
C SH,ALEXANDER D,3046.5,87.85,0.516,12,14.545,,1,0.66,2
C SH,ALEXANDER D,3047,90.4,0.522,13,14.125,,1,0.642,2
C SH,ALEXANDER D,3047.5,92.34,0.56,13.1,13.93,,1,0.623,2
C SH,ALEXANDER D,3048,93.96,0.592,12.6,13.6,,1,0.604,2
C SH,ALEXANDER D,3048.5,94.35,0.607,11.9,13.58,,1,0.585,2
C SH,ALEXANDER D,3049,93.85,0.607,11,13.95,,1,0.566,2
C SH,ALEXANDER D,3049.5,92.45,0.607,9.3,14.73,,1,0.547,2
C SH,ALEXANDER D,3050,91.43,0.613,10,14.335,,1,0.528,2
C SH,ALEXANDER D,3050.5,90.38,0.603,10.8,13.985,,1,0.509,2
C SH,ALEXANDER D,3051,91.31,0.592,11.9,14.05,,1,0.491,2
C SH,ALEXANDER D,3051.5,94.47,0.582,12.7,14.2,,1,0.472,2
C SH,ALEXANDER D,3052,95.67,0.575,13.6,14.39,,1,0.453,2
C SH,ALEXANDER D,3052.5,95.66,0.584,13.7,14.61,,1,0.434,2
C SH,ALEXANDER D,3053,94.72,0.593,13.2,14.95,,1,0.415,2
C SH,ALEXANDER D,3053.5,93.76,0.588,11.4,14.8,,1,0.396,2
C SH,ALEXANDER D,3054,91.57,0.581,10.6,14.75,,1,0.377,2
C SH,ALEXANDER D,3054.5,88.82,0.581,11.3,13.885,,1,0.358,2
C SH,ALEXANDER D,3055,88.2,0.575,11.2,13.455,,1,0.34,2
C SH,ALEXANDER D,3055.5,89.12,0.568,11.1,13.295,,1,0.321,2
C SH,ALEXANDER D,3056,89.11,0.562,11.4,13.205,,1,0.302,2
C SH,ALEXANDER D,3056.5,89.68,0.559,11.8,14.08,,1,0.283,2
C SH,ALEXANDER D,3057,95.2,0.553,9.3,15.595,,1,0.264,2
C SH,ALEXANDER D,3057.5,100.38,0.533,7,16.775,,1,0.245,2
C SH,ALEXANDER D,3058,100.69,0.502,5.6,17.655,,1,0.226,2
C SH,ALEXANDER D,3058.5,101.17,0.48,9.3,17.035,,1,0.208,2
C SH,ALEXANDER D,3059,105.79,0.45,13.6,17.85,,1,0.189,2
C SH,ALEXANDER D,3059.5,110.42,0.431,14.7,18.84,,1,0.17,3
C SH,ALEXANDER D,3060,115.02,0.408,15.2,19.66,,1,0.151,3
C SH,ALEXANDER D,3060.5,118.87,0.394,12.1,20.855,,1,0.132,3
C SH,ALEXANDER D,3061,120.98,0.389,8,20.965,,1,0.113,3
C SH,ALEXANDER D,3061.5,120.17,0.382,8.7,19.085,,1,0.075,3
C SH,ALEXANDER D,3062,118.88,0.384,10.7,19.515,,1,0.057,3
C SH,ALEXANDER D,3062.5,117.37,0.407,9.4,20.135,,1,0.038,3
C SH,ALEXANDER D,3063,112.94,0.438,7.4,21.47,,1,0.019,3
C LM,ALEXANDER D,3063.5,104.72,0.468,5.8,22.55,,2,1,5
C LM,ALEXANDER D,3064,93.17,0.498,5.1,23.07,,2,0.991,8
C LM,ALEXANDER D,3064.5,82.73,0.559,5.6,19.8,,2,0.983,8
C LM,ALEXANDER D,3065,71.43,0.687,1.3,10.76,,2,0.974,8
C LM,ALEXANDER D,3065.5,52.48,0.923,0.9,6.66,,2,0.966,8
C LM,ALEXANDER D,3066,29.52,0.898,0.6,6.32,,2,0.957,8
C LM,ALEXANDER D,3066.5,20.23,0.857,0.6,6.24,,2,0.948,8
C LM,ALEXANDER D,3067,19.76,0.801,0.6,6.4,,2,0.94,6
C LM,ALEXANDER D,3067.5,20.21,0.76,0.8,6.82,,2,0.931,6
C LM,ALEXANDER D,3068,21.11,0.721,0.6,8.14,,2,0.922,6
C LM,ALEXANDER D,3068.5,28.3,0.78,0.2,9.295,,2,0.914,6
C LM,ALEXANDER D,3069,33.2,0.86,2.1,8.725,,2,0.905,5
C LM,ALEXANDER D,3069.5,34.58,0.844,3.6,7.585,,2,0.897,8
C LM,ALEXANDER D,3070,35.04,0.827,3.5,6.925,,2,0.888,8
C LM,ALEXANDER D,3070.5,31.78,0.809,3.7,6.7,,2,0.879,8
C LM,ALEXANDER D,3071,25.36,0.78,3.8,6.585,,2,0.871,6
C LM,ALEXANDER D,3071.5,24.34,0.724,6,7.545,,2,0.862,6
C LM,ALEXANDER D,3072,24.38,0.644,8,9.3,,2,0.853,7
C LM,ALEXANDER D,3072.5,25.72,0.601,6.7,10.78,,2,0.845,7
C LM,ALEXANDER D,3073,31.28,0.594,6.9,10.86,,2,0.836,7
C LM,ALEXANDER D,3073.5,33.13,0.607,6.8,10.785,,2,0.828,7
C LM,ALEXANDER D,3074,33.13,0.627,5.4,10.165,,2,0.819,7
C LM,ALEXANDER D,3074.5,33.28,0.658,3.3,9.935,,2,0.81,7
C LM,ALEXANDER D,3075,35.32,0.697,1.6,9.495,,2,0.802,7
C LM,ALEXANDER D,3075.5,39.73,0.732,2,8.185,,2,0.793,7
C LM,ALEXANDER D,3076,44.71,0.78,3.7,7.35,,2,0.784,6
C LM,ALEXANDER D,3076.5,47.02,0.859,4.9,7.025,,2,0.776,6
C LM,ALEXANDER D,3077,47.48,0.895,6.4,7.11,,2,0.767,6
C LM,ALEXANDER D,3077.5,47.67,0.914,6.6,6.95,,2,0.759,6
C LM,ALEXANDER D,3078,48.06,0.92,6.5,7.035,,2,0.75,6
C LM,ALEXANDER D,3078.5,48.06,0.92,6.5,7.035,,2,0.75,6
C LM,ALEXANDER D,3079,50.2,0.92,6.4,7.17,,2,0.741,6
C LM,ALEXANDER D,3079.5,54.42,0.92,6.2,7.405,,2,0.733,6
C LM,ALEXANDER D,3080,55.8,0.919,5.5,7.825,,2,0.724,5
C LM,ALEXANDER D,3080.5,53.94,0.919,4.5,8.11,,2,0.716,5
C LM,ALEXANDER D,3081,51.81,0.919,3.3,8.435,,2,0.707,5
C LM,ALEXANDER D,3081.5,49.4,0.913,3,8.51,,2,0.698,5
C LM,ALEXANDER D,3082,47.78,0.913,3.3,8.385,,2,0.69,5
C LM,ALEXANDER D,3082.5,46.95,0.906,4.6,8.06,,2,0.681,5
C LM,ALEXANDER D,3083,47.4,0.906,5.2,8.07,,2,0.672,5
C LM,ALEXANDER D,3083.5,48.32,0.9,5.4,8.265,,2,0.664,5
C LM,ALEXANDER D,3084,49.07,0.897,4.3,9,,2,0.655,5
C LM,ALEXANDER D,3084.5,50.13,0.897,2.5,9.66,,2,0.647,5
C LM,ALEXANDER D,3085,51.38,0.902,3.5,9.08,,2,0.638,6
C LM,ALEXANDER D,3085.5,52.62,0.913,4.7,8.5,,2,0.629,6
C LM,ALEXANDER D,3086,54.33,0.925,5,8.235,,2,0.621,6
C LM,ALEXANDER D,3086.5,56.18,0.937,4.8,8.01,,2,0.612,6
C LM,ALEXANDER D,3087,57.56,0.942,4.2,8.02,,2,0.603,6
C LM,ALEXANDER D,3087.5,59.25,0.942,3.6,8.03,,2,0.595,6
C LM,ALEXANDER D,3088,61.36,0.942,3.5,8.105,,2,0.586,6
C LM,ALEXANDER D,3088.5,63.92,0.936,5.3,7.895,,2,0.578,6
C LM,ALEXANDER D,3089,67.46,0.932,7,7.805,,2,0.569,6
C LM,ALEXANDER D,3089.5,72.85,0.907,8.5,7.94,,2,0.56,6
C LM,ALEXANDER D,3090,84.46,0.879,10.1,8.63,,2,0.552,6
C LM,ALEXANDER D,3090.5,98.11,0.843,10.7,9.26,,2,0.543,6
C LM,ALEXANDER D,3091,115.09,0.816,10.7,9.59,,2,0.534,5
C LM,ALEXANDER D,3091.5,128.3,0.792,10.1,9.835,,2,0.526,5
C LM,ALEXANDER D,3092,128.3,0.792,10.1,9.835,,2,0.526,4
C LM,ALEXANDER D,3092.5,141.19,0.781,7,10.78,,2,0.517,4
C LM,ALEXANDER D,3093,168.43,0.781,2.2,12.9,,2,0.509,4
C LM,ALEXANDER D,3093.5,159.61,0.781,1.3,13.73,,2,0.5,4
C LM,ALEXANDER D,3094,146.35,0.78,2.4,13.675,,2,0.491,4
C LM,ALEXANDER D,3094.5,137.77,0.78,3.2,13.37,,2,0.483,4
C LM,ALEXANDER D,3095,110.36,0.78,3.9,13.145,,2,0.474,4
C LM,ALEXANDER D,3095.5,93.18,0.78,4.7,13,,2,0.466,4
C LM,ALEXANDER D,3096,78.74,0.778,5.3,12.895,,2,0.457,4
C LM,ALEXANDER D,3096.5,71.43,0.766,5.2,12.635,,2,0.448,4
C LM,ALEXANDER D,3097,69.7,0.754,4.4,12.68,,2,0.44,4
C LM,ALEXANDER D,3097.5,69.01,0.736,4.2,13.25,,2,0.431,4
C LM,ALEXANDER D,3098,68.54,0.719,4.8,13.905,,2,0.422,4
C LM,ALEXANDER D,3098.5,68.53,0.7,6,14.32,,2,0.414,4
C LM,ALEXANDER D,3099,69,0.694,6.6,14.4,,2,0.405,4
C LM,ALEXANDER D,3099.5,69.27,0.687,6.8,14.28,,2,0.397,4
C LM,ALEXANDER D,3100,69.91,0.68,6.7,14.21,,2,0.388,4
C LM,ALEXANDER D,3100.5,70.99,0.678,6.7,14.48,,2,0.379,4
C LM,ALEXANDER D,3101,71.95,0.674,7,15.205,,2,0.371,4
C LM,ALEXANDER D,3101.5,73.74,0.672,7.1,15.8,,2,0.362,4
C LM,ALEXANDER D,3102,77.33,0.668,6.9,15.985,,2,0.353,4
C LM,ALEXANDER D,3102.5,82.89,0.667,7.1,15.925,,2,0.345,4
C LM,ALEXANDER D,3103,91.25,0.667,7.3,15.86,,2,0.336,4
C LM,ALEXANDER D,3103.5,96.66,0.663,7.9,16.08,,2,0.328,4
C LM,ALEXANDER D,3104,99.78,0.668,8.5,16.695,,2,0.319,4
C LM,ALEXANDER D,3104.5,100.52,0.698,10,16.165,,2,0.31,4
C LM,ALEXANDER D,3105,100.52,0.697,10.3,16.085,,2,0.302,4
C LM,ALEXANDER D,3105.5,99.28,0.697,8.1,15.16,,2,0.293,4
C LM,ALEXANDER D,3106,96.61,0.697,5.5,14.04,,2,0.284,4
C LM,ALEXANDER D,3106.5,87.87,0.696,3.2,13.055,,2,0.276,4
C LM,ALEXANDER D,3107,74.49,0.702,2.2,12.83,,2,0.267,6
C LM,ALEXANDER D,3107.5,66.13,0.703,3.6,11.6,,2,0.259,6
C LM,ALEXANDER D,3108,67.05,0.72,7.9,11.32,,2,0.25,6
C LM,ALEXANDER D,3108.5,75.94,0.687,12.6,12.935,,2,0.241,6
C LM,ALEXANDER D,3109,90.7,0.625,15.2,14.45,,2,0.233,4
C LM,ALEXANDER D,3109.5,101.41,0.55,16.8,15.515,,1,0.224,2
C LM,ALEXANDER D,3110,105.12,0.489,18.2,16.625,,1,0.216,2
C LM,ALEXANDER D,3110.5,107.1,0.43,17.7,17.06,,1,0.207,2
C LM,ALEXANDER D,3111,103.88,0.393,14.7,18.785,,1,0.198,2
C LM,ALEXANDER D,3111.5,97.63,0.356,11.6,18.98,,1,0.19,2
C LM,ALEXANDER D,3112,30.78,0.283,1.3,17.555,,2,0.164,8
C LM,ALEXANDER D,3112.5,24.65,0.262,0.8,17.925,,2,0.155,8
C LM,ALEXANDER D,3113,23.36,0.243,3.9,16.51,,2,0.147,8
C LM,ALEXANDER D,3113.5,27.77,0.23,6.6,15.915,,2,0.138,8
C LM,ALEXANDER D,3114,32.19,0.238,6.8,15.845,,2,0.129,8
C LM,ALEXANDER D,3114.5,36.6,0.243,6.7,15.605,,2,0.121,8
C LM,ALEXANDER D,3115,41.01,0.253,4.5,15.51,,2,0.112,8
C LM,ALEXANDER D,3115.5,45.42,0.265,0.9,14.905,,2,0.103,8
C LM,ALEXANDER D,3116,49.83,0.288,-1.7,13.62,,2,0.095,8
C LM,ALEXANDER D,3116.5,54.24,0.318,-2.7,12.285,,2,0.086,8
C LM,ALEXANDER D,3117,58.65,0.408,-4.2,10.255,,2,0.078,8
C LM,ALEXANDER D,3117.5,63.07,0.66,-3.6,9.37,,2,0.069,8
C LM,ALEXANDER D,3118,66.12,0.79,-2.9,8.73,,2,0.06,8
C LM,ALEXANDER D,3118.5,67.66,0.878,-2.2,8.325,,2,0.052,8
C LM,ALEXANDER D,3119,68.34,0.91,-1.8,8.065,,2,0.043,8
C LM,ALEXANDER D,3119.5,67.87,0.926,1.8,8.175,,2,0.034,8
C LM,ALEXANDER D,3120,66,0.928,6.3,8.54,,2,0.026,8
C LM,ALEXANDER D,3120.5,67.39,0.898,9.6,9.755,,2,0.017,8
C LM,ALEXANDER D,3121,76.58,0.85,12.1,10.815,,2,0.009,8
A1 SH,KIMZEY A,2918.5,73.816,0.769,5.226,11.348,,1,1,1
A1 SH,KIMZEY A,2919,75.118,0.627,8.198,13.164,,1,0.978,1
A1 SH,KIMZEY A,2919.5,72.434,0.535,10.867,15.0755,,1,0.956,1
A1 SH,KIMZEY A,2920,66.161,0.568,4.566,16.905,,1,0.933,2
A1 SH,KIMZEY A,2920.5,63.104,0.65,2.083,15.8835,,1,0.911,2
A1 SH,KIMZEY A,2921,61.708,0.732,4.292,12.036,,1,0.889,1
A1 SH,KIMZEY A,2921.5,60.478,0.688,4.236,10.908,,1,0.867,2
A1 SH,KIMZEY A,2922,58.876,0.683,2.449,12.1045,,1,0.844,1
A1 SH,KIMZEY A,2922.5,56.785,0.753,2.311,12.9165,,1,0.822,1
A1 SH,KIMZEY A,2923,54.551,0.759,0.748,13.147,,1,0.8,1
A1 SH,KIMZEY A,2923.5,55.816,0.802,0.101,14.3515,,1,0.778,1
A1 SH,KIMZEY A,2924,59.263,0.759,0.936,16.575,,1,0.756,3
A1 SH,KIMZEY A,2924.5,62.969,0.421,1.513,17.7715,,1,0.733,3
A1 SH,KIMZEY A,2925,65.403,0.33,5.722,23.48,,1,0.711,1
A1 SH,KIMZEY A,2925.5,67.745,0.285,6.988,25.213,,1,0.689,3
A1 SH,KIMZEY A,2926,68.45,0.35,5.392,27.221,,1,0.667,3
A1 SH,KIMZEY A,2926.5,68.727,0.475,5.888,30.11,,1,0.644,3
A1 SH,KIMZEY A,2927,66.604,0.677,11.995,16.2725,,1,0.622,2
A1 SH,KIMZEY A,2927.5,63.92,0.721,7.923,12.4755,,1,0.6,2
A1 SH,KIMZEY A,2928,58.267,0.737,7.923,10.7705,,1,0.578,2
A1 SH,KIMZEY A,2928.5,56.916,0.677,6.987,9.7525,,1,0.556,2
A1 SH,KIMZEY A,2929,56.618,0.65,6.492,9.395,,1,0.533,2
A1 SH,KIMZEY A,2929.5,60.636,0.639,6.602,10.055,,1,0.511,2
A1 SH,KIMZEY A,2930,61.96,0.606,6.602,10.495,,1,0.489,3
A1 SH,KIMZEY A,2930.5,64.962,0.59,6.328,11.293,,1,0.467,3
A1 SH,KIMZEY A,2931,67.517,0.563,7.098,12.118,,1,0.444,3
A1 SH,KIMZEY A,2931.5,68.959,0.552,8.308,12.118,,1,0.422,3
A1 SH,KIMZEY A,2932,66.302,0.552,8.473,11.7055,,1,0.4,3
A1 SH,KIMZEY A,2932.5,61.404,0.59,8.033,10.9355,,1,0.378,3
A1 SH,KIMZEY A,2933,56.906,0.623,6.217,10.4675,,1,0.356,2
A1 SH,KIMZEY A,2933.5,55.656,0.655,5.612,11.045,,1,0.333,2
A1 SH,KIMZEY A,2934,55.94,0.639,6.218,11.678,,1,0.311,2
A1 SH,KIMZEY A,2934.5,58.334,0.617,8.143,13.0815,,1,0.289,2
A1 SH,KIMZEY A,2935,59.547,0.59,9.793,14.0715,,1,0.267,2
A1 SH,KIMZEY A,2935.5,62.762,0.601,9.958,14.154,,1,0.244,2
A1 SH,KIMZEY A,2936,65.695,0.633,9.408,13.549,,1,0.222,2
A1 SH,KIMZEY A,2936.5,70.578,0.633,10.399,11.5135,,1,0.2,2
A1 SH,KIMZEY A,2937,73.069,0.601,10.206,11.499,,1,0.178,2
A1 SH,KIMZEY A,2937.5,74.041,0.623,10.894,12.091,,1,0.156,3
A1 SH,KIMZEY A,2938,74.037,0.732,11.389,12.6135,,1,0.133,3
A1 SH,KIMZEY A,2938.5,72.422,0.737,12.27,13.329,,1,0.111,3
A1 SH,KIMZEY A,2939,71.318,0.532,12.819,15.3095,,1,0.089,3
A1 SH,KIMZEY A,2939.5,68.421,0.432,12.6,16.41,,1,0.067,3
A1 SH,KIMZEY A,2940,66.15,0.443,15.571,18.9405,,1,0.044,3
A1 SH,KIMZEY A,2940.5,60.517,0.525,14.47,20.096,,1,0.022,3
A1 LM,KIMZEY A,2941,57.391,0.653,9.262,18.024,,1,1,6
A1 LM,KIMZEY A,2941.5,47.916,0.819,15.681,13.4935,,2,0.988,8
A1 LM,KIMZEY A,2942,38.771,0.966,11.664,12.311,,2,0.976,8
A1 LM,KIMZEY A,2942.5,34.811,1.184,5.178,7.796,,2,0.964,8
A1 LM,KIMZEY A,2943,34.846,1.364,3.576,6.176,,2,0.952,8
A1 LM,KIMZEY A,2943.5,39.206,1.402,1.981,6.5885,,2,0.94,8
A1 LM,KIMZEY A,2944,42.445,1.429,2.421,6.0935,,2,0.929,8
A1 LM,KIMZEY A,2944.5,44.914,1.445,3.425,5.5915,,2,0.917,8
A1 LM,KIMZEY A,2945,41.339,1.462,4.787,5.2405,,2,0.905,8
A1 LM,KIMZEY A,2945.5,36.036,1.435,6.052,5.048,,2,0.893,8
A1 LM,KIMZEY A,2946,34.817,1.326,7.702,4.663,,2,0.881,6
A1 LM,KIMZEY A,2946.5,36.339,1.054,8.914,5.103,,2,0.869,6
A1 LM,KIMZEY A,2947,41.035,0.857,10.619,6.6165,,2,0.857,6
A1 LM,KIMZEY A,2947.5,44.711,0.791,11.499,7.5515,,2,0.845,6
A1 LM,KIMZEY A,2948,49.27,0.742,12.105,8.7895,,2,0.833,5
A1 LM,KIMZEY A,2948.5,50.791,0.721,14.415,8.7895,,2,0.821,5
A1 LM,KIMZEY A,2949,54.86,0.715,13.093,9.8355,,2,0.81,5
A1 LM,KIMZEY A,2949.5,59.829,0.721,12.104,10.55,,2,0.798,5
A1 LM,KIMZEY A,2950,62.092,0.764,11.884,10.66,,2,0.786,5
A1 LM,KIMZEY A,2950.5,65.692,0.906,11.664,10.66,,2,0.774,5
A1 LM,KIMZEY A,2951,74.874,1.042,9.188,9.312,,2,0.762,6
A1 LM,KIMZEY A,2951.5,80.549,1.108,9.354,7.139,,2,0.75,6
A1 LM,KIMZEY A,2952,86.97,1.282,7.703,5.4605,,2,0.738,6
A1 LM,KIMZEY A,2952.5,95.071,1.234,6.045,5.9875,,2,0.726,6
A1 LM,KIMZEY A,2953,116.632,1.129,7.978,8.597,,2,0.714,5
A1 LM,KIMZEY A,2953.5,133.545,0.988,8.908,9.948,,2,0.702,5
A1 LM,KIMZEY A,2954,126.67,0.879,10.686,10.269,,2,0.69,5
A1 LM,KIMZEY A,2954.5,116.684,0.911,12.789,10.5935,,2,0.679,5
A1 LM,KIMZEY A,2955,81.969,0.993,12.654,10.33,,2,0.667,8
A1 LM,KIMZEY A,2955.5,60.123,1.124,9.299,10.5775,,2,0.655,8
A1 LM,KIMZEY A,2956,43.495,1.173,5.605,10.3335,,2,0.643,8
A1 LM,KIMZEY A,2956.5,31.575,1.184,1.541,10.6055,,2,0.631,8
A1 LM,KIMZEY A,2957,27.186,1.118,0.66,10.55,,2,0.619,8
A1 LM,KIMZEY A,2957.5,25.622,1.037,-0.55,9.945,,2,0.607,8
A1 LM,KIMZEY A,2958,25.513,1.02,-0.66,9.285,,2,0.595,8
A1 LM,KIMZEY A,2958.5,28.526,1.189,-0.716,8.542,,2,0.583,8
A1 LM,KIMZEY A,2959,31.004,1.244,-0.495,7.8265,,2,0.571,6
A1 LM,KIMZEY A,2959.5,33.895,1.358,1.678,7.098,,2,0.56,6
A1 LM,KIMZEY A,2960,36.256,1.369,3.686,6.616,,2,0.548,6
A1 LM,KIMZEY A,2960.5,39.527,1.168,5.821,7.0235,,2,0.536,6
A1 LM,KIMZEY A,2961,44.079,1.079,6.492,7.414,,2,0.524,6
A1 LM,KIMZEY A,2961.5,47.828,0.979,7.043,9.1745,,2,0.512,4
A1 LM,KIMZEY A,2962,50.19,0.849,7.125,10.6465,,2,0.5,4
A1 LM,KIMZEY A,2962.5,53.066,0.748,7.923,11.5955,,2,0.488,4
A1 LM,KIMZEY A,2963,55.379,0.726,10.014,13.136,,2,0.476,4
A1 LM,KIMZEY A,2963.5,56.364,0.721,10.564,13.356,,2,0.464,4
A1 LM,KIMZEY A,2964,57.217,0.721,11.775,13.5215,,2,0.452,4
A1 LM,KIMZEY A,2964.5,58.159,0.737,11.5,14.154,,2,0.44,4
A1 LM,KIMZEY A,2965,59.694,0.753,10.674,14.732,,2,0.429,4
A1 LM,KIMZEY A,2965.5,60.91,0.802,11.829,13.2185,,2,0.417,4
A1 LM,KIMZEY A,2966,62.221,0.773,13.068,12.93,,2,0.405,4
A1 LM,KIMZEY A,2966.5,63.505,0.736,12.545,13.1365,,2,0.393,4
A1 LM,KIMZEY A,2967,63.869,0.708,11.774,13.081,,2,0.381,4
A1 LM,KIMZEY A,2967.5,64.143,0.677,11.983,12.2065,,2,0.369,4
A1 LM,KIMZEY A,2968,62.938,0.655,11.593,11.2465,,2,0.357,4
A1 LM,KIMZEY A,2968.5,61.374,0.737,10.454,11.541,,2,0.345,4
A1 LM,KIMZEY A,2969,57.433,0.862,8.389,11.9675,,2,0.333,4
A1 LM,KIMZEY A,2969.5,56.131,0.819,7.042,12.476,,2,0.321,4
A1 LM,KIMZEY A,2970,52.54,0.796,9.133,11.1555,,2,0.31,4
A1 LM,KIMZEY A,2970.5,51.223,0.89,9.684,10.55,,2,0.298,4
A1 LM,KIMZEY A,2971,50.608,0.873,9.959,9.5875,,2,0.286,4
A1 LM,KIMZEY A,2971.5,50.08,0.906,8.309,9.9175,,2,0.274,4
A1 LM,KIMZEY A,2972,49.589,0.939,6.767,10.2475,,2,0.262,4
A1 LM,KIMZEY A,2972.5,48.466,0.955,6.193,10.7305,,2,0.25,4
A1 LM,KIMZEY A,2973,47.694,0.96,7.483,10.2755,,2,0.238,4
A1 LM,KIMZEY A,2973.5,48.353,0.966,7.317,10.0825,,2,0.226,4
A1 LM,KIMZEY A,2974,49.337,0.83,4.731,11.0455,,2,0.214,4
A1 LM,KIMZEY A,2974.5,55.521,0.797,6.185,12.3225,,2,0.202,4
A1 LM,KIMZEY A,2975,58.802,0.759,8.859,12.5035,,2,0.19,4
A1 LM,KIMZEY A,2975.5,62.155,0.715,11.98,13.143,,2,0.179,4
A1 LM,KIMZEY A,2976,62.962,0.71,12.81,12.107,,2,0.167,4
A1 LM,KIMZEY A,2976.5,61.659,0.824,12.711,11.2385,,2,0.155,4
A1 LM,KIMZEY A,2977,60.723,0.917,12.544,10.275,,2,0.143,4
A1 LM,KIMZEY A,2977.5,63.254,0.988,10.014,9.725,,2,0.131,4
A1 LM,KIMZEY A,2978,67.182,1.026,10.234,8.294,,2,0.119,4
A1 LM,KIMZEY A,2978.5,70.126,1.086,8.528,7.827,,2,0.107,5
A1 LM,KIMZEY A,2979,72.706,1.178,6.822,7.194,,2,0.095,5
A1 LM,KIMZEY A,2979.5,70.559,1.222,6.245,5.9145,,2,0.083,6
A1 LM,KIMZEY A,2980,70.829,1.249,3.686,5.846,,2,0.071,6
A1 LM,KIMZEY A,2980.5,74.178,1.249,3.411,5.7635,,2,0.06,8
A1 LM,KIMZEY A,2981,75.855,1.249,3.73,6.253,,2,0.048,8
A1 LM,KIMZEY A,2981.5,74.898,1.227,2.434,7.916,,2,0.036,8
A1 LM,KIMZEY A,2982,75.331,1.178,3.659,8.5285,,2,0.024,8
A1 LM,KIMZEY A,2982.5,76.272,0.988,5.062,8.459,,2,0.012,8
B1 SH,KIMZEY A,2983,82.485,0.79,7.788,10.978,,1,1,3
B1 SH,KIMZEY A,2983.5,83.761,0.732,11.664,14.787,,1,0.96,3
B1 SH,KIMZEY A,2984,82.284,0.557,14.572,18.395,,1,0.92,3
B1 SH,KIMZEY A,2984.5,79.657,0.557,13.15,21.582,,1,0.88,3
B1 SH,KIMZEY A,2985,77.044,0.606,13.932,21.356,,1,0.84,3
B1 SH,KIMZEY A,2985.5,71.624,0.677,12.646,20.172,,1,0.8,3
B1 SH,KIMZEY A,2986,68.35,0.635,10.998,18.806,,1,0.76,3
B1 SH,KIMZEY A,2986.5,61.636,0.595,7.648,16.575,,1,0.72,3
B1 SH,KIMZEY A,2987,60.02,0.666,11.341,15.0105,,1,0.68,2
B1 SH,KIMZEY A,2987.5,57.334,0.74,15.736,13.301,,1,0.64,2
B1 SH,KIMZEY A,2988,51.604,0.82,8.804,15.172,,1,0.6,2
B1 SH,KIMZEY A,2988.5,47.143,0.888,7.212,12.611,,1,0.56,2
B1 SH,KIMZEY A,2989,44.586,0.966,4.979,9.4085,,1,0.52,2
B1 SH,KIMZEY A,2989.5,45.435,0.96,3.301,9.1195,,1,0.48,2
B1 SH,KIMZEY A,2990,44.447,0.911,3.906,8.267,,1,0.44,2
B1 SH,KIMZEY A,2990.5,44.343,0.884,5.595,7.4505,,1,0.4,2
B1 SH,KIMZEY A,2991,46.069,0.868,7.647,7.3315,,1,0.36,2
B1 SH,KIMZEY A,2991.5,48.61,0.868,6.273,8.8995,,1,0.32,2
B1 SH,KIMZEY A,2992,49.756,0.911,8.467,9.0675,,1,0.28,2
B1 SH,KIMZEY A,2992.5,49.709,0.862,9.998,8.962,,1,0.24,2
B1 SH,KIMZEY A,2993,49.673,0.795,11.664,9.505,,1,0.2,2
B1 SH,KIMZEY A,2993.5,49.554,0.704,11.38,11.298,,1,0.16,2
B1 SH,KIMZEY A,2994,46.149,0.748,10.328,12.154,,1,0.12,2
B1 SH,KIMZEY A,2994.5,43.622,0.793,8.143,12.2555,,1,0.08,2
B1 SH,KIMZEY A,2995,36.663,0.873,7.538,10.743,,1,0.04,2
B1 LM,KIMZEY A,2995.5,30.458,0.944,8.254,9.89,,2,1,5
B1 LM,KIMZEY A,2996,23.578,0.988,9.243,8.6795,,2,0.973,8
B1 LM,KIMZEY A,2996.5,15.887,1.031,6.786,8.533,,2,0.946,8
B1 LM,KIMZEY A,2997,13.839,1.075,3.081,8.0195,,2,0.919,8
B1 LM,KIMZEY A,2997.5,13.488,1.124,1.761,7.9645,,2,0.892,8
B1 LM,KIMZEY A,2998,14.872,1.353,0.715,7.8265,,2,0.865,8
B1 LM,KIMZEY A,2998.5,15.609,1.429,-0.22,8.184,,2,0.838,8
B1 LM,KIMZEY A,2999,16.399,1.293,-0.78,8.959,,2,0.811,8
B1 LM,KIMZEY A,2999.5,16.823,1.019,0.623,10.8235,,2,0.784,8
B1 LM,KIMZEY A,3000,17.222,0.672,0.44,12.696,,2,0.757,8
B1 LM,KIMZEY A,3000.5,18.517,0.672,0.357,13.3425,,2,0.73,8
B1 LM,KIMZEY A,3001,19.516,0.737,3.796,11.953,,2,0.703,8
B1 LM,KIMZEY A,3001.5,20.442,0.926,2.035,10.0275,,2,0.676,8
B1 LM,KIMZEY A,3002,24.152,1.064,0.908,8.253,,2,0.649,8
B1 LM,KIMZEY A,3002.5,26.727,1.037,2.586,6.671,,2,0.622,8
B1 LM,KIMZEY A,3003,30.452,0.982,4.457,5.5155,,2,0.595,5
B1 LM,KIMZEY A,3003.5,31.861,0.971,4.841,5.8185,,2,0.568,5
B1 LM,KIMZEY A,3004,31.738,1.138,4.401,6.3135,,2,0.541,5
B1 LM,KIMZEY A,3004.5,29.468,1.245,3.329,6.2995,,2,0.514,6
B1 LM,KIMZEY A,3005,27.071,1.331,2.036,6.066,,2,0.486,6
B1 LM,KIMZEY A,3005.5,26.809,1.385,0.881,6.2585,,2,0.459,6
B1 LM,KIMZEY A,3006,27.558,1.304,0.881,6.2585,,2,0.432,6
B1 LM,KIMZEY A,3006.5,28.052,1.304,3.246,6.011,,2,0.405,6
B1 LM,KIMZEY A,3007,26.961,1.375,3.357,6.2585,,2,0.378,6
B1 LM,KIMZEY A,3007.5,25.043,1.32,4.347,7.0015,,2,0.351,6
B1 LM,KIMZEY A,3008,24.733,1.231,5.172,8.074,,2,0.324,8
B1 LM,KIMZEY A,3008.5,25.028,1.104,5.007,9.6425,,2,0.297,8
B1 LM,KIMZEY A,3009,27.922,0.922,5.557,11.0175,,2,0.27,8
B1 LM,KIMZEY A,3009.5,35.886,0.791,5.254,11.527,,2,0.243,8
B1 LM,KIMZEY A,3010,40.984,0.871,5.558,11.293,,2,0.216,8
B1 LM,KIMZEY A,3010.5,47.502,0.976,5.227,10.5225,,2,0.189,8
B1 LM,KIMZEY A,3011,54.884,1.042,3.961,9.2845,,2,0.162,8
B1 LM,KIMZEY A,3011.5,71.764,1.097,4.071,8.1845,,2,0.135,8
B1 LM,KIMZEY A,3012,80.974,1.037,3.768,7.978,,2,0.108,8
B1 LM,KIMZEY A,3012.5,81.694,0.971,5.378,9.388,,2,0.081,8
B1 LM,KIMZEY A,3013,81.769,0.819,6.163,11.2105,,2,0.054,8
B1 LM,KIMZEY A,3013.5,77.668,0.71,6.438,13.989,,2,0.027,8
B2 SH,KIMZEY A,3014,74.262,0.573,10.729,15.9145,,1,1,3
B2 SH,KIMZEY A,3014.5,71.388,0.497,15.984,18.322,,1,0.929,3
B2 SH,KIMZEY A,3015,70.555,0.306,17.937,19.8485,,1,0.857,3
B2 SH,KIMZEY A,3015.5,74.138,0.422,14.525,22.5445,,1,0.786,3
B2 SH,KIMZEY A,3016,72.583,0.494,14.968,20.73,,1,0.714,3
B2 SH,KIMZEY A,3016.5,68.824,0.556,10.203,21.3735,,1,0.643,3
B2 SH,KIMZEY A,3017,65.282,0.628,9.904,19.271,,1,0.571,3
B2 SH,KIMZEY A,3017.5,60.532,0.71,10.729,14.0445,,1,0.5,3
B2 SH,KIMZEY A,3018,57.217,0.879,9.794,12.531,,1,0.429,3
B2 SH,KIMZEY A,3018.5,55.096,0.911,6.272,10.495,,1,0.357,3
B2 SH,KIMZEY A,3019,52.36,0.78,7.521,10.5145,,1,0.286,3
B2 SH,KIMZEY A,3019.5,51.351,0.737,9.051,10.8395,,1,0.214,2
B2 SH,KIMZEY A,3020,48.562,0.764,11.775,11.0455,,1,0.143,2
B2 SH,KIMZEY A,3020.5,43.998,0.922,10.048,12.184,,1,0.071,2
B2 LM,KIMZEY A,3021,39.7,1.046,5.943,11.4305,,2,1,5
B2 LM,KIMZEY A,3021.5,35.864,1.151,7.483,6.3135,,2,0.955,5
B2 LM,KIMZEY A,3022,28.812,1.276,5.474,4.484,,2,0.909,5
B2 LM,KIMZEY A,3022.5,24.317,1.381,6.163,3.6725,,2,0.864,8
B2 LM,KIMZEY A,3023,20.368,1.528,4.071,3.9475,,2,0.818,8
B2 LM,KIMZEY A,3023.5,18.842,1.734,3.301,3.8375,,2,0.773,8
B2 LM,KIMZEY A,3024,19.376,1.8,4.236,3.095,,2,0.727,8
B2 LM,KIMZEY A,3024.5,20.95,1.794,4.952,2.792,,2,0.682,8
B2 LM,KIMZEY A,3025,22.348,1.762,5.777,3.0945,,2,0.636,8
B2 LM,KIMZEY A,3025.5,30.047,1.625,2.925,5.0715,,2,0.591,8
B2 LM,KIMZEY A,3026,33.171,1.517,1.596,6.011,,2,0.545,8
B2 LM,KIMZEY A,3026.5,37.235,1.373,2.972,7.359,,2,0.5,8
B2 LM,KIMZEY A,3027,37.768,1.255,3.934,7.813,,2,0.455,8
B2 LM,KIMZEY A,3027.5,33.443,1.206,6.382,7.579,,2,0.409,8
B2 LM,KIMZEY A,3028,33.3,0.974,7.097,7.6065,,2,0.364,8
B2 LM,KIMZEY A,3028.5,35.489,0.846,7.592,7.469,,2,0.318,8
B2 LM,KIMZEY A,3029,37.509,0.931,7.813,6.5885,,2,0.273,8
B2 LM,KIMZEY A,3029.5,40.634,0.971,7.18,6.107,,2,0.227,5
B2 LM,KIMZEY A,3030,43.743,1.102,4.842,6.644,,2,0.182,5
B2 LM,KIMZEY A,3030.5,48.963,1.184,6.163,5.8185,,2,0.136,5
B2 LM,KIMZEY A,3031,51.045,1.249,6.878,6.011,,2,0.091,6
B2 LM,KIMZEY A,3031.5,53.929,0.987,8.797,7.5755,,2,0.045,6
B2 LM,KIMZEY A,3032,61.399,0.825,11.41,8.992,,2,0.01,5
B3 SH,KIMZEY A,3032.5,61.399,0.825,11.41,8.992,,1,1,3
B3 SH,KIMZEY A,3033,71.921,0.677,14.285,11.3765,,1,0.955,3
B3 SH,KIMZEY A,3033.5,73.821,0.464,16.695,15.1565,,1,0.909,3
B3 SH,KIMZEY A,3034,73.681,0.464,15.075,16.7675,,1,0.864,2
B3 SH,KIMZEY A,3034.5,71.35,0.579,12.033,16.2915,,1,0.818,2
B3 SH,KIMZEY A,3035,69.416,0.683,8.831,15.0205,,1,0.773,2
B3 SH,KIMZEY A,3035.5,67.261,0.764,9.978,10.678,,1,0.727,2
B3 SH,KIMZEY A,3036,64.868,0.819,11.012,9.611,,1,0.682,2
B3 SH,KIMZEY A,3036.5,62.321,0.762,12.214,9.56,,1,0.636,2
B3 SH,KIMZEY A,3037,62.074,0.753,10.6,10.312,,1,0.591,2
B3 SH,KIMZEY A,3037.5,61.119,0.748,8.198,10.605,,1,0.545,2
B3 SH,KIMZEY A,3038,61.291,0.742,7.703,10.7155,,1,0.5,2
B3 SH,KIMZEY A,3038.5,63.942,0.737,9.124,10.5,,1,0.455,2
B3 SH,KIMZEY A,3039,65.728,0.721,10.069,10.6325,,1,0.409,2
B3 SH,KIMZEY A,3039.5,67.095,0.699,10.729,11.0725,,1,0.364,2
B3 SH,KIMZEY A,3040,64.452,0.661,10.179,11.6505,,1,0.318,2
B3 SH,KIMZEY A,3040.5,62.594,0.721,10.014,12.036,,1,0.273,2
B3 SH,KIMZEY A,3041,60.872,0.791,9.959,12.3385,,1,0.227,3
B3 SH,KIMZEY A,3041.5,60.841,0.685,11.101,13.2395,,1,0.182,3
B3 SH,KIMZEY A,3042,59.067,0.525,11.829,16.0245,,1,0.136,3
B3 SH,KIMZEY A,3042.5,53.585,0.519,12.957,16.9465,,1,0.091,2
B3 SH,KIMZEY A,3043,40.166,0.869,12.325,17.1525,,1,0.045,2
B3 LM,KIMZEY A,3043.5,24.969,1.018,10.566,18.142,,2,1,8
B3 LM,KIMZEY A,3044,18.534,1.124,8.639,12.7235,,2,0.929,8
B3 LM,KIMZEY A,3044.5,16.033,0.9,11.389,11.7885,,2,0.857,8
B3 LM,KIMZEY A,3045,16.449,0.76,12.193,12.8625,,2,0.786,7
B3 LM,KIMZEY A,3045.5,19.393,0.557,15.196,15.332,,2,0.714,7
B3 LM,KIMZEY A,3046,20.225,0.41,16.892,16.96,,2,0.643,7
B3 LM,KIMZEY A,3046.5,21.419,0.404,18.267,16.3275,,2,0.571,7
B3 LM,KIMZEY A,3047,24.123,0.459,18.817,15.6675,,2,0.5,7
B3 LM,KIMZEY A,3047.5,25.921,0.628,16.699,14.3325,,2,0.429,7
B3 LM,KIMZEY A,3048,27.676,0.486,14.91,13.659,,2,0.357,7
B3 LM,KIMZEY A,3048.5,31.915,0.508,14.317,12.8555,,2,0.286,7
B3 LM,KIMZEY A,3049,34.768,0.584,12.38,11.513,,2,0.214,7
B3 LM,KIMZEY A,3049.5,41.164,0.623,10.124,10.385,,2,0.143,7
B3 LM,KIMZEY A,3050,45.517,0.693,8.886,8.803,,2,0.071,7
B4 SH,KIMZEY A,3050.5,54.149,0.699,7.648,8.652,,1,1,3
B4 SH,KIMZEY A,3051,58.366,0.688,7.373,8.7895,,1,0.944,2
B4 SH,KIMZEY A,3051.5,61.994,0.797,6.988,9.147,,1,0.889,2
B4 SH,KIMZEY A,3052,65.071,0.83,7.593,10.2755,,1,0.833,2
B4 SH,KIMZEY A,3052.5,67.312,0.753,9.133,11.4305,,1,0.778,2
B4 SH,KIMZEY A,3053,67.322,0.65,11.279,11.7335,,1,0.722,2
B4 SH,KIMZEY A,3053.5,63.599,0.612,14.085,11.4305,,1,0.667,2
B4 SH,KIMZEY A,3054,59.174,0.584,14.46,11.848,,1,0.611,2
B4 SH,KIMZEY A,3054.5,56.467,0.59,10.747,10.3515,,1,0.556,2
B4 SH,KIMZEY A,3055,55.051,0.672,8.844,9.76,,1,0.5,2
B4 SH,KIMZEY A,3055.5,55.424,0.715,9.346,10.161,,1,0.444,2
B4 SH,KIMZEY A,3056,58.234,0.808,10.133,10.8845,,1,0.389,2
B4 SH,KIMZEY A,3056.5,62.702,0.824,10.37,11.884,,1,0.333,2
B4 SH,KIMZEY A,3057,65.107,0.715,10.388,12.993,,1,0.278,2
B4 SH,KIMZEY A,3057.5,65.898,0.53,11.995,14.6215,,1,0.222,2
B4 SH,KIMZEY A,3058,63.371,0.415,16.341,17.2355,,1,0.167,2
B4 SH,KIMZEY A,3058.5,56.834,0.575,19.257,16.6575,,1,0.111,3
B4 SH,KIMZEY A,3059,44.687,0.753,13.784,14.456,,1,0.056,3
B4 LM,KIMZEY A,3059.5,31.567,0.939,7.263,11.8155,,2,1,5
B4 LM,KIMZEY A,3060,23.967,1.39,5.667,4.6905,,2,0.909,8
B4 LM,KIMZEY A,3060.5,22.997,1.642,5.282,3.287,,2,0.818,8
B4 LM,KIMZEY A,3061,26.018,1.642,4.279,4.5215,,2,0.727,8
B4 LM,KIMZEY A,3061.5,27.233,1.429,5.515,4.7795,,2,0.636,8
B4 LM,KIMZEY A,3062,29.239,1.312,6.446,5.19,,2,0.545,8
B4 LM,KIMZEY A,3062.5,31.972,1.15,6.162,6.424,,2,0.455,5
B4 LM,KIMZEY A,3063,35.527,1.016,7.978,7.882,,2,0.364,5
B4 LM,KIMZEY A,3063.5,39.981,0.923,7.208,9.477,,2,0.273,5
B4 LM,KIMZEY A,3064,47.38,0.805,6.603,10.8255,,2,0.182,5
B4 LM,KIMZEY A,3064.5,52.479,0.666,7.642,12.781,,2,0.091,5
B5 SH,KIMZEY A,3065,58.378,0.562,5.337,15.0895,,1,1,3
B5 SH,KIMZEY A,3065.5,58.378,0.562,5.337,15.0895,,1,1,3
B5 SH,KIMZEY A,3066,66.469,0.454,7.923,20.0135,,1,0.875,3
B5 SH,KIMZEY A,3066.5,69.387,0.388,10.894,22.82,,1,0.75,3
B5 SH,KIMZEY A,3067,70.043,0.38,11.279,23.3425,,1,0.625,3
B5 SH,KIMZEY A,3067.5,64.826,0.372,11.334,22.875,,1,0.5,3
B5 SH,KIMZEY A,3068,59.546,0.383,9.409,22.6825,,1,0.375,3
B5 SH,KIMZEY A,3068.5,53.408,0.41,9.959,21.3065,,1,0.25,3
B5 SH,KIMZEY A,3069,48.476,0.577,10.344,19.904,,1,0.125,3
B5 LM,KIMZEY A,3069.5,36.286,0.75,9.573,17.0975,,2,1,8
B5 LM,KIMZEY A,3070,28.317,0.887,10.178,13.879,,2,0.979,8
B5 LM,KIMZEY A,3070.5,21.848,0.974,6.438,11.678,,2,0.957,8
B5 LM,KIMZEY A,3071,20.868,1.064,4.236,11.458,,2,0.936,8
B5 LM,KIMZEY A,3071.5,23.699,1.097,5.834,11.597,,2,0.915,8
B5 LM,KIMZEY A,3072,26.536,0.998,6.878,11.843,,2,0.894,8
B5 LM,KIMZEY A,3072.5,28.892,0.909,6.131,13.5605,,2,0.872,7
B5 LM,KIMZEY A,3073,32.816,0.797,8.913,14.5665,,2,0.851,7
B5 LM,KIMZEY A,3073.5,32.489,0.646,11.829,15.8045,,2,0.83,7
B5 LM,KIMZEY A,3074,29.431,0.59,10.544,15.877,,2,0.809,8
B5 LM,KIMZEY A,3074.5,27.547,0.688,8.088,15.64,,2,0.787,8
B5 LM,KIMZEY A,3075,27.491,0.612,6.211,17.2325,,2,0.766,8
B5 LM,KIMZEY A,3075.5,28.109,0.517,6.359,18.0765,,2,0.745,8
B5 LM,KIMZEY A,3076,29.742,0.391,6.822,20.179,,2,0.723,8
B5 LM,KIMZEY A,3076.5,32.515,0.213,8.033,22.1595,,2,0.702,8
B5 LM,KIMZEY A,3077,35.876,0.127,8.783,21.7295,,2,0.681,8
B5 LM,KIMZEY A,3077.5,40.311,0.214,9.134,20.949,,2,0.66,8
B5 LM,KIMZEY A,3078,42.725,0.268,8.584,20.564,,2,0.638,7
B5 LM,KIMZEY A,3078.5,46.088,0.29,6.053,21.7745,,2,0.617,7
B5 LM,KIMZEY A,3079,49.065,0.279,6.768,22.242,,2,0.596,7
B5 LM,KIMZEY A,3079.5,53.726,0.219,9.463,21.7195,,2,0.574,7
B5 LM,KIMZEY A,3080,57.428,0.159,9.133,22.2145,,2,0.553,7
B5 LM,KIMZEY A,3080.5,63.474,0.229,10.509,21.4165,,2,0.532,6
B5 LM,KIMZEY A,3081,66.729,0.317,8.639,20.9765,,2,0.511,6
B5 LM,KIMZEY A,3081.5,67.942,0.391,6.932,20.784,,2,0.489,6
B5 LM,KIMZEY A,3082,68.815,0.437,4.402,18.143,,2,0.468,7
B5 LM,KIMZEY A,3082.5,68.722,0.459,5.117,17.4005,,2,0.447,7
B5 LM,KIMZEY A,3083,69.128,0.464,3.632,15.722,,2,0.426,7
B5 LM,KIMZEY A,3083.5,68.031,0.448,4.402,14.677,,2,0.404,7
B5 LM,KIMZEY A,3084,67.564,0.519,4.621,13.9615,,2,0.383,7
B5 LM,KIMZEY A,3084.5,67.538,0.573,5.337,13.0535,,2,0.362,7
B5 LM,KIMZEY A,3085,67.899,0.639,5.85,12.577,,2,0.34,7
B5 LM,KIMZEY A,3085.5,69.154,0.595,6.013,11.9615,,2,0.319,7
B5 LM,KIMZEY A,3086,79.88,0.75,7.373,10.4955,,2,0.298,5
B5 LM,KIMZEY A,3086.5,86.869,0.857,5.832,8.349,,2,0.277,5
B5 LM,KIMZEY A,3087,110.942,0.933,5.612,7.139,,2,0.255,5
B5 LM,KIMZEY A,3087.5,121.438,0.988,6.933,5.8185,,2,0.234,5
B5 LM,KIMZEY A,3088,136.644,0.982,7.235,5.8595,,2,0.213,5
B5 LM,KIMZEY A,3088.5,146.732,0.933,5.887,7.1665,,2,0.191,5
B5 LM,KIMZEY A,3089,140.154,0.748,12.6,8.597,,2,0.149,5
B5 LM,KIMZEY A,3089.5,125.603,0.824,12.214,9.835,,2,0.128,5
B5 LM,KIMZEY A,3090,99.08,0.868,10.674,10.055,,2,0.106,5
B5 LM,KIMZEY A,3090.5,84.029,0.906,7.923,9.5595,,2,0.085,5
B5 LM,KIMZEY A,3091,73.656,0.928,7.239,9.6265,,2,0.064,5
B5 LM,KIMZEY A,3091.5,70.578,0.838,7.315,10.3035,,2,0.043,6
B5 LM,KIMZEY A,3092,67.444,0.702,7.392,10.981,,2,0.021,6
C SH,KIMZEY A,3092.5,67.301,0.597,9.233,13.0315,,1,1,3
C SH,KIMZEY A,3093,67.494,0.535,9.574,15.887,,1,0.974,3
C SH,KIMZEY A,3093.5,66.264,0.481,11.334,18.913,,1,0.947,3
C SH,KIMZEY A,3094,64.66,0.503,13.108,18.026,,1,0.921,3
C SH,KIMZEY A,3094.5,64.211,0.584,16.506,16.217,,1,0.895,3
C SH,KIMZEY A,3095,63.453,0.595,14.911,16.0795,,1,0.868,3
C SH,KIMZEY A,3095.5,62.923,0.606,15.155,15.5175,,1,0.842,3
C SH,KIMZEY A,3096,62.614,0.677,14.196,15.282,,1,0.816,3
C SH,KIMZEY A,3096.5,62.594,0.732,15.406,14.402,,1,0.789,3
C SH,KIMZEY A,3097,62.785,0.791,17.277,13.9615,,1,0.763,3
C SH,KIMZEY A,3097.5,65.317,0.742,16.892,14.209,,1,0.711,3
C SH,KIMZEY A,3098,67.611,0.715,16.286,15.062,,1,0.684,3
C SH,KIMZEY A,3098.5,66.572,0.699,15.516,15.667,,1,0.658,3
C SH,KIMZEY A,3099,68.829,0.688,15.791,14.9795,,1,0.632,3
C SH,KIMZEY A,3099.5,70.217,0.688,17.221,14.9245,,1,0.605,3
C SH,KIMZEY A,3100,68.784,0.65,17.756,14.767,,1,0.579,2
C SH,KIMZEY A,3100.5,70.812,0.623,17.973,15.1535,,1,0.553,2
C SH,KIMZEY A,3101,70.526,0.612,18.492,15.83,,1,0.526,2
C SH,KIMZEY A,3101.5,64.98,0.612,18.13,16.066,,1,0.5,2
C SH,KIMZEY A,3102,67.636,0.672,16.726,16.107,,1,0.474,2
C SH,KIMZEY A,3102.5,64.374,0.764,14.251,15.1995,,1,0.447,2
C SH,KIMZEY A,3103,62.215,0.797,12.82,14.264,,1,0.421,2
C SH,KIMZEY A,3103.5,60.814,0.808,13.425,13.5215,,1,0.395,2
C SH,KIMZEY A,3104,60.884,0.742,14.361,12.3385,,1,0.368,3
C SH,KIMZEY A,3104.5,62.554,0.764,15.24,11.623,,1,0.342,3
C SH,KIMZEY A,3105,64.784,0.759,16.341,11.0725,,1,0.289,2
C SH,KIMZEY A,3105.5,67.764,0.745,13.645,12.2555,,1,0.263,2
C SH,KIMZEY A,3106,70.192,0.721,13.646,12.696,,1,0.237,2
C SH,KIMZEY A,3106.5,71.594,0.699,13.535,13.1365,,1,0.211,2
C SH,KIMZEY A,3107,70.705,0.672,13.425,13.4665,,1,0.184,2
C SH,KIMZEY A,3107.5,69.295,0.612,12.159,14.8695,,1,0.158,2
C SH,KIMZEY A,3108,67.784,0.589,12.841,15.3755,,1,0.132,2
C SH,KIMZEY A,3108.5,65.164,0.563,15.079,15.0605,,1,0.105,2
C SH,KIMZEY A,3109,62.957,0.53,16.795,14.9175,,1,0.079,3
C SH,KIMZEY A,3109.5,56.582,0.464,19.038,15.227,,1,0.053,3
C LM,KIMZEY A,3110.5,39.6,0.366,19.312,19.161,,2,1,5
C LM,KIMZEY A,3111,25.306,0.415,18.626,17.303,,2,0.988,5
C LM,KIMZEY A,3111.5,22.906,0.546,18.294,14.993,,2,0.976,5
C LM,KIMZEY A,3112,19.956,0.715,12.765,11.5405,,2,0.964,5
C LM,KIMZEY A,3112.5,16.938,0.982,12.655,8.5145,,2,0.952,5
C LM,KIMZEY A,3113,11.761,1.329,7.758,5.956,,2,0.94,5
C LM,KIMZEY A,3113.5,10.149,1.456,5.801,6.0225,,2,0.929,8
C LM,KIMZEY A,3114,11.587,1.336,5.557,6.5065,,2,0.917,8
C LM,KIMZEY A,3114.5,13.411,1.233,5.997,6.3415,,2,0.905,8
C LM,KIMZEY A,3115,16.222,1.162,6.218,6.011,,2,0.893,8
C LM,KIMZEY A,3115.5,16.939,1.08,5.392,4.553,,2,0.881,8
C LM,KIMZEY A,3116,18.085,1.069,5.282,3.398,,2,0.869,6
C LM,KIMZEY A,3116.5,19.651,1.178,4.786,3.315,,2,0.857,6
C LM,KIMZEY A,3117,21.289,1.206,4.786,3.535,,2,0.845,6
C LM,KIMZEY A,3117.5,23.054,1.146,5.392,3.508,,2,0.833,6
C LM,KIMZEY A,3118,24.473,1.282,5.888,3.37,,2,0.821,5
C LM,KIMZEY A,3118.5,28.116,1.282,7.208,3.315,,2,0.81,5
C LM,KIMZEY A,3119,31.275,1.129,8.363,3.6175,,2,0.798,5
C LM,KIMZEY A,3119.5,34.781,1.02,9.024,5.103,,2,0.786,6
C LM,KIMZEY A,3120,39.565,0.966,8.639,7.2765,,2,0.774,6
C LM,KIMZEY A,3120.5,40.913,0.95,7.912,7.133,,2,0.762,6
C LM,KIMZEY A,3121,41.211,0.95,7.593,6.4785,,2,0.75,8
C LM,KIMZEY A,3121.5,39.653,0.966,8.06,5.942,,2,0.738,5
C LM,KIMZEY A,3122,39.653,0.966,8.06,5.942,,2,0.738,5
C LM,KIMZEY A,3122.5,37.346,1.004,6.878,5.956,,2,0.726,6
C LM,KIMZEY A,3123,34.785,1.097,7.427,4.6905,,2,0.714,5
C LM,KIMZEY A,3123.5,35.079,1.191,7.428,3.48,,2,0.702,6
C LM,KIMZEY A,3124,37.081,1.269,5.612,2.847,,2,0.69,6
C LM,KIMZEY A,3124.5,35.89,1.347,4.432,3.977,,2,0.679,6
C LM,KIMZEY A,3125,33.215,1.347,3.742,4.663,,2,0.667,6
C LM,KIMZEY A,3125.5,33.307,1.287,4.787,3.8105,,2,0.655,6
C LM,KIMZEY A,3126,35.619,1.204,4.842,4.388,,2,0.643,6
C LM,KIMZEY A,3126.5,36.917,1.02,4.677,5.6255,,2,0.631,5
C LM,KIMZEY A,3127,33.366,1.026,5.255,6.3825,,2,0.619,6
C LM,KIMZEY A,3127.5,26.31,1.217,4.02,6.233,,2,0.607,6
C LM,KIMZEY A,3128,23.061,1.353,2.136,6.501,,2,0.595,6
C LM,KIMZEY A,3128.5,20.498,1.505,1.321,6.4785,,2,0.583,9
C LM,KIMZEY A,3129,19.037,1.451,2.056,7.122,,2,0.571,9
C LM,KIMZEY A,3129.5,19.16,1.162,2.586,7.607,,2,0.56,9
C LM,KIMZEY A,3130,20.461,1.031,2.503,8.6935,,2,0.548,9
C LM,KIMZEY A,3130.5,23.425,0.791,4.017,9.9725,,2,0.536,9
C LM,KIMZEY A,3131,31.562,0.759,5.805,9.5265,,2,0.524,9
C LM,KIMZEY A,3131.5,43.298,0.759,6.603,8.8445,,2,0.512,9
C LM,KIMZEY A,3132,60.579,0.77,7.675,8.3355,,2,0.5,6
C LM,KIMZEY A,3132.5,65.001,0.737,8.473,9.2295,,2,0.488,4
C LM,KIMZEY A,3133,65.014,0.677,9.904,12.311,,2,0.476,4
C LM,KIMZEY A,3133.5,61.49,0.688,10.134,12.141,,2,0.464,4
C LM,KIMZEY A,3134,63.557,0.721,11.019,12.1385,,2,0.452,4
C LM,KIMZEY A,3134.5,66.737,0.693,11.581,12.1595,,2,0.44,4
C LM,KIMZEY A,3135,69.863,0.683,10.454,12.916,,2,0.429,4
C LM,KIMZEY A,3135.5,79.245,0.677,10.619,12.9435,,2,0.417,4
C LM,KIMZEY A,3136,86.023,0.688,10.949,11.7335,,2,0.405,4
C LM,KIMZEY A,3136.5,101.037,0.732,10.179,12.0085,,2,0.393,6
C LM,KIMZEY A,3137,153.374,0.748,8.198,13.439,,2,0.381,6
C LM,KIMZEY A,3137.5,144.117,0.672,9.188,13.439,,2,0.369,6
C LM,KIMZEY A,3138,245.36,0.721,9.642,13.927,,2,0.357,4
