,DEPTH,GR,NPHI,DENSITY,PEF,LITH,VSHALE,DPHI,EPOR0
1,6413.9,112.67,NaN,2.639,3.61,2,0.89003,0.046711,NaN
2,6414.4,119.37,NaN,2.632,3.635,2,0.99,0.051316,NaN
3,6414.8,119.24,NaN,2.644,3.697,2,0.98794,0.043421,NaN
4,6415.3,119.08,NaN,2.665,3.983,2,0.98555,0.029605,NaN
5,6415.8,93.212,NaN,2.722,4.417,2,0.64033,-0.0078947,NaN
6,6416.2,65.958,NaN,2.742,4.839,2,0.37414,-0.021053,NaN
7,6416.7,39.267,0.007,2.743,4.911,2,0.18437,-0.021711,0.73553
8,6417.1,28.145,0.008,2.736,4.914,2,0.12128,-0.017105,0.45526
9,6417.6,26.914,0.01,2.716,4.819,2,0.11479,-0.0039474,0.30263
10,6418.1,26.888,0.011,2.711,4.744,2,0.11466,-0.00065789,0.51711
11,6418.5,27.132,0.012,2.709,4.668,2,0.11593,0.00065789,0.63289
12,6419,28.696,0.013,2.712,4.605,2,0.12422,-0.0013158,0.58421
13,6419.5,31.306,0.015,2.71,4.588,2,0.13838,0,0.75
14,6419.9,32.94,0.018,2.698,4.57,2,0.14747,0.0078947,1.2947
15,6420.4,32.815,0.02,2.685,4.541,2,0.14677,0.016447,1.8224
16,6420.9,31.862,0.018,2.681,4.507,2,0.14145,0.019079,1.8547
17,6421.3,29.438,0.015,2.691,4.497,2,0.1282,0.0125,1.375
18,6421.8,27.03,0.013,2.7,4.486,2,0.1154,0.0065789,0.97895
19,6422.3,24.9,0.011,2.698,4.498,2,0.10438,0.0078947,0.94474
20,6422.7,25.395,0.011,2.696,4.628,2,0.10691,0.0092105,1.0105
21,6423.2,25.921,0.013,2.694,4.698,2,0.10963,0.010526,1.1763
22,6423.7,26.435,0.016,2.695,4.738,2,0.11229,0.0098684,1.2934
23,6424.1,26.947,0.018,2.697,4.688,2,0.11496,0.0085526,1.3276
24,6424.6,27.576,0.021,2.687,4.601,2,0.11827,0.015132,1.8066
25,6425.1,29.149,0.024,2.681,4.533,2,0.12664,0.019079,2.1539
26,6425.5,31.309,0.026,2.678,4.482,2,0.1384,0.021053,2.3526
27,6426,33.204,0.026,2.678,4.474,2,0.14896,0.021053,2.3526
28,6426.5,34.323,0.026,2.684,4.467,2,0.15531,0.017105,2.1553
29,6426.9,35.693,0.023,2.693,4.461,2,0.16319,0.011184,1.7092
30,6427.4,37.72,0.021,2.708,4.481,2,0.17509,0.0013158,1.1158
31,6427.9,41.114,0.023,2.716,4.52,2,0.19567,-0.0039474,0.95263
32,6428.3,44.432,NaN,2.709,4.494,2,0.2166,0.00065789,NaN
33,6428.8,44.673,NaN,2.708,4.471,2,0.21815,0.0013158,NaN
34,6429.3,39.07,0.021,2.708,4.451,2,0.18318,0.0013158,1.1158
35,6429.7,34.408,0.019,2.714,4.468,2,0.15579,-0.0026316,0.81842
36,6430.2,29.627,0.018,2.712,4.494,2,0.12922,-0.0013158,0.83421
37,6430.7,27.391,0.021,2.703,4.548,2,0.1173,0.0046053,1.2803
38,6431.1,26.536,0.027,2.69,4.498,2,0.11282,0.013158,2.0079
39,6431.6,28.41,0.033,2.682,4.438,2,0.12269,0.018421,2.5711
40,6432.1,31.804,0.04,2.667,4.324,2,0.14113,0.028289,3.4145
41,6432.5,35.188,0.042,2.654,4.168,2,0.16027,0.036842,3.9421
42,6433,37.229,0.036,2.653,4.166,2,0.17218,0.0375,3.6758
43,6433.5,36.395,0.03,2.66,4.335,2,0.16728,0.032895,3.1481
44,6433.9,32.939,0.024,2.666,4.437,2,0.14747,0.028947,2.6589
45,6434.4,29.714,0.018,2.664,4.534,2,0.12969,0.030263,2.4898
46,6434.9,29.635,0.02,2.684,4.558,2,0.12926,0.017105,1.8553
47,6435.3,33.224,0.022,2.694,4.51,2,0.14907,0.010526,1.6263
48,6435.8,37.045,0.024,2.691,4.458,2,0.1711,0.0125,1.825
49,6436.3,38.918,0.025,2.69,4.439,2,0.18226,0.013158,1.9079
50,6436.7,36.294,0.023,2.69,4.387,2,0.16669,0.013158,1.8079
51,6437.2,33.683,0.021,2.703,4.375,2,0.15166,0.0046053,1.2803
52,6437.7,32.258,0.02,2.704,4.399,2,0.14366,0.0039474,1.1974
53,6438.1,31.469,0.02,2.701,4.381,2,0.13928,0.0059211,1.2961
54,6438.6,29.961,0.02,2.686,4.388,2,0.13103,0.015789,1.7895
55,6439.1,29.172,0.019,2.685,4.439,2,0.12677,0.016447,1.7724
56,6439.5,29.061,0.019,2.682,4.479,2,0.12617,0.018421,1.8711
57,6440,29.259,0.019,2.681,4.474,2,0.12723,0.019079,1.904
58,6440.4,29.525,0.019,2.677,4.467,2,0.12867,0.021711,2.04
59,6440.9,30.829,0.019,2.678,4.46,2,0.13576,0.021053,2.0053
60,6441.4,32.229,0.021,2.693,4.453,2,0.14349,0.011184,1.6092
61,6441.8,33.969,0.022,2.702,4.443,2,0.15329,0.0052632,1.3632
62,6442.3,33.995,0.024,2.71,4.408,2,0.15344,0,1.2
63,6442.8,33.997,0.026,2.707,4.371,2,0.15345,0.0019737,1.3987
64,6443.2,33.47,0.026,2.695,4.404,2,0.15046,0.0098684,1.7934
65,6443.7,32.749,0.026,2.693,4.454,2,0.1464,0.011184,1.8592
66,6444.2,31.965,0.023,2.695,4.505,2,0.14203,0.0098684,1.6434
67,6444.6,29.854,0.019,2.702,4.535,2,0.13045,0.0052632,1.2132
68,6445.1,27.589,0.017,2.705,4.512,2,0.11834,0.0032895,1.0145
69,6445.6,25.322,0.014,2.706,4.526,2,0.10654,0.0026316,0.83158
70,6446,23.05,0.012,2.715,4.543,2,0.095024,-0.0032895,0.43553
71,6446.5,20.834,0.011,2.722,4.598,2,0.084086,-0.0078947,0.15526
72,6447,19.968,0.01,2.717,4.62,2,0.079888,-0.0046053,0.26974
73,6447.4,19.771,0.009,2.702,4.579,2,0.078939,0.0052632,0.71316
74,6447.9,19.55,0.008,2.693,4.562,2,0.077877,0.011184,0.97233
75,6448.4,19.532,0.007,2.698,4.551,2,0.077791,0.0078947,0.74608
76,6448.8,20.288,0.007,2.698,4.585,2,0.081434,0.0078947,0.74608
77,6449.3,23.704,0.008,2.698,4.638,2,0.098307,0.0078947,0.79474
78,6449.8,27.031,0.011,2.697,4.677,2,0.1154,0.0085526,0.97763
79,6450.2,29.328,0.014,2.697,4.673,2,0.12761,0.0085526,1.1276
80,6450.7,29.925,0.017,2.703,4.573,2,0.13083,0.0046053,1.0803
81,6451.2,31.013,0.019,2.703,4.477,2,0.13677,0.0046053,1.1803
82,6451.6,32.179,0.021,2.694,4.425,2,0.14322,0.010526,1.5763
83,6452.1,34.126,0.023,2.684,4.396,2,0.15418,0.017105,2.0053
84,6452.6,35.985,0.025,2.679,4.375,2,0.16489,0.020395,2.2697
85,6453,36.781,0.028,2.687,4.346,2,0.16954,0.015132,2.1566
86,6453.5,37.083,0.033,2.702,4.3,2,0.17132,0.0052632,1.9132
87,6454,39.123,0.038,2.705,4.255,2,0.1835,0.0032895,2.0645
88,6454.4,41.689,0.043,2.707,4.209,2,0.19924,0.0019737,2.2487
89,6454.9,43.21,NaN,2.705,4.185,2,0.2088,0.0032895,NaN
90,6455.4,40.993,0.04,2.707,4.202,2,0.19492,0.0019737,2.0987
91,6455.8,38.878,0.035,2.698,4.273,2,0.18202,0.0078947,2.1447
92,6456.3,37.774,0.029,2.692,4.345,2,0.17542,0.011842,2.0421
93,6456.8,38.562,0.03,2.697,4.404,2,0.18012,0.0085526,1.9276
94,6457.2,39.434,0.031,2.699,4.406,2,0.18538,0.0072368,1.9118
95,6457.7,39.808,0.034,2.693,4.306,2,0.18766,0.011184,2.2592
96,6458.2,40.504,0.037,2.687,4.241,2,0.19191,0.015132,2.6066
97,6458.6,41.649,0.038,2.689,4.188,2,0.19899,0.013816,2.5908
98,6459.1,42.527,NaN,2.698,4.184,2,0.20448,0.0078947,NaN
99,6459.6,41.002,0.035,2.7,4.22,2,0.19498,0.0065789,2.0789
100,6460,37.854,0.033,2.702,4.299,2,0.17589,0.0052632,1.9132
101,6460.5,36.246,0.026,2.704,4.371,2,0.16641,0.0039474,1.4974
102,6461,35.235,0.022,2.695,4.43,2,0.16054,0.0098684,1.5934
103,6461.4,35.199,0.025,2.684,4.487,2,0.16033,0.017105,2.1053
104,6461.9,33.91,0.025,2.673,4.456,2,0.15295,0.024342,2.4671
105,6462.4,32.793,0.023,2.678,4.382,2,0.14665,0.021053,2.2026
106,6462.8,31.942,0.022,2.685,4.343,2,0.1419,0.016447,1.9224
107,6463.3,31.553,0.02,2.687,4.379,2,0.13974,0.015132,1.7566
108,6463.8,31.19,0.019,2.693,4.43,2,0.13774,0.011184,1.5092
109,6464.2,31.135,0.017,2.7,4.449,2,0.13744,0.0065789,1.1789
110,6464.7,32.167,0.022,2.691,4.46,2,0.14315,0.0125,1.725
111,6465.1,35.428,0.027,2.684,4.419,2,0.16166,0.017105,2.2053
112,6465.6,38.692,0.033,2.676,4.371,2,0.1809,0.022368,2.7684
113,6466.1,41.421,0.037,2.673,4.323,2,0.19757,0.024342,3.0671
114,6466.5,41.308,0.037,2.67,4.272,2,0.19687,0.026316,3.1658
115,6467,39.902,0.036,2.676,4.277,2,0.18823,0.022368,2.9184
116,6467.5,38.794,0.036,2.691,4.32,2,0.18152,0.0125,2.425
117,6467.9,37.269,0.036,2.698,4.334,2,0.17242,0.0078947,2.1947
118,6468.4,35.357,0.032,2.7,4.338,2,0.16125,0.0065789,1.9289
119,6468.9,32.568,0.027,2.696,4.399,2,0.14539,0.0092105,1.8105
120,6469.3,31.273,0.028,2.696,4.443,2,0.1382,0.0092105,1.8605
121,6469.8,30.88,0.029,2.686,4.444,2,0.13604,0.015789,2.2395
122,6470.3,30.761,0.029,2.68,4.347,2,0.13539,0.019737,2.4368
123,6470.7,30.641,0.029,2.681,4.304,2,0.13473,0.019079,2.4039
124,6471.2,30.52,0.027,2.69,4.343,2,0.13407,0.013158,2.0079
125,6471.7,30.395,0.026,2.697,4.429,2,0.13339,0.0085526,1.7276
126,6472.1,30.277,0.024,2.696,4.465,2,0.13274,0.0092105,1.6605
127,6472.6,30.511,0.024,2.703,4.484,2,0.13402,0.0046053,1.4303
128,6473.1,32.549,0.024,2.703,4.49,2,0.14528,0.0046053,1.4303
129,6473.5,35.27,0.028,2.701,4.439,2,0.16074,0.0059211,1.6961
130,6474,38.005,0.031,2.673,4.357,2,0.17679,0.024342,2.7671
131,6474.5,38.256,0.035,2.659,4.289,2,0.17829,0.033553,3.4276
132,6474.9,35.655,0.034,2.654,4.263,2,0.16297,0.036842,3.545
133,6475.4,32.811,0.029,2.672,4.33,2,0.14675,0.025,2.7
134,6475.9,29.961,0.026,2.675,4.41,2,0.13103,0.023026,2.4513
135,6476.3,27.364,0.026,2.669,4.456,2,0.11715,0.026974,2.6491
136,6476.8,26.537,0.023,2.66,4.441,2,0.11282,0.032895,2.8382
137,6477.2,25.847,0.02,2.689,4.426,2,0.10924,0.013816,1.6908
138,6477.7,25.858,0.02,2.697,4.412,2,0.1093,0.0085526,1.4276
139,6478.2,26.628,0.02,2.698,4.397,2,0.1133,0.0078947,1.3947
140,6478.6,29.127,0.021,2.682,4.383,2,0.12653,0.018421,1.9711
141,6479.1,30.595,0.024,2.669,4.378,2,0.13448,0.026974,2.553
142,6479.5,31.806,0.028,2.659,4.375,2,0.14114,0.033553,3.0901
143,6480,33.026,0.031,2.655,4.371,2,0.14796,0.036184,3.3692
144,6480.5,33.07,0.031,2.658,4.387,2,0.1482,0.034211,3.2645
145,6480.9,32.349,0.029,2.655,4.451,2,0.14416,0.036184,3.2789
146,6481.4,29.645,0.023,2.699,4.546,2,0.12932,0.0072368,1.5118
147,6481.9,30.14,0.024,2.696,4.598,2,0.132,0.0092105,1.6605
148,6482.3,31.168,0.027,2.691,4.648,2,0.13762,0.0125,1.975
149,6482.8,31.265,0.029,2.675,4.599,2,0.13815,0.023026,2.6013
150,6483.2,30.126,0.029,2.658,4.522,2,0.13192,0.034211,3.1712
151,6483.7,27.507,0.027,2.643,4.483,2,0.11791,0.044079,3.6551
152,6484.2,26.72,0.023,2.646,4.518,2,0.11378,0.042105,3.3925
153,6484.6,29.294,0.023,2.667,4.595,2,0.12742,0.028289,2.5781
154,6485.1,34.171,0.027,2.678,4.609,2,0.15444,0.021053,2.4026
155,6485.5,38.246,0.03,2.684,4.579,2,0.17823,0.017105,2.3553
156,6486,39.055,0.03,2.678,4.528,2,0.18309,0.021053,2.5526
157,6486.5,36.82,0.029,2.674,4.509,2,0.16977,0.023684,2.6342
158,6486.9,34.002,0.023,2.676,4.495,2,0.15348,0.022368,2.2684
159,6487.4,32.934,0.02,2.678,4.481,2,0.14744,0.021053,2.0533
160,6487.8,32.837,0.02,2.668,4.467,2,0.14689,0.027632,2.412
161,6488.3,32.763,0.023,2.66,4.465,2,0.14648,0.032895,2.8382
162,6488.8,32.995,0.027,2.671,4.473,2,0.14778,0.025658,2.6329
163,6489.2,33.6,0.025,2.685,4.477,2,0.15119,0.016447,2.0724
164,6489.7,34.207,0.025,2.69,4.452,2,0.15464,0.013158,1.9079
165,6490.1,32.784,0.027,2.664,4.379,2,0.1466,0.030263,2.8678
166,6490.6,30.382,0.027,2.665,4.293,2,0.13332,0.029605,2.8333
167,6491.1,27.924,0.023,2.687,4.35,2,0.12011,0.015132,1.9066
168,6491.5,26.999,0.019,2.702,4.452,2,0.11524,0.0052632,1.2132
169,6492,26.466,0.016,2.7,4.512,2,0.11245,0.0065789,1.1289
170,6492.5,25.945,0.017,2.685,4.554,2,0.10975,0.016447,1.6724
171,6492.9,25.421,0.017,2.685,4.498,2,0.10705,0.016447,1.6724
172,6493.4,24.971,0.017,2.68,4.494,2,0.10474,0.019737,1.8419
173,6493.8,25.056,0.017,2.669,4.489,2,0.10517,0.026974,2.2545
174,6494.3,25.373,0.017,2.657,4.483,2,0.1068,0.034868,2.743
175,6494.8,25.716,0.017,2.652,4.47,2,0.10857,0.038158,2.9538
176,6495.2,27.009,0.017,2.666,4.449,2,0.11529,0.028947,2.3738
177,6495.7,29.484,0.017,2.667,4.427,2,0.12845,0.028289,2.3338
178,6496.1,31.764,0.017,2.664,4.405,2,0.14091,0.030263,2.4544
179,6496.6,33.064,0.022,2.658,4.402,2,0.14817,0.034211,2.8761
180,6497.1,32.958,0.025,2.656,4.447,2,0.14757,0.035526,3.0717
181,6497.5,31.21,0.026,2.672,4.494,2,0.13785,0.025,2.55
182,6498,29.546,0.026,2.677,4.545,2,0.12878,0.021711,2.3855
183,6498.4,28.932,0.023,2.68,4.539,2,0.12548,0.019737,2.1368
184,6498.9,28.302,0.019,2.674,4.475,2,0.12212,0.023684,2.147
185,6499.4,26.987,0.015,2.671,4.451,2,0.11517,0.025658,2.1016
186,6499.8,24.136,0.012,2.672,4.463,2,0.10049,0.025,1.9609
187,6500.3,20.524,0.009,2.691,4.536,2,0.082578,0.0125,1.0892
188,6500.7,19.304,0.009,2.697,4.64,2,0.076698,0.0085526,0.87763
189,6501.2,19.494,0.012,2.69,4.642,2,0.077608,0.013158,1.2592
190,6501.7,20.545,0.013,2.665,4.604,2,0.08268,0.029605,2.2863
191,6502.1,22.237,0.013,2.647,4.626,2,0.090978,0.041447,3.0716
192,6502.6,23.828,0.013,2.642,4.676,2,0.098932,0.044737,3.2942
193,6503.1,25.38,0.014,2.657,4.695,2,0.10684,0.034868,2.6569
194,6503.5,26.467,0.018,2.669,4.629,2,0.11246,0.026974,2.293
195,6504,26.581,0.023,2.661,4.499,2,0.11305,0.032237,2.8002
196,6504.4,26.519,0.024,2.648,4.415,2,0.11273,0.040789,3.3465
197,6504.9,26.458,0.023,2.645,4.362,2,0.11241,0.042763,3.4334
198,6505.4,26.33,0.021,2.649,4.368,2,0.11175,0.040132,3.2028
199,6505.8,24.369,0.019,2.651,4.373,2,0.10167,0.038816,3.0559
200,6506.3,22.342,0.017,2.646,4.378,2,0.091498,0.042105,3.2108
201,6506.7,21.188,0.015,2.645,4.408,2,0.085814,0.042763,3.2044
202,6507.2,20.695,0.013,2.655,4.454,2,0.083409,0.036184,2.7187
203,6507.7,21.08,0.011,2.661,4.563,2,0.085286,0.032237,2.4085
204,6508.1,21.452,0.01,2.66,4.645,2,0.087107,0.032895,2.4311
205,6508.6,21.829,0.011,2.655,4.646,2,0.088962,0.036184,2.6742
206,6509,22.199,0.013,2.657,4.585,2,0.09079,0.034868,2.6314
207,6509.5,22.955,0.014,2.662,4.518,2,0.094549,0.031579,2.4426
208,6510,24.6,0.015,2.666,4.447,2,0.10285,0.028947,2.3054
209,6510.4,26.662,0.015,2.664,4.392,2,0.11348,0.030263,2.3884
210,6510.9,27.175,0.015,2.652,4.372,2,0.11616,0.038158,2.8992
211,6511.3,26.495,0.016,2.657,4.443,2,0.1126,0.034868,2.7128
212,6511.8,25.822,0.017,2.665,4.498,2,0.10911,0.029605,2.414
213,6512.3,25.147,0.018,2.671,4.566,2,0.10564,0.025658,2.2162
214,6512.7,24.467,0.018,2.669,4.526,2,0.10217,0.026974,2.293
215,6513.2,24.123,0.017,2.659,4.422,2,0.10042,0.033553,2.6597
216,6513.6,24.898,0.017,2.662,4.316,2,0.10437,0.031579,2.536
217,6514.1,25.473,0.017,2.662,4.27,2,0.10731,0.031579,2.536
218,6514.6,25.3,0.017,2.668,4.285,2,0.10643,0.027632,2.294
219,6515,23.792,0.016,2.665,4.404,2,0.098751,0.029605,2.3796
220,6515.5,23.008,0.016,2.671,4.535,2,0.094814,0.025658,2.1381
221,6516,22.525,0.016,2.68,4.556,2,0.092407,0.019737,1.7966
222,6516.4,22.045,0.016,2.681,4.559,2,0.090028,0.019079,1.7607
223,6516.9,21.17,0.014,2.67,4.543,2,0.085726,0.026316,2.1077
224,6517.3,20.142,0.013,2.662,4.59,2,0.080728,0.031579,2.4148
225,6517.8,19.726,0.011,2.688,4.659,2,0.078723,0.014474,1.2855
226,6518.3,19.612,0.01,2.699,4.727,2,0.078175,0.0072368,0.86184
227,6518.7,19.756,0.008,2.702,4.711,2,0.078867,0.0052632,0.66316
228,6519.2,19.903,0.009,2.696,4.69,2,0.079575,0.0092105,0.91059
229,6519.6,20.051,0.01,2.683,4.669,2,0.080288,0.017763,1.4414
230,6520.1,20.199,0.01,2.678,4.649,2,0.081003,0.021053,1.648
231,6520.6,20.387,0.011,2.682,4.603,2,0.081914,0.018421,1.5171
232,6521,20.649,0.012,2.684,4.493,2,0.083185,0.017105,1.4775
233,6521.5,21.166,0.013,2.684,4.398,2,0.085706,0.017105,1.5192
234,6521.9,22.052,0.015,2.68,4.402,2,0.090062,0.019737,1.7529
235,6522.4,22.346,0.015,2.684,4.453,2,0.091518,0.017105,1.6087
236,6522.9,22.619,0.015,2.692,4.504,2,0.092874,0.011842,1.3421
237,6523.3,22.984,0.015,2.695,4.529,2,0.094694,0.0098684,1.2434
238,6523.8,23.712,0.016,2.688,4.526,2,0.098347,0.014474,1.5237
239,6524.2,24.779,0.016,2.687,4.523,2,0.10376,0.015132,1.5566
240,6524.7,25.617,0.016,2.689,4.497,2,0.10806,0.013816,1.4908
241,6525.2,26.172,0.016,2.688,4.416,2,0.11093,0.014474,1.5237
242,6525.6,26.702,0.017,2.682,4.334,2,0.11368,0.018421,1.7725
243,6526.1,28.469,0.018,2.672,4.297,2,0.123,0.025,2.1783
244,6526.6,30.583,0.019,2.661,4.289,2,0.13441,0.032237,2.646
245,6527,30.149,0.02,2.65,4.28,2,0.13205,0.039474,3.129
246,6527.5,28.509,0.021,2.652,4.271,2,0.12322,0.038158,3.0798
247,6527.9,28.612,0.022,2.66,4.289,2,0.12377,0.032895,2.7983
248,6528.4,29.633,0.023,2.668,4.309,2,0.12925,0.027632,2.5421
249,6528.9,30.601,0.023,2.667,4.34,2,0.13451,0.028289,2.5781
250,6529.3,30.706,0.021,2.658,4.398,2,0.13509,0.034211,2.8385
251,6529.8,28.294,0.019,2.658,4.461,2,0.12207,0.034211,2.7671
252,6530.2,24.421,0.016,2.672,4.526,2,0.10194,0.025,2.0988
253,6530.7,20.504,0.014,2.702,4.584,2,0.082481,0.0052632,0.96316
254,6531.2,19.686,0.011,2.709,4.634,2,0.07853,0.00065789,0.58289
255,6531.6,19.558,0.011,2.706,4.627,2,0.077915,0.0026316,0.68158
256,6532.1,19.446,0.011,2.701,4.611,2,0.077378,0.0059211,0.84605
257,6532.5,19.327,0.01,2.7,4.595,2,0.076808,0.0065789,0.82895
258,6533,19.205,0.008,2.708,4.58,2,0.076225,0.0013158,0.46579
259,6533.5,19.082,0.007,2.712,4.595,2,0.075637,-0.0013158,0.28421
260,6533.9,19.343,0.007,2.705,4.649,2,0.076885,0.0032895,0.51447
261,6534.4,21.286,0.008,2.685,4.669,2,0.086294,0.016447,1.2933
262,6534.8,23.1,0.011,2.672,4.679,2,0.095274,0.025,1.9313
263,6535.3,23.749,0.011,2.659,4.632,2,0.098534,0.033553,2.4968
264,6535.8,22.093,0.011,2.658,4.616,2,0.090265,0.034211,2.541
265,6536.2,20.384,0.01,2.676,4.644,2,0.081899,0.022368,1.7326
266,6536.7,19.62,0.009,2.689,4.685,2,0.078213,0.013816,1.1659
267,6537.2,19.805,0.01,2.677,4.701,2,0.079103,0.021711,1.6902
268,6537.6,19.985,0.011,2.663,4.678,2,0.07997,0.030921,2.3207
269,6538.1,19.695,0.011,2.651,4.67,2,0.078574,0.038816,2.8528
270,6538.5,18.728,0.011,2.657,4.722,2,0.073951,0.034868,2.5853
271,6539,18.642,0.01,2.676,4.8,2,0.073543,0.022368,1.7326
272,6539.5,18.521,0.01,2.674,4.797,2,0.072969,0.023684,1.8179
273,6539.9,18.998,0.01,2.664,4.726,2,0.075237,0.030263,2.2537
274,6540.4,19.96,0.01,2.652,4.668,2,0.079849,0.038158,2.7893
275,6540.8,22.09,0.009,2.653,4.621,2,0.09025,0.0375,2.7269
276,6541.3,23.014,0.008,2.665,4.582,2,0.094844,0.029605,2.1685
277,6541.8,20.673,0.007,2.678,4.619,2,0.083302,0.021053,1.5688
278,6542.2,18.029,0.006,2.69,4.684,2,0.070643,0.013158,1.0226
279,6542.7,16.463,0.005,2.696,4.767,2,0.063329,0.0092105,0.74106
280,6543.1,16.252,0.004,2.698,4.86,2,0.062354,0.0078947,0.62581
281,6543.6,17.034,0.003,2.694,4.907,2,0.06598,0.010526,0.77396
282,6544.1,18.266,0.003,2.69,4.943,2,0.071762,0.013158,0.95428
283,6544.5,18.933,0.003,2.687,4.95,2,0.074927,0.015132,1.0908
284,6545,19.573,0.003,2.693,4.95,2,0.077987,0.011184,0.8188
285,6545.4,20.216,0.004,2.697,4.939,2,0.081086,0.0085526,0.66764
286,6545.9,20.776,0.005,2.698,4.91,2,0.083803,0.0078947,0.66078
287,6546.4,20.62,0.007,2.696,4.881,2,0.083044,0.0092105,0.81803
288,6546.8,19.35,0.008,2.689,4.874,2,0.076918,0.013816,1.1289
289,6547.3,18.352,0.007,2.683,4.88,2,0.072168,0.017763,1.3501
290,6547.8,17.234,0.005,2.683,4.859,2,0.066913,0.017763,1.3049
291,6548.2,17.648,0.003,2.69,4.821,2,0.068851,0.013158,0.95428
292,6548.7,18.572,0.003,2.691,4.78,2,0.073211,0.0125,0.90898
293,6549.1,18.286,0.004,2.691,4.76,2,0.071856,0.0125,0.92804
294,6549.6,16.776,0.004,2.69,4.76,2,0.06478,0.013158,0.97245
295,6550.1,15.768,0.005,2.686,4.76,2,0.060126,0.015789,1.1711
296,6550.5,16.177,0.007,2.685,4.768,2,0.062007,0.016447,1.264
297,6551,16.664,0.009,2.684,4.774,2,0.06426,0.017105,1.3667
298,6551.4,17.149,0.009,2.684,4.762,2,0.066516,0.017105,1.3667
299,6551.9,17.739,0.01,2.681,4.781,2,0.069278,0.019079,1.5232
300,6552.4,19.038,0.01,2.674,4.777,2,0.075427,0.023684,1.8179
301,6552.8,20.329,0.01,2.67,4.774,2,0.081633,0.026316,1.9906
302,6553.3,20.177,0.01,2.669,4.771,2,0.080897,0.026974,2.0342
303,6553.7,19.297,0.01,2.661,4.788,2,0.076665,0.032237,2.3866
304,6554.2,18.421,0.01,2.654,4.828,2,0.072495,0.036842,2.6994
305,6554.7,17.532,0.01,2.651,4.808,2,0.068307,0.038816,2.8343
306,6555.1,17.228,0.011,2.655,4.785,2,0.066885,0.036184,2.6742
307,6555.6,17.963,0.011,2.668,4.763,2,0.070332,0.027632,2.103
308,6556,18.795,0.011,2.675,4.74,2,0.07427,0.023026,1.8045
309,6556.5,19.636,0.011,2.671,4.717,2,0.07829,0.025658,1.974
310,6557,20.501,0.012,2.659,4.716,2,0.082466,0.033553,2.5197
311,6557.4,20.864,0.012,2.659,4.737,2,0.084232,0.033553,2.5197
312,6557.9,21.225,0.012,2.664,4.77,2,0.085995,0.030263,2.302
313,6558.3,21.136,0.012,2.67,4.771,2,0.08556,0.026316,2.0451
314,6558.8,20.904,0.014,2.675,4.723,2,0.084427,0.023026,1.9055
315,6559.3,20.977,0.015,2.677,4.723,2,0.084783,0.021711,1.8659
316,6559.7,21.284,0.017,2.675,4.727,2,0.086284,0.023026,2.0239
317,6560.2,20.949,0.017,2.664,4.73,2,0.084646,0.030263,2.4544
318,6560.7,20.57,0.016,2.651,4.71,2,0.082801,0.038816,2.9687
319,6561.1,20.194,0.015,2.652,4.7,2,0.080979,0.038158,2.8992
320,6561.6,19.865,0.014,2.66,4.701,2,0.079392,0.032895,2.5279
321,6562,18.867,0.013,2.672,4.717,2,0.074613,0.025,1.9925
322,6562.5,17.701,0.012,2.682,4.734,2,0.0691,0.018421,1.5546
323,6563,17.416,0.011,2.687,4.75,2,0.067764,0.015132,1.3228
324,6563.4,17.312,0.011,2.686,4.758,2,0.067277,0.015789,1.3607
325,6563.9,17.212,0.011,2.68,4.748,2,0.06681,0.019737,1.5977
326,6564.3,17.112,0.011,2.671,4.731,2,0.066344,0.025658,1.974
327,6564.8,17.026,0.011,2.662,4.73,2,0.065943,0.031579,2.3646
328,6565.3,16.31,0.011,2.657,4.731,2,0.062621,0.034868,2.5853
329,6565.7,15.51,0.011,2.662,4.753,2,0.058943,0.031579,2.3646
330,6566.2,14.7,0.011,2.666,4.774,2,0.055254,0.028947,2.1897
331,6566.6,14.378,0.01,2.667,4.809,2,0.053797,0.028289,2.1217
332,6567.1,14.258,0.009,2.669,4.85,2,0.053256,0.026974,2.0107
333,6567.6,14.416,0.008,2.674,4.869,2,0.053969,0.023684,1.7677
334,6568,14.84,0.009,2.675,4.878,2,0.055889,0.023026,1.7482
335,6568.5,15.997,0.012,2.672,4.843,2,0.061178,0.025,1.9609
336,6568.9,17.441,0.014,2.668,4.791,2,0.067881,0.027632,2.1903
337,6569.4,17.945,0.014,2.667,4.751,2,0.070247,0.028289,2.2319
338,6569.9,18.42,0.014,2.667,4.722,2,0.07249,0.028289,2.2319
339,6570.3,18.509,0.014,2.673,4.735,2,0.072912,0.024342,1.9856
340,6570.8,18.096,0.013,2.678,4.732,2,0.070959,0.021053,1.7496
341,6571.3,17.066,0.01,2.684,4.72,2,0.066129,0.017105,1.4011
342,6571.7,16.039,0.008,2.687,4.709,2,0.061371,0.015132,1.2103
343,6572.2,15.041,0.006,2.69,4.742,2,0.056803,0.013158,1.0226
344,6572.6,14.215,0.004,2.695,4.84,2,0.053062,0.0098684,0.75295
345,6573.1,13.882,0.003,2.702,4.918,2,0.051564,0.0052632,0.42837
346,6573.6,13.91,0.003,2.705,4.92,2,0.05169,0.0032895,0.31481
347,6574,14.44,0.004,2.704,4.92,2,0.054077,0.0039474,0.39737
348,6574.5,14.963,0.005,2.698,4.92,2,0.056448,0.0078947,0.66078
349,6574.9,15.487,0.007,2.693,4.921,2,0.058838,0.011184,0.93297
350,6575.4,15.981,0.007,2.688,4.893,2,0.061105,0.014474,1.1369
351,6575.9,16.228,0.007,2.687,4.789,2,0.062243,0.015132,1.1789
352,6576.3,16.471,0.007,2.687,4.713,2,0.063366,0.015132,1.1789
353,6576.8,16.035,0.005,2.687,4.68,2,0.061353,0.015132,1.1269
354,6577.2,15.516,0.005,2.689,4.679,2,0.058971,0.013816,1.0389
355,6577.7,14.991,0.004,2.696,4.787,2,0.056575,0.0092105,0.71005
356,6578.2,16.677,0.007,2.699,4.845,2,0.06432,0.0072368,0.71194
357,6578.6,19.57,0.01,2.693,4.852,2,0.077973,0.011184,1.0609
358,6579.1,22.414,0.014,2.688,4.777,2,0.091855,0.014474,1.4239
359,6579.5,24.282,0.017,2.687,4.65,2,0.10123,0.015132,1.6066
360,6580,22.686,0.017,2.687,4.455,2,0.093207,0.015132,1.6066
361,6580.5,20.126,0.015,2.687,4.376,2,0.080651,0.015132,1.5066
362,6580.9,17.576,0.013,2.686,4.422,2,0.068513,0.015789,1.4462
363,6581.4,17.228,0.01,2.687,4.501,2,0.066885,0.015132,1.2825
364,6581.9,17.275,0.01,2.692,4.584,2,0.067104,0.011842,1.096
365,6582.3,18.498,0.01,2.696,4.612,2,0.07286,0.0092105,0.96053
366,6582.8,19.762,0.01,2.696,4.614,2,0.078896,0.0092105,0.96053
367,6583.2,22.368,0.01,2.695,4.616,2,0.091627,0.0098684,0.99342
368,6583.7,22.77,0.01,2.69,4.618,2,0.093626,0.013158,1.1686
369,6584.2,21.009,0.008,2.688,4.621,2,0.084939,0.014474,1.1694
370,6584.6,18.298,0.006,2.688,4.647,2,0.071913,0.014474,1.1079
371,6585.1,15.655,0.005,2.688,4.676,2,0.059607,0.014474,1.0828
372,6585.5,14.444,0.005,2.692,4.701,2,0.054096,0.011842,0.90894
373,6586,16.185,0.007,2.698,4.701,2,0.062044,0.0078947,0.74608
374,6586.5,19.467,0.01,2.707,4.7,2,0.077479,0.0019737,0.59868
375,6586.9,25.068,0.014,2.716,4.688,2,0.10524,-0.0039474,0.50263
376,6587.4,33.054,0.022,2.718,4.619,2,0.14811,-0.0052632,0.83684
377,6587.8,40.521,0.036,2.707,4.441,2,0.19202,0.0019737,1.8987
378,6588.3,46.38,NaN,2.68,4.199,2,0.22927,0.019737,NaN
379,6588.8,50.333,NaN,2.662,4.029,2,0.2559,0.031579,NaN
380,6589.2,42.927,NaN,2.661,3.924,2,0.20701,0.032237,NaN
381,6589.7,34.664,0.015,2.681,4.179,2,0.15726,0.019079,1.7161
382,6590.1,26.439,0.009,2.709,4.408,2,0.11231,0.00065789,0.48289
383,6590.6,20.63,0.009,2.711,4.556,2,0.083093,-0.00065789,0.41711
384,6591.1,19.323,0.011,2.707,4.633,2,0.076789,0.0019737,0.64868
385,6591.5,18.7,0.012,2.695,4.636,2,0.073818,0.0098684,1.0934
386,6592,18.56,0.014,2.678,4.64,2,0.073154,0.021053,1.7878
387,6592.4,19.024,0.015,2.66,4.621,2,0.075361,0.032895,2.5564
388,6592.9,19.892,0.016,2.659,4.599,2,0.079522,0.033553,2.6285
389,6593.4,20.095,0.014,2.671,4.583,2,0.080501,0.025658,2.0668
390,6593.8,17.696,0.012,2.685,4.612,2,0.069076,0.016447,1.4396
391,6594.3,15.096,0.009,2.7,4.733,2,0.057053,0.0065789,0.77895
392,6594.8,14.244,0.006,2.715,4.797,2,0.053193,-0.0032895,0.13553
393,6595.2,15.822,0.008,2.724,4.849,2,0.060374,-0.0092105,0.060526
394,6595.7,18.556,0.012,2.719,4.829,2,0.073135,-0.0059211,0.30395
395,6596.1,20.558,0.016,2.707,4.776,2,0.082743,0.0019737,0.89868
396,6596.6,22.266,0.019,2.694,4.72,2,0.091121,0.010526,1.4763
397,6597.1,21.323,0.018,2.682,4.689,2,0.086475,0.018421,1.8212
398,6597.5,19.599,0.016,2.681,4.67,2,0.078112,0.019079,1.7607
399,6598,18.956,0.014,2.683,4.64,2,0.075037,0.017763,1.5993
400,6598.4,18.315,0.012,2.681,4.595,2,0.071993,0.019079,1.5937
401,6598.9,16.973,0.01,2.679,4.619,2,0.065696,0.020395,1.6062
402,6599.4,14.987,0.009,2.684,4.654,2,0.056557,0.017105,1.3667
403,6599.8,13.62,0.007,2.693,4.725,2,0.05039,0.011184,0.93297
404,6600.3,12.332,0.005,2.7,4.777,2,0.044669,0.0065789,0.58431
405,6600.7,11.59,0.005,2.705,4.787,2,0.041412,0.0032895,0.41447
406,6601.2,11.429,0.005,2.704,4.753,2,0.040709,0.0039474,0.44737
407,6601.7,12.476,0.005,2.704,4.703,2,0.045304,0.0039474,0.44737
408,6602.1,13.911,0.005,2.708,4.673,2,0.051694,0.0013158,0.31579
409,6602.6,15.341,0.007,2.705,4.659,2,0.058171,0.0032895,0.51447
410,6603,16.566,0.008,2.697,4.646,2,0.063806,0.0085526,0.82809
411,6603.5,16.825,0.009,2.696,4.632,2,0.065008,0.0092105,0.91059
412,6604,16.833,0.01,2.698,4.658,2,0.065045,0.0078947,0.89474
413,6604.4,16.433,0.01,2.699,4.687,2,0.06319,0.0072368,0.86184
414,6604.9,16.036,0.01,2.698,4.716,2,0.061358,0.0078947,0.89474
415,6605.4,15.976,0.01,2.698,4.727,2,0.061082,0.0078947,0.89474
416,6605.8,15.987,0.01,2.698,4.735,2,0.061132,0.0078947,0.89474
417,6606.3,16.562,0.01,2.704,4.731,2,0.063787,0.0039474,0.69737
418,6606.7,17.848,0.012,2.711,4.688,2,0.069791,-0.00065789,0.56711
419,6607.2,19.142,0.014,2.717,4.608,2,0.075924,-0.0046053,0.46974
420,6607.7,20.776,0.017,2.715,4.544,2,0.083803,-0.0032895,0.68553
421,6608.1,22.813,0.02,2.714,4.532,2,0.09384,-0.0026316,0.86842
422,6608.6,24.679,0.02,2.714,4.523,2,0.10325,-0.0026316,0.86842
423,6609,23.486,0.018,2.714,4.556,2,0.09721,-0.0026316,0.76842
424,6609.5,21.367,0.015,2.714,4.608,2,0.086691,-0.0026316,0.61842
425,6610,19.542,0.011,2.714,4.654,2,0.077839,-0.0026316,0.41842
426,6610.4,18.112,0.008,2.71,4.7,2,0.071034,0,0.4
427,6610.9,16.916,0.006,2.706,4.731,2,0.065431,0.0026316,0.43158
428,6611.3,16.486,0.006,2.711,4.786,2,0.063435,-0.00065789,0.26711
429,6611.8,17.434,0.008,2.71,4.814,2,0.067848,0,0.4
430,6612.3,19.226,0.012,2.702,4.836,2,0.076325,0.0052632,0.86316
431,6612.7,20.313,0.012,2.693,4.734,2,0.081555,0.011184,1.1592
432,6613.2,19.288,0.011,2.687,4.631,2,0.076622,0.015132,1.3228
433,6613.6,17.725,0.01,2.691,4.622,2,0.069212,0.0125,1.1319
434,6614.1,16.214,0.009,2.698,4.696,2,0.062178,0.0078947,0.84474
435,6614.6,16.554,0.01,2.704,4.742,2,0.06375,0.0039474,0.69737
436,6615,17.394,0.01,2.704,4.692,2,0.067661,0.0039474,0.69737
437,6615.5,17.496,0.01,2.689,4.629,2,0.068138,0.013816,1.206
438,6616,17.507,0.01,2.679,4.583,2,0.06819,0.020395,1.6062
439,6616.4,18.434,0.011,2.685,4.575,2,0.072557,0.016447,1.3991
440,6616.9,19.477,0.012,2.692,4.559,2,0.077527,0.011842,1.1921
441,6617.3,20.235,0.013,2.696,4.472,2,0.081178,0.0092105,1.1105
442,6617.8,21.502,0.014,2.694,4.384,2,0.087353,0.010526,1.2263
443,6618.3,21.352,0.016,2.69,4.306,2,0.086617,0.013158,1.4579
444,6618.7,21.539,0.017,2.679,4.294,2,0.087535,0.020395,1.8774
445,6619.2,21.837,0.017,2.671,4.283,2,0.089001,0.025658,2.1764
446,6619.6,22.131,0.017,2.673,4.354,2,0.090453,0.024342,2.0995
447,6620.1,21.913,0.016,2.683,4.483,2,0.089376,0.017763,1.6905
448,6620.6,21.12,0.013,2.692,4.623,2,0.085481,0.011842,1.2421
449,6621,20.568,0.013,2.709,4.736,2,0.082792,0.00065789,0.68289
450,6621.5,19.467,0.011,2.714,4.753,2,0.077479,-0.0026316,0.41842
451,6621.9,17.837,0.009,2.718,4.771,2,0.069739,-0.0052632,0.18684
452,6622.4,14.87,0.006,2.71,4.811,2,0.056025,0,0.3
453,6622.8,11.624,0.006,2.698,4.919,2,0.041561,0.0078947,0.70117
454,6623.3,10.489,0.006,2.69,4.93,2,0.036632,0.013158,1.0226
455,6623.7,10.986,0.006,2.69,4.937,2,0.038782,0.013158,1.0226
456,6624.2,11.449,0.006,2.691,4.945,2,0.040797,0.0125,0.98043
457,6624.7,11.528,0.005,2.694,4.941,2,0.041141,0.010526,0.82402
458,6625.1,11.271,0.005,2.683,4.876,2,0.040021,0.017763,1.3049
459,6625.6,11.636,0.005,2.669,4.822,2,0.041613,0.026974,1.9398
460,6626,12.485,0.004,2.67,4.771,2,0.045344,0.026316,1.8822
461,6626.5,13.206,0.004,2.694,4.745,2,0.048541,0.010526,0.79625
462,6626.9,13.19,0.005,2.712,4.724,2,0.04847,-0.0013158,0.18421
463,6627.4,13.188,0.005,2.719,4.737,2,0.048461,-0.0059211,0.046053
464,6627.9,13.186,0.006,2.718,4.774,2,0.048452,-0.0052632,0.036842
465,6628.3,13.176,0.006,2.707,4.79,2,0.048408,0.0019737,0.39868
466,6628.8,13.227,0.005,2.704,4.783,2,0.048635,0.0039474,0.44737
467,6629.2,14.519,0.005,2.705,4.766,2,0.054435,0.0032895,0.41447
468,6629.7,17.157,0.007,2.705,4.738,2,0.066554,0.0032895,0.51447
469,6630.1,18.917,0.008,2.706,4.673,2,0.074851,0.0026316,0.53158
470,6630.6,19.353,0.009,2.702,4.6,2,0.076933,0.0052632,0.71316
471,6631,19.811,0.01,2.697,4.574,2,0.079132,0.0085526,0.92763
472,6631.5,19.919,0.01,2.698,4.551,2,0.079652,0.0078947,0.89474
473,6632,19.7,0.01,2.705,4.532,2,0.078598,0.0032895,0.66447
474,6632.4,19.478,0.009,2.71,4.556,2,0.077532,0,0.45
475,6632.9,19.257,0.009,2.711,4.596,2,0.076473,-0.00065789,0.41711
476,6633.3,19.02,0.008,2.712,4.631,2,0.075342,-0.0013158,0.33421
477,6633.8,18.397,0.007,2.71,4.626,2,0.072381,0,0.35
478,6634.2,17.056,0.006,2.71,4.621,2,0.066083,0,0.3
479,6634.7,14.768,0.005,2.713,4.68,2,0.055562,-0.0019737,0.15132
480,6635.1,12.976,0.004,2.713,4.752,2,0.047518,-0.0019737,0.10132
481,6635.6,12.939,0.005,2.708,4.812,2,0.047354,0.0013158,0.31579
482,6636.1,13.415,0.005,2.707,4.864,2,0.049473,0.0019737,0.34868
483,6636.5,14.578,0.006,2.714,4.872,2,0.054702,-0.0026316,0.16842
484,6637,14.958,0.006,2.714,4.822,2,0.056425,-0.0026316,0.16842
485,6637.4,14.96,0.007,2.713,4.766,2,0.056434,-0.0019737,0.25132
486,6637.9,14.993,0.008,2.71,4.709,2,0.056585,0,0.4
487,6638.3,15.55,0.008,2.698,4.674,2,0.059126,0.0078947,0.79474
488,6638.8,16.408,0.008,2.697,4.685,2,0.063074,0.0085526,0.82809
489,6639.3,17.27,0.008,2.694,4.706,2,0.067081,0.010526,0.93489
490,6639.7,17.254,0.007,2.684,4.712,2,0.067006,0.017105,1.3069
491,6640.2,16.286,0.006,2.683,4.685,2,0.06251,0.017763,1.3258
492,6640.6,14.489,0.004,2.693,4.659,2,0.054299,0.011184,0.8399
493,6641.1,12.838,0.003,2.703,4.632,2,0.046906,0.0046053,0.38864
494,6641.5,12.007,0.004,2.704,4.611,2,0.043239,0.0039474,0.39737
495,6642,12.71,0.006,2.695,4.627,2,0.046339,0.0098684,0.81666
496,6642.4,14.722,0.008,2.691,4.685,2,0.055354,0.0125,1.0494
497,6642.9,16.8,0.01,2.694,4.704,2,0.064891,0.010526,1.0267
498,6643.4,18.284,0.011,2.697,4.709,2,0.071847,0.0085526,0.97763
499,6643.8,18.496,0.011,2.692,4.699,2,0.07285,0.011842,1.1429
500,6644.3,17.069,0.009,2.682,4.654,2,0.066143,0.018421,1.4497
501,6644.7,15.655,0.009,2.681,4.603,2,0.059607,0.019079,1.4917
502,6645.2,15.606,0.009,2.69,4.547,2,0.059383,0.013158,1.1272
503,6645.6,16.913,0.009,2.697,4.486,2,0.065417,0.0085526,0.87763
504,6646.1,18.422,0.009,2.697,4.448,2,0.0725,0.0085526,0.87763
505,6646.6,18.638,0.008,2.697,4.444,2,0.073524,0.0085526,0.82809
506,6647,18.002,0.007,2.696,4.451,2,0.070516,0.0092105,0.81803
507,6647.5,15.747,0.005,2.693,4.514,2,0.060029,0.011184,0.86628
508,6647.9,12.961,0.005,2.687,4.565,2,0.047452,0.015132,1.1269
509,6648.4,11.476,0.005,2.685,4.588,2,0.040914,0.016447,1.2156
510,6648.8,10.643,0.006,2.688,4.639,2,0.037297,0.014474,1.1079
511,6649.3,11.886,0.006,2.688,4.674,2,0.042708,0.014474,1.1079
512,6649.7,13.685,0.006,2.694,4.686,2,0.050681,0.010526,0.85675
513,6650.2,14.947,0.007,2.696,4.694,2,0.056375,0.0092105,0.81803
514,6650.7,14.954,0.007,2.695,4.709,2,0.056407,0.0098684,0.85553
515,6651.1,13.648,0.007,2.684,4.754,2,0.050515,0.017105,1.3069
516,6651.6,12.575,0.009,2.68,4.779,2,0.045742,0.019737,1.5339
517,6652,14.024,0.011,2.68,4.774,2,0.052202,0.019737,1.5977
518,6652.5,17.069,0.013,2.687,4.696,2,0.066143,0.015132,1.4106
519,6652.9,19.745,0.015,2.691,4.594,2,0.078814,0.0125,1.375
520,6653.4,21.525,0.016,2.692,4.483,2,0.087466,0.011842,1.3921
521,6653.8,21.73,0.015,2.691,4.371,2,0.088474,0.0125,1.375
522,6654.3,19.448,0.013,2.694,4.262,2,0.077388,0.010526,1.1763
523,6654.8,19.301,0.013,2.704,4.231,2,0.076684,0.0039474,0.84737
524,6655.2,19.907,0.015,2.708,4.212,2,0.079594,0.0013158,0.81579
525,6655.7,21.646,0.016,2.704,4.247,2,0.088061,0.0039474,0.99737
526,6656.1,22.528,0.016,2.698,4.283,2,0.092421,0.0078947,1.1947
527,6656.6,23.465,0.016,2.693,4.289,2,0.097104,0.011184,1.3592
528,6657,23.705,0.014,2.687,4.319,2,0.098312,0.015132,1.4577
529,6657.5,21.054,0.012,2.682,4.37,2,0.085159,0.018421,1.5546
530,6658,18.768,0.01,2.687,4.439,2,0.074142,0.015132,1.2825
531,6658.4,17.035,0.008,2.697,4.45,2,0.065985,0.0085526,0.82809
532,6658.9,15.875,0.008,2.707,4.451,2,0.060617,0.0019737,0.49868
533,6659.3,15.987,0.008,2.712,4.451,2,0.061132,-0.0013158,0.33421
534,6659.8,16.157,0.008,2.704,4.451,2,0.061915,0.0039474,0.59737
535,6660.2,15.806,0.007,2.695,4.45,2,0.0603,0.0098684,0.85553
536,6660.7,14.527,0.004,2.696,4.45,2,0.054471,0.0092105,0.71005
537,6661.1,13.151,0.002,2.711,4.47,2,0.048297,-0.00065789,0.067105
538,6661.6,11.911,0.002,2.719,4.496,2,0.042818,-0.0059211,0.19605
539,6662.1,12.215,0.003,2.72,4.539,2,0.044153,-0.0065789,0.17895
540,6662.5,12.498,0.005,2.709,4.555,2,0.045401,0.00065789,0.28289
541,6663,12.953,0.005,2.699,4.527,2,0.047416,0.0072368,0.62198
542,6663.4,13.791,0.005,2.708,4.481,2,0.051156,0.0013158,0.31579
543,6663.9,14.629,0.005,2.721,4.417,2,0.054932,-0.0072368,0.11184
544,6664.3,15.433,0.003,2.727,4.353,2,0.058591,-0.011184,0.40921
545,6664.8,15.087,0.001,2.727,4.361,2,0.057012,-0.011184,0.50921
546,6665.2,14.671,0.002,2.724,4.427,2,0.055123,-0.0092105,0.36053
547,6665.7,14.211,0.003,2.725,4.489,2,0.053044,-0.0098684,0.34342
548,6666.2,15.818,0.004,2.716,4.484,2,0.060355,-0.0039474,0.0026316
549,6666.6,19.835,0.006,2.705,4.476,2,0.079247,0.0032895,0.46447
550,6667.1,23.903,0.01,2.704,4.47,2,0.099311,0.0039474,0.69737
551,6667.5,27.509,0.012,2.704,4.469,2,0.11792,0.0039474,0.79737
552,6668,28.202,0.012,2.699,4.317,2,0.12158,0.0072368,0.96184
553,6668.4,23.052,0.01,2.696,4.302,2,0.095034,0.0092105,0.96053
554,6668.9,18.788,0.005,2.703,4.393,2,0.074237,0.0046053,0.48026
555,6669.4,14.381,0.002,2.71,4.527,2,0.053811,0,0.1
556,6669.8,11.523,0.001,2.717,4.641,2,0.04112,-0.0046053,0.18026
557,6670.3,10.48,0.002,2.722,4.679,2,0.036593,-0.0078947,0.29474
558,6670.7,10.172,0.003,2.72,4.699,2,0.035267,-0.0065789,0.17895
559,6671.2,10.468,0.004,2.717,4.685,2,0.036541,-0.0046053,0.030263
560,6671.6,10.92,0.004,2.715,4.672,2,0.038496,-0.0032895,0.035526
561,6672.1,11.679,0.003,2.716,4.659,2,0.041801,-0.0039474,0.047368
562,6672.5,12.401,0.003,2.717,4.646,2,0.044973,-0.0046053,0.080263
563,6673,12.376,0.002,2.717,4.631,2,0.044863,-0.0046053,0.13026
564,6673.5,11.162,0.002,2.715,4.661,2,0.039547,-0.0032895,0.064474
565,6673.9,10.023,0.001,2.708,4.736,2,0.034627,0.0013158,0.11686
566,6674.4,9.119,0.001,2.701,4.804,2,0.03077,0.0059211,0.42461
567,6674.8,9.696,0.002,2.694,4.893,2,0.033227,0.010526,0.75764
568,6675.3,10.989,0.004,2.695,4.862,2,0.038795,0.0098684,0.75295
569,6675.7,12.269,0.005,2.701,4.83,2,0.044391,0.0059211,0.54799
570,6676.2,13.573,0.005,2.717,4.797,2,0.050179,-0.0046053,0.019737
571,6676.7,13.81,0.004,2.731,4.787,2,0.051241,-0.013816,0.49079
572,6677.1,13.626,0.004,2.725,4.8,2,0.050417,-0.0098684,0.29342
573,6677.6,13.431,0.004,2.71,4.78,2,0.049545,0,0.2
574,6678,13.229,0.005,2.712,4.752,2,0.048644,-0.0013158,0.18421
575,6678.5,13.283,0.005,2.721,4.685,2,0.048885,-0.0072368,0.11184
576,6678.9,13.411,0.005,2.723,4.594,2,0.049456,-0.0085526,0.17763
577,6679.4,13.543,0.005,2.716,4.569,2,0.050045,-0.0039474,0.052632
578,6679.8,13.697,0.004,2.715,4.524,2,0.050735,-0.0032895,0.035526
579,6680.3,12.558,0.003,2.716,4.497,2,0.045666,-0.0039474,0.047368
580,6680.8,11.259,0.002,2.72,4.491,2,0.039969,-0.0065789,0.22895
581,6681.2,11.107,0.001,2.715,4.536,2,0.039308,-0.0032895,0.11447
582,6681.7,11.046,0.001,2.714,4.594,2,0.039043,-0.0026316,0.081579
583,6682.1,10.987,0,2.714,4.652,2,0.038786,-0.0026316,0.13158
584,6682.6,10.92,0.001,2.72,4.649,2,0.038496,-0.0065789,0.27895
585,6683,11.207,0.001,2.722,4.635,2,0.039742,-0.0078947,0.34474
586,6683.5,12.114,0.001,2.722,4.621,2,0.043709,-0.0078947,0.34474
587,6683.9,13.422,0.002,2.72,4.608,2,0.049505,-0.0065789,0.22895
588,6684.4,13.167,0.002,2.706,4.626,2,0.048368,0.0026316,0.23372
589,6684.9,12.902,0.003,2.689,4.676,2,0.04719,0.013816,0.99969
590,6685.3,12.75,0.005,2.683,4.72,2,0.046516,0.017763,1.3049
591,6685.8,14.189,0.007,2.695,4.64,2,0.052945,0.0098684,0.85553
592,6686.2,15.934,0.008,2.708,4.566,2,0.060888,0.0013158,0.46579
593,6686.7,17.506,0.008,2.708,4.471,2,0.068185,0.0013158,0.46579
594,6687.1,18.918,0.008,2.706,4.41,2,0.074855,0.0026316,0.53158
595,6687.6,20.615,0.01,2.699,4.411,2,0.08302,0.0072368,0.86184
596,6688.1,22.161,0.012,2.697,4.41,2,0.090601,0.0085526,1.0276
597,6688.5,23.346,0.014,2.697,4.41,2,0.096507,0.0085526,1.1276
598,6689,23.35,0.015,2.699,4.412,2,0.096527,0.0072368,1.1118
599,6689.4,20.707,0.013,2.704,4.456,2,0.083467,0.0039474,0.84737
600,6689.9,18.417,0.01,2.712,4.513,2,0.072476,-0.0013158,0.43421
601,6690.3,16.484,0.008,2.708,4.588,2,0.063426,0.0013158,0.46579
602,6690.8,14.734,0.008,2.707,4.662,2,0.055408,0.0019737,0.49868
603,6691.2,15.014,0.008,2.712,4.707,2,0.05668,-0.0013158,0.33421
604,6691.7,16.332,0.008,2.717,4.72,2,0.062723,-0.0046053,0.16974
605,6692.2,17.528,0.008,2.72,4.673,2,0.068288,-0.0065789,0.071053
606,6692.6,18.234,0.008,2.715,4.596,2,0.07161,-0.0032895,0.23553
607,6693.1,16.664,0.007,2.707,4.518,2,0.06426,0.0019737,0.44868
608,6693.5,15.474,0.006,2.701,4.481,2,0.058778,0.0059211,0.59605
609,6694,14.314,0.004,2.703,4.455,2,0.053508,0.0046053,0.43133
610,6694.4,13.223,0.006,2.703,4.429,2,0.048617,0.0046053,0.53026
611,6694.9,14.007,0.007,2.683,4.402,2,0.052126,0.017763,1.3501
612,6695.4,15.394,0.009,2.671,4.377,2,0.058413,0.025658,1.9227
613,6695.8,17.479,0.01,2.668,4.308,2,0.068059,0.027632,2.0779
614,6696.3,20.313,0.011,2.679,4.254,2,0.081555,0.020395,1.6385
615,6696.7,22.664,0.012,2.687,4.179,2,0.093098,0.015132,1.3656
616,6697.2,24.447,0.012,2.684,4.101,2,0.10207,0.017105,1.4775
617,6697.6,25.376,0.011,2.67,4.088,2,0.10682,0.026316,2.0168
618,6698.1,24.73,0.009,2.668,4.186,2,0.10351,0.027632,2.0549
619,6698.5,23.085,0.007,2.679,4.343,2,0.095199,0.020395,1.5247
620,6699,21.471,0.006,2.689,4.433,2,0.087201,0.013816,1.0651
621,6699.5,20.048,0.007,2.696,4.45,2,0.080274,0.0092105,0.81803
622,6699.9,21.078,0.008,2.697,4.45,2,0.085276,0.0085526,0.82809
623,6700.4,22.311,0.007,2.691,4.463,2,0.091344,0.0125,1.013
624,6700.8,21.817,0.005,2.689,4.573,2,0.088903,0.013816,1.0389
625,6701.3,20.241,0.002,2.683,4.794,2,0.081207,0.017763,1.264
626,6701.7,18.443,0.003,2.677,4.936,2,0.072599,0.021711,1.5498
627,6702.2,16.643,0.004,2.678,4.946,2,0.064163,0.021053,1.5153
628,6702.6,14.806,0.005,2.689,4.867,2,0.055735,0.013816,1.0389
629,6703.1,14.45,0.006,2.7,4.721,2,0.054123,0.0065789,0.62961
630,6703.6,14.962,0.007,2.704,4.642,2,0.056444,0.0039474,0.54737
631,6704,15.817,0.007,2.701,4.622,2,0.060351,0.0059211,0.64605
632,6704.5,16.67,0.006,2.694,4.627,2,0.064288,0.010526,0.85675
633,6704.9,17.666,0.007,2.678,4.622,2,0.068935,0.021053,1.5688
634,6705.4,18.728,0.009,2.661,4.597,2,0.073951,0.032237,2.3667
635,6705.8,19.547,0.011,2.654,4.505,2,0.077863,0.036842,2.7188
636,6706.3,19.538,0.013,2.659,4.494,2,0.07782,0.033553,2.5444
637,6706.8,18.769,0.012,2.676,4.499,2,0.074146,0.022368,1.7949
638,6707.2,16.92,0.009,2.688,4.547,2,0.065449,0.014474,1.2052
639,6707.7,15.883,0.007,2.694,4.611,2,0.060654,0.010526,0.89388
640,6708.1,14.854,0.004,2.699,4.606,2,0.055953,0.0072368,0.58469
641,6708.6,14.149,0.004,2.704,4.508,2,0.052765,0.0039474,0.39737
642,6709,13.429,0.005,2.706,4.438,2,0.049536,0.0026316,0.38158
643,6709.5,13.084,0.005,2.706,4.39,2,0.047998,0.0026316,0.38158
644,6709.9,13.581,0.005,2.706,4.342,2,0.050215,0.0026316,0.38158
645,6710.4,14.059,0.006,2.704,4.32,2,0.05236,0.0039474,0.49737
646,6710.9,14.422,0.006,2.697,4.329,2,0.053996,0.0085526,0.73874
647,6711.3,14.124,0.005,2.678,4.417,2,0.052652,0.021053,1.5301
648,6711.8,13.838,0.005,2.661,4.463,2,0.051367,0.032237,2.3067
649,6712.2,13.547,0.004,2.656,4.481,2,0.050063,0.035526,2.528
650,6712.7,13.692,0.004,2.662,4.451,2,0.050712,0.031579,2.2508
651,6713.1,14.087,0.004,2.668,4.402,2,0.052486,0.027632,1.9742
652,6713.6,14.485,0.004,2.674,4.428,2,0.054281,0.023684,1.6984
653,6714,14.589,0.004,2.674,4.473,2,0.054751,0.023684,1.6984
654,6714.5,14.312,0.004,2.674,4.542,2,0.053499,0.023684,1.6984
655,6715,14.03,0.004,2.676,4.557,2,0.052229,0.022368,1.6068
656,6715.4,14.202,0.004,2.684,4.484,2,0.053003,0.017105,1.2422
657,6715.9,14.562,0.004,2.694,4.459,2,0.054629,0.010526,0.79625
658,6716.3,14.928,0.005,2.696,4.504,2,0.056289,0.0092105,0.74106
659,6716.8,15.295,0.005,2.695,4.555,2,0.057961,0.0098684,0.78226
660,6717.2,15.632,0.005,2.688,4.576,2,0.059502,0.014474,1.0828
661,6717.7,16.46,0.005,2.685,4.575,2,0.063315,0.016447,1.2156
662,6718.2,17.471,0.005,2.685,4.465,2,0.068021,0.016447,1.2156
663,6718.6,18.106,0.005,2.685,4.362,2,0.071006,0.016447,1.2156
664,6719.1,18.41,0.005,2.691,4.328,2,0.072443,0.0125,0.95197
665,6719.5,17.658,0.005,2.698,4.304,2,0.068898,0.0078947,0.66078
666,6720,17.308,0.005,2.709,4.281,2,0.067259,0.00065789,0.28289
667,6720.4,17.39,0.006,2.713,4.26,2,0.067642,-0.0019737,0.20132
668,6720.9,17.475,0.006,2.709,4.261,2,0.06804,0.00065789,0.33289
669,6721.3,17.825,0.006,2.697,4.26,2,0.069682,0.0085526,0.73874
670,6721.8,18.234,0.006,2.69,4.282,2,0.07161,0.013158,1.0226
671,6722.3,18.585,0.006,2.69,4.37,2,0.073272,0.013158,1.0226
672,6722.7,21.623,0.007,2.681,4.452,2,0.087947,0.019079,1.437
673,6723.2,25.95,0.009,2.681,4.475,2,0.10978,0.019079,1.4917
674,6723.6,31.498,0.014,2.682,4.489,2,0.13944,0.018421,1.6361
675,6724.1,38.524,0.02,2.68,4.42,2,0.17989,0.019737,1.9868
676,6724.5,43.149,NaN,2.677,4.25,2,0.20841,0.021711,NaN
677,6725,44.692,NaN,2.675,3.99,2,0.21827,0.023026,NaN
678,6725.4,38.197,0.018,2.682,3.82,2,0.17794,0.018421,1.8212
679,6725.9,30.677,0.013,2.691,3.77,2,0.13493,0.0125,1.275
680,6726.4,23.11,0.01,2.713,3.959,2,0.095324,-0.0019737,0.40132
681,6726.8,19.844,0.009,2.737,4.17,2,0.07929,-0.017763,0.43816
682,6727.3,20.182,0.009,2.737,4.333,2,0.080921,-0.017763,0.43816
683,6727.7,21.327,0.008,2.732,4.362,2,0.086494,-0.014474,0.32368
684,6728.2,20.881,0.007,2.731,4.373,2,0.084315,-0.013816,0.34079
685,6728.6,19.083,0.007,2.743,4.395,2,0.075642,-0.021711,0.73553
686,6729.1,18.3,0.006,2.75,4.441,2,0.071922,-0.026316,1.0158
687,6729.6,19.159,0.005,2.742,4.46,2,0.076005,-0.021053,0.80263
688,6730,20.751,0.007,2.736,4.461,2,0.083681,-0.017105,0.50526
689,6730.5,21.713,0.008,2.725,4.461,2,0.08839,-0.0098684,0.093421
690,6730.9,22.367,0.01,2.712,4.474,2,0.091622,-0.0013158,0.43421
691,6731.4,22.418,0.012,2.699,4.509,2,0.091875,0.0072368,0.96184
692,6731.8,22.197,0.013,2.693,4.527,2,0.09078,0.011184,1.2092
693,6732.3,21.972,0.013,2.703,4.495,2,0.089667,0.0046053,0.88026
694,6732.7,21.879,0.014,2.714,4.487,2,0.089208,-0.0026316,0.56842
695,6733.2,22.132,0.014,2.719,4.477,2,0.090458,-0.0059211,0.40395
696,6733.7,22.378,0.014,2.724,4.468,2,0.091677,-0.0092105,0.23947
697,6734.1,22.627,0.015,2.723,4.457,2,0.092914,-0.0085526,0.32237
698,6734.6,22.874,0.015,2.721,4.427,2,0.094145,-0.0072368,0.38816
699,6735,23.014,0.015,2.715,4.351,2,0.094844,-0.0032895,0.58553
700,6735.5,22.53,0.014,2.713,4.324,2,0.092431,-0.0019737,0.60132
701,6735.9,21.586,0.013,2.72,4.431,2,0.087766,-0.0065789,0.32105
702,6736.4,20.544,0.012,2.727,4.497,2,0.082675,-0.011184,0.040789
703,6736.9,19.911,0.011,2.727,4.544,2,0.079613,-0.011184,0.0092105
704,6737.3,19.429,0.01,2.72,4.49,2,0.077297,-0.0065789,0.17105
705,6737.8,19.201,0.01,2.719,4.462,2,0.076206,-0.0059211,0.20395
706,6738.2,19.071,0.009,2.722,4.432,2,0.075585,-0.0078947,0.055263
707,6738.7,19.35,0.009,2.727,4.431,2,0.076918,-0.011184,0.10921
708,6739.1,19.618,0.008,2.73,4.429,2,0.078204,-0.013158,0.25789
709,6739.6,19.885,0.008,2.729,4.421,2,0.079488,-0.0125,0.225
710,6740,20.146,0.009,2.729,4.437,2,0.080747,-0.0125,0.175
711,6740.5,19.978,0.009,2.727,4.454,2,0.079936,-0.011184,0.10921
712,6741,19.334,0.01,2.723,4.471,2,0.076842,-0.0085526,0.072368
713,6741.4,18.761,0.01,2.713,4.488,2,0.074108,-0.0019737,0.40132
714,6741.9,18.862,0.01,2.704,4.511,2,0.074589,0.0039474,0.69737
715,6742.3,18.951,0.009,2.702,4.559,2,0.075013,0.0052632,0.71316
716,6742.8,18.902,0.008,2.708,4.557,2,0.074779,0.0013158,0.46579
717,6743.2,18.011,0.008,2.715,4.553,2,0.070558,-0.0032895,0.23553
718,6743.7,17.115,0.007,2.723,4.563,2,0.066358,-0.0085526,0.077632
719,6744.1,16.627,0.007,2.734,4.591,2,0.064088,-0.015789,0.43947
720,6744.6,16.697,0.007,2.736,4.605,2,0.064413,-0.017105,0.50526
721,6745.1,17.28,0.007,2.736,4.581,2,0.067128,-0.017105,0.50526
722,6745.5,17.496,0.007,2.734,4.544,2,0.068138,-0.015789,0.43947
723,6746,17.412,0.007,2.733,4.516,2,0.067745,-0.015132,0.40658
724,6746.4,16.943,0.007,2.734,4.511,2,0.065556,-0.015789,0.43947
725,6746.9,16.477,0.007,2.732,4.503,2,0.063394,-0.014474,0.37368
726,6747.3,15.811,0.006,2.732,4.495,2,0.060323,-0.014474,0.42368
727,6747.8,14.881,0.004,2.733,4.482,2,0.056075,-0.015132,0.55658
728,6748.3,14.179,0.004,2.733,4.455,2,0.0529,-0.015132,0.55658
729,6748.7,14.764,0.004,2.733,4.457,2,0.055544,-0.015132,0.55658
730,6749.2,15.57,0.004,2.723,4.488,2,0.059218,-0.0085526,0.22763
731,6749.6,15.985,0.004,2.714,4.559,2,0.061123,-0.0026316,0.068421
732,6750.1,15.124,0.004,2.714,4.57,2,0.057181,-0.0026316,0.068421
733,6750.5,14.675,0.005,2.719,4.53,2,0.055141,-0.0059211,0.046053
734,6751,14.799,0.005,2.725,4.48,2,0.055703,-0.0098684,0.24342
735,6751.4,16.245,0.006,2.73,4.433,2,0.062321,-0.013158,0.35789
736,6751.9,17.25,0.006,2.735,4.363,2,0.066988,-0.016447,0.52237
737,6752.4,17.242,0.006,2.74,4.417,2,0.06695,-0.019737,0.68684
738,6752.8,16.764,0.006,2.743,4.487,2,0.064724,-0.021711,0.78553
739,6753.3,15.454,0.005,2.738,4.559,2,0.058687,-0.018421,0.67105
740,6753.7,14.731,0.005,2.734,4.555,2,0.055395,-0.015789,0.53947
741,6754.2,14.833,0.005,2.734,4.52,2,0.055857,-0.015789,0.53947
742,6754.6,14.965,0.005,2.735,4.482,2,0.056457,-0.016447,0.57237
743,6755.1,15.095,0.005,2.734,4.484,2,0.057049,-0.015789,0.53947
744,6755.6,15.225,0.005,2.725,4.506,2,0.057641,-0.0098684,0.24342
745,6756,15.802,0.005,2.72,4.536,2,0.060282,-0.0065789,0.078947
746,6756.5,17.094,0.005,2.73,4.58,2,0.06626,-0.013158,0.40789
747,6756.9,18.177,0.005,2.741,4.604,2,0.071341,-0.020395,0.76974
748,6757.4,19.181,0.004,2.745,4.614,2,0.07611,-0.023026,0.95132
749,6757.8,19.464,0.005,2.737,4.595,2,0.077465,-0.017763,0.63816
750,6758.3,18.695,0.006,2.725,4.583,2,0.073795,-0.0098684,0.19342
751,6758.7,18.511,0.006,2.714,4.603,2,0.072921,-0.0026316,0.16842
752,6759.2,18.525,0.005,2.715,4.605,2,0.072988,-0.0032895,0.085526
753,6759.7,19.373,0.006,2.725,4.574,2,0.077029,-0.0098684,0.19342
754,6760.1,20.292,0.008,2.73,4.511,2,0.081453,-0.013158,0.25789
755,6760.6,21.16,0.009,2.718,4.477,2,0.085677,-0.0052632,0.18684
756,6761,21.71,0.011,2.699,4.447,2,0.088376,0.0072368,0.91184
757,6761.5,22.273,0.012,2.683,4.37,2,0.091156,0.017763,1.5158
758,6761.9,22.812,0.014,2.682,4.33,2,0.093835,0.018421,1.6361
759,6762.4,22.824,0.013,2.683,4.312,2,0.093895,0.017763,1.5565
760,6762.8,22.467,0.013,2.681,4.305,2,0.092118,0.019079,1.6325
761,6763.3,21.604,0.013,2.674,4.369,2,0.087854,0.023684,1.9104
762,6763.8,20.807,0.013,2.676,4.437,2,0.083954,0.022368,1.8294
763,6764.2,20.681,0.014,2.681,4.451,2,0.083341,0.019079,1.6733
764,6764.7,20.572,0.014,2.68,4.461,2,0.082811,0.019737,1.7111
765,6765.1,20.779,0.014,2.672,4.461,2,0.083818,0.025,2.0261
766,6765.6,21.116,0.014,2.659,4.461,2,0.085462,0.033553,2.5708
767,6766,21.476,0.014,2.66,4.435,2,0.087225,0.032895,2.5279
768,6766.5,21.382,0.013,2.667,4.37,2,0.086764,0.028289,2.2015
769,6767,21.138,0.011,2.684,4.304,2,0.085569,0.017105,1.438
770,6767.4,20.89,0.008,2.699,4.342,2,0.084359,0.0072368,0.76184
771,6767.9,20.643,0.008,2.707,4.374,2,0.083156,0.0019737,0.49868
772,6768.3,20.398,0.01,2.715,4.397,2,0.081967,-0.0032895,0.33553
773,6768.8,19.974,0.01,2.716,4.42,2,0.079917,-0.0039474,0.30263
774,6769.2,19.417,0.01,2.715,4.443,2,0.077239,-0.0032895,0.33553
775,6769.7,18.857,0.01,2.713,4.465,2,0.074565,-0.0019737,0.40132
776,6770.1,18.29,0.009,2.704,4.488,2,0.071875,0.0039474,0.64737
777,6770.6,17.809,0.009,2.694,4.499,2,0.069607,0.010526,0.97929
778,6771.1,19.049,0.01,2.695,4.452,2,0.07548,0.0098684,0.99342
779,6771.5,20.37,0.01,2.697,4.407,2,0.081831,0.0085526,0.92763
780,6772,20.516,0.011,2.696,4.376,2,0.082539,0.0092105,1.0105
781,6772.4,21.043,0.012,2.691,4.352,2,0.085105,0.0125,1.2253
782,6772.9,21.702,0.012,2.693,4.371,2,0.088336,0.011184,1.1592
783,6773.3,22.572,0.012,2.706,4.452,2,0.09264,0.0026316,0.73158
784,6773.8,22.696,0.011,2.719,4.534,2,0.093257,-0.0059211,0.25395
785,6774.2,22.518,0.01,2.725,4.626,2,0.092372,-0.0098684,0.0065789
786,6774.7,22.335,0.01,2.726,4.627,2,0.091463,-0.010526,0.026316
787,6775.2,22.148,0.01,2.727,4.622,2,0.090537,-0.011184,0.059211
788,6775.6,22.689,0.01,2.734,4.59,2,0.093222,-0.015789,0.28947
789,6776.1,23.841,0.01,2.735,4.508,2,0.098998,-0.016447,0.32237
790,6776.5,24.738,0.01,2.728,4.431,2,0.10355,-0.011842,0.092105
791,6777,25.096,0.01,2.71,4.393,2,0.10538,0,0.5
792,6777.4,25.455,0.01,2.711,4.438,2,0.10722,-0.00065789,0.46711
793,6777.9,26.261,0.01,2.712,4.499,2,0.11139,-0.0013158,0.43421
794,6778.4,27.699,0.014,2.711,4.471,2,0.11892,-0.00065789,0.66711
795,6778.8,30.734,0.02,2.71,4.438,2,0.13524,0,1
796,6779.3,33.728,0.025,2.715,4.351,2,0.15192,-0.0032895,1.0855
797,6779.7,36.014,0.028,2.721,4.279,2,0.16506,-0.0072368,1.0382
798,6780.2,35.075,0.026,2.716,4.234,2,0.15962,-0.0039474,1.1026
799,6780.6,32.413,0.025,2.716,4.201,2,0.14452,-0.0039474,1.0526
800,6781.1,31.318,0.023,2.707,4.207,2,0.13845,0.0019737,1.2487
801,6781.5,31.054,0.021,2.703,4.212,2,0.13699,0.0046053,1.2803
802,6782,30.783,0.021,2.702,4.216,2,0.13551,0.0052632,1.3132
803,6782.5,30.517,0.02,2.7,4.229,2,0.13405,0.0065789,1.3289
804,6782.9,29.83,0.02,2.696,4.294,2,0.13032,0.0092105,1.4605
805,6783.4,29.43,0.019,2.694,4.358,2,0.12816,0.010526,1.4763
806,6783.8,29.415,0.018,2.7,4.399,2,0.12807,0.0065789,1.2289
807,6784.3,28.991,0.016,2.709,4.417,2,0.1258,0.00065789,0.83289
808,6784.7,27.695,0.015,2.723,4.454,2,0.1189,-0.0085526,0.32237
809,6785.2,26.601,0.014,2.73,4.473,2,0.11316,-0.013158,0.042105
810,6785.6,26.743,0.017,2.736,4.489,2,0.1139,-0.017105,0.0052632
811,6786.1,27.46,0.019,2.733,4.462,2,0.11766,-0.015132,0.19342
812,6786.6,27.766,0.021,2.73,4.453,2,0.11927,-0.013158,0.39211
813,6787,27.409,0.023,2.732,4.456,2,0.11739,-0.014474,0.42632
814,6787.5,27.17,0.024,2.733,4.46,2,0.11613,-0.015132,0.44342
815,6787.9,27.379,0.022,2.734,4.446,2,0.11723,-0.015789,0.31053
816,6788.4,27.006,0.019,2.725,4.38,2,0.11527,-0.0098684,0.45658
817,6788.8,25.07,0.017,2.716,4.355,2,0.10525,-0.0039474,0.65263
818,6789.3,23.118,0.014,2.716,4.461,2,0.095364,-0.0039474,0.50263
819,6789.8,23.441,0.014,2.721,4.566,2,0.096984,-0.0072368,0.33816
820,6790.2,24.249,0.014,2.716,4.628,2,0.10106,-0.0039474,0.50263
821,6790.7,25.067,0.014,2.705,4.644,2,0.10523,0.0032895,0.86447
822,6791.1,25.281,0.014,2.696,4.661,2,0.10633,0.0092105,1.1605
823,6791.6,24.27,0.014,2.702,4.677,2,0.10117,0.0052632,0.96316
824,6792,22.159,0.014,2.715,4.693,2,0.090592,-0.0032895,0.53553
825,6792.5,22.169,0.014,2.731,4.694,2,0.090641,-0.013816,0.0092105
826,6792.9,23.067,0.015,2.746,4.68,2,0.095109,-0.023684,0.43421
827,6793.4,23.965,0.015,2.746,4.631,2,0.099624,-0.023684,0.43421
828,6793.9,24.44,0.016,2.733,4.575,2,0.10203,-0.015132,0.043421
829,6794.3,24.584,0.015,2.712,4.508,2,0.10276,-0.0013158,0.68421
830,6794.8,23.824,0.014,2.697,4.434,2,0.098912,0.0085526,1.1276
831,6795.2,22.138,0.013,2.694,4.362,2,0.090488,0.010526,1.1763
832,6795.7,21.12,0.013,2.7,4.338,2,0.085481,0.0065789,0.97895
833,6796.1,20.311,0.014,2.702,4.348,2,0.081545,0.0052632,0.96316
834,6796.6,20.471,0.014,2.7,4.376,2,0.082321,0.0065789,1.0289
835,6797.1,21.71,0.014,2.703,4.381,2,0.088376,0.0046053,0.93026
836,6797.5,23.089,0.015,2.708,4.378,2,0.095219,0.0013158,0.81579
837,6798,24.926,0.016,2.708,4.322,2,0.10451,0.0013158,0.86579
838,6798.4,26.798,0.017,2.7,4.285,2,0.11419,0.0065789,1.1789
839,6798.9,26.812,0.017,2.694,4.287,2,0.11426,0.010526,1.3763
840,6799.3,24.294,0.016,2.695,4.295,2,0.10129,0.0098684,1.2934
841,6799.8,23.742,0.015,2.697,4.303,2,0.098498,0.0085526,1.1776
842,6800.2,25.127,0.014,2.697,4.309,2,0.10554,0.0085526,1.1276
843,6800.7,27.705,0.013,2.687,4.229,2,0.11895,0.015132,1.4106
844,6801.2,30.343,0.012,2.672,4.144,2,0.1331,0.025,1.9609
845,6801.6,32.331,0.013,2.663,4.142,2,0.14406,0.030921,2.3718
846,6802.1,34.379,0.017,2.643,4.163,2,0.15562,0.044079,3.3406
847,6802.5,33.207,0.021,2.628,4.185,2,0.14897,0.053947,4.0935
848,6803,28.042,0.017,2.622,4.203,2,0.12073,0.057895,4.2666
849,6803.4,19.875,0.011,2.652,4.361,2,0.07944,0.038158,2.808
850,6803.9,15.729,0.005,2.698,4.454,2,0.059947,0.0078947,0.66078
851,6804.3,14.62,0.002,2.719,4.549,1,0.054892,0.095266,6.7378
852,6804.8,16.286,0.002,2.734,4.585,1,0.06251,0.086391,6.1104
853,6805.3,18.246,0.003,2.749,4.502,1,0.071667,0.077515,5.4852
854,6805.7,19.91,0.005,2.779,4.203,1,0.079608,0.059763,4.2407
855,6806.2,20.747,0.006,2.808,3.9,1,0.083662,0.042604,3.0423
856,6806.6,26.255,0.008,2.814,3.651,1,0.11136,0.039053,2.8188
857,6807.1,31.829,0.016,2.804,3.63,1,0.14127,0.04497,3.3752
858,6807.5,37.347,0.042,2.753,3.691,1,0.17288,0.075148,6.0874
859,6808,40.975,0.067,2.703,3.727,1,0.19481,0.10473,8.7915
860,6808.5,37.205,0.075,2.666,3.623,1,0.17204,0.12663,10.407
861,6808.9,31.752,0.036,2.709,3.421,1,0.14084,0.10118,7.5941
862,6809.4,26.333,0.01,2.782,3.209,1,0.11176,0.057988,4.1609
863,6809.8,20.979,0.009,2.814,3.261,1,0.084793,0.039053,2.8339
864,6810.3,17.422,0.007,2.841,3.334,1,0.067792,0.023077,1.7052
865,6810.7,13.732,0.006,2.852,3.345,1,0.050891,0.016568,1.246
866,6811.2,9.93,0.005,2.869,3.33,1,0.034229,0.0065089,0.58037
867,6811.6,8.913,0.005,2.882,3.273,1,0.029896,-0.0011834,0.19083
868,6812.1,8.603,0.006,2.887,3.246,1,0.028586,-0.004142,0.092899
869,6812.6,8.076,0.006,2.88,3.281,1,0.02637,0,0.3
870,6813,6.286,0.007,2.867,3.343,1,0.018943,0.0076923,0.73543
871,6813.5,5.684,0.007,2.854,3.442,1,0.01648,0.015385,1.1952
872,6813.9,5.826,0.007,2.845,3.459,1,0.017059,0.02071,1.5458
873,6814.4,5.983,0.007,2.849,3.457,1,0.017701,0.018343,1.3883
874,6814.8,6.14,0.007,2.849,3.454,1,0.018344,0.018343,1.3883
875,6815.3,6.297,0.007,2.844,3.456,1,0.018988,0.021302,1.5855
876,6815.8,6.452,0.007,2.836,3.476,1,0.019625,0.026036,1.9064
877,6816.2,6.609,0.007,2.838,3.482,1,0.020271,0.024852,1.8257
878,6816.7,6.776,0.007,2.845,3.444,1,0.02096,0.02071,1.5458
879,6817.1,7.453,0.007,2.844,3.404,1,0.023767,0.021302,1.5855
880,6817.6,8.065,0.007,2.853,3.366,1,0.026324,0.015976,1.2334
881,6818,7.941,0.008,2.856,3.406,1,0.025804,0.014201,1.1525
882,6818.5,7.654,0.008,2.858,3.455,1,0.024605,0.013018,1.0804
883,6818.9,6.941,0.009,2.849,3.472,1,0.021642,0.018343,1.4448
884,6819.4,6.236,0.01,2.843,3.491,1,0.018738,0.021893,1.7019
885,6819.9,5.537,0.01,2.842,3.492,1,0.015881,0.022485,1.7401
886,6820.3,4.939,0.011,2.839,3.492,1,0.013456,0.02426,1.8836
887,6820.8,4.58,0.01,2.823,3.492,1,0.012009,0.033728,2.4875
888,6821.2,4.562,0.009,2.807,3.491,1,0.011936,0.043195,3.12
889,6821.7,4.564,0.009,2.808,3.478,1,0.011944,0.042604,3.079
890,6822.1,4.564,0.008,2.829,3.442,1,0.011944,0.030178,2.2076
891,6822.6,4.564,0.007,2.854,3.407,1,0.011944,0.015385,1.1952
892,6823,4.564,0.008,2.876,3.373,1,0.011944,0.0023669,0.51834
893,6823.5,4.564,0.009,2.876,3.346,1,0.011944,0.0023669,0.56834
894,6824,4.566,0.01,2.871,3.306,1,0.011952,0.0053254,0.76627
895,6824.4,4.572,0.011,2.864,3.29,1,0.011977,0.0094675,1.0234
896,6824.9,4.522,0.011,2.865,3.287,1,0.011775,0.0088757,0.99379
897,6825.3,3.497,0.009,2.868,3.284,1,0.0076785,0.0071006,0.80503
898,6825.8,2.523,0.008,2.866,3.284,1,0.0038309,0.008284,0.81433
899,6826.2,1.982,0.007,2.862,3.294,1,0.0017128,0.010651,0.90123
900,6826.7,1.542,0.006,2.861,3.299,1,0,0.011243,0.9011
901,6827.2,1.909,0.005,2.873,3.253,1,0.001428,0.004142,0.4571
902,6827.6,2.276,0.004,2.882,3.209,1,0.0028622,-0.0011834,0.14083
903,6828.1,2.639,0.003,2.883,3.193,1,0.0042868,-0.0017751,0.061243
904,6828.5,3.001,0.002,2.877,3.176,1,0.0057136,0.0017751,0.18876
905,6829,3.363,0.002,2.863,3.138,1,0.0071465,0.010059,0.72521
906,6829.4,3.725,0.002,2.848,3.086,1,0.0085855,0.018935,1.3463
907,6829.9,4.087,0.001,2.833,3.014,1,0.010031,0.027811,1.9678
908,6830.3,4.45,0.001,2.835,2.992,1,0.011486,0.026627,1.8842
909,6830.8,4.812,0,2.852,3.002,1,0.012944,0.016568,1.1715
910,6831.3,5.052,0,2.869,3.057,1,0.013913,0.0065089,0.46025
911,6831.7,5.288,-0.001,2.868,3.079,1,0.01487,0.0071006,0.50704
912,6832.2,5.525,0,2.848,3.067,1,0.015833,0.018935,1.3389
913,6832.6,5.762,0,2.837,3.049,1,0.016798,0.025444,1.7991
914,6833.1,6.002,-0.001,2.846,3.053,1,0.017779,0.020118,1.4243
915,6833.5,6.086,-0.001,2.867,3.068,1,0.018123,0.0076923,0.54851
916,6834,5.929,-0.001,2.883,3.109,1,0.01748,-0.0017751,0.13876
917,6834.4,4.981,-0.001,2.887,3.144,1,0.013626,-0.004142,0.2571
918,6834.9,3.717,-0.001,2.885,3.152,1,0.0085537,-0.0029586,0.19793
919,6835.4,3.362,-0.001,2.883,3.115,1,0.0071426,-0.0017751,0.13876
920,6835.8,3.154,-0.001,2.874,3.102,1,0.0063185,0.0035503,0.26081
921,6836.3,3.384,0,2.858,3.115,1,0.0072298,0.013018,0.92049
922,6836.7,4.081,0.001,2.85,3.17,1,0.010007,0.017751,1.2572
923,6837.2,4.783,0.003,2.851,3.169,1,0.012827,0.01716,1.2318
924,6837.6,4.821,0.004,2.858,3.151,1,0.01298,0.013018,0.96297
925,6838.1,4.916,0.004,2.851,3.133,1,0.013363,0.01716,1.2459
926,6838.6,5.654,0.004,2.843,3.166,1,0.016358,0.021893,1.5737
927,6839,6.719,0.005,2.839,3.189,1,0.020725,0.02426,1.7515
928,6839.5,7.877,0.005,2.854,3.179,1,0.025536,0.015385,1.1439
929,6839.9,8.265,0.006,2.865,3.163,1,0.027163,0.0088757,0.75756
930,6840.4,7.255,0.006,2.863,3.164,1,0.022944,0.010059,0.82821
931,6840.8,5.287,0.006,2.852,3.167,1,0.014865,0.016568,1.246
932,6841.3,3.828,0.006,2.843,3.17,1,0.0089961,0.021893,1.6052
933,6841.7,3.532,0.006,2.833,3.177,1,0.0078176,0.027811,2.0118
934,6842.2,3.33,0.006,2.825,3.19,1,0.0070157,0.032544,2.34
935,6842.7,4.07,0.006,2.83,3.202,1,0.0099627,0.029586,2.1346
936,6843.1,5.706,0.006,2.848,3.212,1,0.01657,0.018935,1.4045
937,6843.6,6.024,0.005,2.856,3.19,1,0.017869,0.014201,1.0646
938,6844,5.893,0.005,2.859,3.158,1,0.017333,0.012426,0.94712
939,6844.5,5.761,0.005,2.852,3.125,1,0.016794,0.016568,1.2237
940,6844.9,5.629,0.007,2.855,3.091,1,0.016256,0.014793,1.1572
941,6845.4,5.496,0.006,2.857,3.095,1,0.015715,0.013609,1.0517
942,6845.9,5.365,0.005,2.856,3.114,1,0.015182,0.014201,1.0646
943,6846.3,4.969,0.003,2.85,3.133,1,0.013578,0.017751,1.273
944,6846.8,4.47,0.003,2.848,3.123,1,0.011566,0.018935,1.3556
945,6847.2,3.97,0.003,2.857,3.074,1,0.0095629,0.013609,0.98544
946,6847.7,3.579,0.003,2.866,3.006,1,0.0080044,0.008284,0.623
947,6848.1,4.107,0.003,2.861,3.043,1,0.010111,0.011243,0.82279
948,6848.6,5.876,0.003,2.854,3.108,1,0.017264,0.015385,1.1083
949,6849,6.313,0.003,2.849,3.147,1,0.019054,0.018343,1.3143
950,6849.5,6.293,0.003,2.853,3.175,1,0.018972,0.015976,1.1494
951,6850,6.26,0.003,2.866,3.201,1,0.018836,0.008284,0.623
952,6850.4,6.228,0.003,2.871,3.202,1,0.018705,0.0053254,0.43221
953,6850.9,6.197,0.003,2.866,3.201,1,0.018578,0.008284,0.623
954,6851.3,6.166,0.003,2.851,3.185,1,0.018451,0.01716,1.2318
955,6851.8,6.135,0.003,2.853,3.168,1,0.018323,0.015976,1.1494
956,6852.2,6.1,0.003,2.855,3.135,1,0.01818,0.014793,1.0673
957,6852.7,5.885,0.003,2.856,3.136,1,0.0173,0.014201,1.0263
958,6853.1,5.437,0.003,2.85,3.158,1,0.015475,0.017751,1.273
959,6853.6,4.992,0.003,2.85,3.18,1,0.013671,0.017751,1.273
960,6854.1,4.543,0.003,2.855,3.18,1,0.01186,0.014793,1.0673
961,6854.5,4.081,0.001,2.861,3.144,1,0.010007,0.011243,0.79811
962,6855,4.003,0,2.865,3.109,1,0.0096948,0.0088757,0.62761
963,6855.4,3.95,0,2.867,3.098,1,0.009483,0.0076923,0.54393
964,6855.9,3.895,-0.001,2.858,3.11,1,0.0092634,0.013018,0.92321
965,6856.3,3.841,-0.001,2.847,3.122,1,0.009048,0.019527,1.3826
966,6856.8,3.943,0,2.847,3.124,1,0.0094551,0.019527,1.3807
967,6857.3,4.831,0,2.85,3.066,1,0.01302,0.017751,1.2552
968,6857.7,5.881,0,2.849,3.054,1,0.017284,0.018343,1.2971
969,6858.2,6.091,0,2.848,3.134,1,0.018143,0.018935,1.3389
970,6858.6,6.068,0.001,2.845,3.219,1,0.018049,0.02071,1.4661
971,6859.1,5.327,0.001,2.841,3.272,1,0.015028,0.023077,1.6333
972,6859.5,4.582,0.003,2.844,3.272,1,0.012017,0.021302,1.5211
973,6860,4.427,0.006,2.854,3.271,1,0.011394,0.015385,1.1677
974,6860.4,4.297,0.01,2.856,3.274,1,0.010872,0.014201,1.2282
975,6860.9,4.166,0.015,2.85,3.331,1,0.010347,0.017751,1.6433
976,6861.4,4.033,0.019,2.837,3.361,1,0.0098147,0.025444,2.2454
977,6861.8,3.896,0.019,2.822,3.313,1,0.0092674,0.03432,2.7738
978,6862.3,3.77,0.02,2.804,3.273,1,0.0087648,0.04497,3.4802
979,6862.7,4.921,0.015,2.795,3.292,1,0.013384,0.050296,3.7112
980,6863.2,6.192,0.011,2.798,3.336,1,0.018557,0.048521,3.518
981,6863.6,6.42,0.007,2.817,3.338,1,0.019493,0.037278,2.682
982,6864.1,6.504,0.007,2.836,3.28,1,0.019839,0.026036,1.9064
983,6864.5,6.587,0.007,2.845,3.233,1,0.020181,0.02071,1.5458
984,6865,6.673,0.006,2.838,3.255,1,0.020535,0.024852,1.8078
985,6865.5,6.762,0.005,2.84,3.298,1,0.020903,0.023669,1.7106
986,6865.9,6.832,0.004,2.85,3.342,1,0.021192,0.017751,1.2867
987,6866.4,6.199,0.003,2.851,3.334,1,0.018586,0.01716,1.2318
988,6866.8,5.496,0.002,2.845,3.269,1,0.015715,0.02071,1.4712
989,6867.3,4.856,0.001,2.84,3.225,1,0.013121,0.023669,1.6751
990,6867.7,6.214,0,2.844,3.249,1,0.018647,0.021302,1.5063
991,6868.2,11.562,-0.001,2.837,3.317,1,0.04129,0.025444,1.8005
992,6868.7,19.788,0.002,2.833,3.361,1,0.079021,0.027811,1.9716
993,6869.1,27.94,0.009,2.829,3.354,1,0.12019,0.030178,2.2267
994,6869.6,34.99,0.021,2.803,3.365,1,0.15913,0.045562,3.5475
995,6870,36.563,0.025,2.737,3.436,1,0.16827,0.084615,6.2389
996,6870.5,27.995,0.019,2.674,3.531,1,0.12049,0.12189,8.7233
997,6870.9,19.653,0.01,2.663,3.61,1,0.078372,0.1284,9.1069
998,6871.4,11.276,0.006,2.734,3.6,1,0.040043,0.086391,6.1234
999,6871.8,7.053,0.004,2.799,3.432,1,0.022106,0.047929,3.4009
1000,6872.3,5.496,0.004,2.851,3.329,1,0.015715,0.01716,1.2459
1001,6872.8,4.891,0.005,2.871,3.221,1,0.013262,0.0053254,0.51653
1002,6873.2,4.636,0.006,2.842,3.242,1,0.012234,0.022485,1.6456
1003,6873.7,4.381,0.005,2.814,3.333,1,0.011209,0.039053,2.784
1004,6874.1,4.134,0.004,2.81,3.402,1,0.010219,0.04142,2.9425
1005,6874.6,3.897,0.003,2.827,3.411,1,0.0092714,0.031361,2.2277
1006,6875,3.034,0.002,2.844,3.371,1,0.005844,0.021302,1.5129
1007,6875.5,2.504,0.002,2.848,3.315,1,0.0037563,0.018935,1.3463
1008,6875.9,2.483,0.002,2.845,3.247,1,0.0036738,0.02071,1.4712
1009,6876.4,2.828,0.003,2.833,3.182,1,0.005031,0.027811,1.9779
1010,6876.9,3.178,0.003,2.82,3.134,1,0.0064135,0.035503,2.5194
1011,6877.3,3.527,0.002,2.807,3.135,1,0.0077977,0.043195,3.0576
1012,6877.8,3.769,0,2.789,3.156,1,0.0087609,0.053846,3.8075
1013,6878.2,3.536,-0.001,2.767,3.512,1,0.0078335,0.066864,4.7285
1014,6878.7,3.311,-0.003,2.75,3.777,1,0.0069403,0.076923,5.4434
1015,6879.1,3.09,-0.004,2.742,4.35,2,0.0060654,-0.021053,1.2526
1016,6879.6,2.858,-0.005,2.739,4.588,2,0.0051493,-0.019079,1.2039
1017,6880.1,3.274,-0.005,2.741,4.715,2,0.0067937,-0.020395,1.2697
1018,6880.5,3.81,-0.006,2.756,4.759,2,0.0089243,-0.030263,1.8132
1019,6881,3.78,-0.006,2.758,4.696,2,0.0088047,-0.031579,1.8789
1020,6881.4,4.364,-0.007,2.758,4.575,2,0.011141,-0.031579,1.9289
1021,6881.9,5.581,-0.007,2.759,4.544,2,0.01606,-0.032237,1.9618
1022,6882.3,6.812,-0.007,2.753,4.541,2,0.021109,-0.028289,1.7645
1023,6882.8,7.302,-0.007,2.74,4.617,2,0.023139,-0.019737,1.3368
1024,6883.2,6.959,-0.007,2.735,4.703,2,0.021717,-0.016447,1.1724
1025,6883.7,6.059,-0.007,2.734,4.788,2,0.018012,-0.015789,1.1395
1026,6884.2,4.759,-0.007,2.728,4.867,2,0.01273,-0.011842,0.94211
1027,6884.6,4.088,-0.008,2.718,4.898,2,0.010035,-0.0052632,0.67713
1028,6885.1,4.217,-0.008,2.716,4.928,2,0.010551,-0.0039474,0.6308
1029,6885.5,4.331,-0.008,2.717,4.901,2,0.011008,-0.0046053,0.65272
1030,6886,4.444,-0.008,2.722,4.848,2,0.011462,-0.0078947,0.79475
1031,6886.4,4.591,-0.007,2.723,4.843,2,0.012053,-0.0085526,0.77763
1032,6886.9,5.504,-0.007,2.727,4.816,2,0.015747,-0.011184,0.90921
1033,6887.4,6.457,-0.007,2.728,4.81,2,0.019646,-0.011842,0.94211
1034,6887.8,6.364,-0.006,2.726,4.835,2,0.019263,-0.010526,0.82632
1035,6888.3,6.047,-0.007,2.722,4.897,2,0.017963,-0.0078947,0.74474
1036,6888.7,4.979,-0.007,2.709,4.941,2,0.013618,0.00065789,0.49716
1037,6889.2,4.263,-0.007,2.707,4.944,2,0.010736,0.0019737,0.51427
1038,6889.6,3.793,-0.008,2.723,4.946,2,0.0088565,-0.0085526,0.82763
1039,6890.1,3.797,-0.008,2.736,4.947,2,0.0088725,-0.017105,1.2553
1040,6890.5,4.105,-0.008,2.745,4.95,2,0.010103,-0.023026,1.5513
1041,6891,4.525,-0.009,2.745,4.905,2,0.011787,-0.023026,1.6013
1042,6891.5,4.806,-0.009,2.734,4.849,2,0.012919,-0.015789,1.2395
1043,6891.9,4.747,-0.008,2.721,4.857,2,0.012681,-0.0072368,0.7628
1044,6892.4,4.693,-0.007,2.714,4.838,2,0.012464,-0.0026316,0.5288
1045,6892.8,4.642,-0.006,2.714,4.821,2,0.012258,-0.0026316,0.46328
1046,6893.3,4.581,-0.005,2.716,4.767,2,0.012013,-0.0039474,0.45045
1047,6893.7,5.422,-0.005,2.715,4.757,2,0.015414,-0.0032895,0.42321
1048,6894.2,6.674,-0.005,2.714,4.745,2,0.020539,-0.0026316,0.39953
1049,6894.6,6.934,-0.006,2.714,4.732,2,0.021613,-0.0026316,0.46328
1050,6895.1,6.959,-0.007,2.718,4.715,2,0.021717,-0.0052632,0.61928
1051,6895.6,5.585,-0.006,2.727,4.685,2,0.016077,-0.011184,0.85921
1052,6896,4.563,-0.005,2.729,4.655,2,0.01194,-0.0125,0.875
1053,6896.5,4.066,-0.005,2.723,4.659,2,0.0099467,-0.0085526,0.67763
1054,6896.9,4.204,-0.005,2.729,4.672,2,0.010499,-0.0125,0.875
1055,6897.4,4.571,-0.005,2.744,4.716,2,0.011973,-0.022368,1.3684
1056,6897.8,5.693,-0.006,2.75,4.744,2,0.016517,-0.026316,1.6158
1057,6898.3,6.247,-0.006,2.743,4.747,2,0.018783,-0.021711,1.3855
1058,6898.8,6.722,-0.005,2.735,4.73,2,0.020737,-0.016447,1.0724
1059,6899.2,7.396,-0.004,2.738,4.714,2,0.02353,-0.018421,1.1211
1060,6899.7,8.142,-0.003,2.743,4.699,2,0.026646,-0.021711,1.2355
1061,6900.1,9.179,-0.003,2.741,4.703,2,0.031025,-0.020395,1.1697
1062,6900.6,9.234,-0.002,2.733,4.728,2,0.031258,-0.015132,0.85658
1063,6901,9.318,-0.002,2.724,4.754,2,0.031615,-0.0092105,0.56053
1064,6901.5,9.321,-0.003,2.714,4.769,2,0.031628,-0.0026316,0.28218
1065,6901.9,8.28,-0.003,2.704,4.781,2,0.027226,0.0039474,0.35058
1066,6902.4,6.973,-0.003,2.694,4.793,2,0.021775,0.010526,0.77396
1067,6902.9,6.423,-0.003,2.689,4.809,2,0.019506,0.013816,0.99969
1068,6903.3,6.716,-0.003,2.698,4.834,2,0.020713,0.0078947,0.59719
1069,6903.8,7.175,-0.003,2.707,4.851,2,0.022612,0.0019737,0.25392
1070,6904.2,7.998,-0.003,2.714,4.849,2,0.026043,-0.0026316,0.28218
1071,6904.7,9.004,-0.004,2.72,4.823,2,0.030282,-0.0065789,0.52895
1072,6905.1,10.013,-0.005,2.723,4.796,2,0.034584,-0.0085526,0.67763
1073,6905.6,9.129,-0.007,2.718,4.787,2,0.030812,-0.0052632,0.61928
1074,6906.1,7.568,-0.007,2.719,4.805,2,0.024246,-0.0059211,0.6483
1075,6906.5,6.473,-0.006,2.72,4.823,2,0.019711,-0.0065789,0.62895
1076,6907,5.827,-0.006,2.723,4.841,2,0.017064,-0.0085526,0.72763
1077,6907.4,5.259,-0.006,2.725,4.849,2,0.014752,-0.0098684,0.79342
1078,6907.9,4.696,-0.006,2.726,4.811,2,0.012476,-0.010526,0.82632
1079,6908.3,4.304,-0.006,2.727,4.775,2,0.0109,-0.011184,0.85921
1080,6908.8,4.311,-0.005,2.72,4.781,2,0.010928,-0.0065789,0.57895
1081,6909.2,4.309,-0.005,2.71,4.819,2,0.01092,0,0.35355
1082,6909.7,4.298,-0.005,2.714,4.796,2,0.010876,-0.0026316,0.39953
1083,6910.2,4.843,-0.006,2.72,4.759,2,0.013069,-0.0065789,0.62895
1084,6910.6,5.533,-0.006,2.723,4.687,2,0.015865,-0.0085526,0.72763
1085,6911.1,6.386,-0.006,2.72,4.637,2,0.019354,-0.0065789,0.62895
1086,6911.5,7.98,-0.005,2.704,4.624,2,0.025967,0.0039474,0.45045
1087,6912,9.57,-0.003,2.694,4.583,2,0.032689,0.010526,0.77396
1088,6912.4,10.455,-0.002,2.683,4.59,2,0.036485,0.017763,1.264
1089,6912.9,10.956,0,2.68,4.6,2,0.038652,0.019737,1.3956
1090,6913.3,11.441,0,2.677,4.61,2,0.040762,0.021711,1.5352
1091,6913.8,12.018,0,2.674,4.62,2,0.043287,0.023684,1.6747
1092,6914.3,14.305,0,2.681,4.63,2,0.053468,0.019079,1.3491
1093,6914.7,16.595,0,2.69,4.64,2,0.06394,0.013158,0.9304
1094,6915.2,17.087,0,2.698,4.65,2,0.066227,0.0078947,0.55824
1095,6915.6,15.504,0,2.707,4.662,2,0.058916,0.0019737,0.13956
1096,6916.1,12.57,0,2.719,4.715,2,0.045719,-0.0059211,0.29605
1097,6916.5,10.605,0,2.725,4.769,2,0.037133,-0.0098684,0.49342
1098,6917,9.768,0,2.721,4.822,2,0.033535,-0.0072368,0.36184
1099,6917.5,9.469,0,2.709,4.848,2,0.032258,0.00065789,0.04652
1100,6917.9,9.613,0,2.707,4.842,2,0.032873,0.0019737,0.13956
1101,6918.4,9.403,0,2.715,4.812,2,0.031977,-0.0032895,0.16447
1102,6918.8,9.103,0,2.723,4.754,2,0.030702,-0.0085526,0.42763
1103,6919.3,8.804,-0.001,2.729,4.741,2,0.029435,-0.0125,0.675
1104,6919.7,8.777,-0.001,2.73,4.786,2,0.029321,-0.013158,0.70789
1105,6920.2,9.748,-0.001,2.723,4.839,2,0.03345,-0.0085526,0.47763
1106,6920.6,10.813,-0.001,2.717,4.831,2,0.038032,-0.0046053,0.28026
1107,6921.1,11.439,-0.001,2.72,4.806,2,0.040753,-0.0065789,0.37895
1108,6921.6,10.599,-0.001,2.725,4.8,2,0.037107,-0.0098684,0.54342
1109,6922,9.778,-0.001,2.722,4.8,2,0.033578,-0.0078947,0.44474
1110,6922.5,9.397,-0.001,2.71,4.8,2,0.031952,0,0.070711
1111,6922.9,9.592,-0.001,2.712,4.782,2,0.032783,-0.0013158,0.11579
1112,6923.4,9.795,-0.001,2.719,4.811,2,0.033651,-0.0059211,0.34605
1113,6923.8,9.607,-0.001,2.719,4.843,2,0.032847,-0.0059211,0.34605
1114,6924.3,8.958,-0.001,2.71,4.876,2,0.030087,0,0.070711
1115,6924.7,6.914,-0.001,2.697,4.857,2,0.021531,0.0085526,0.60888
1116,6925.2,6.113,-0.001,2.675,4.776,2,0.018233,0.023026,1.6297
1117,6925.7,5.93,-0.001,2.665,4.706,2,0.017484,0.029605,2.0946
1118,6926.1,5.773,-0.001,2.673,4.693,2,0.016843,0.024342,1.7227
1119,6926.6,5.608,-0.002,2.693,4.68,2,0.01617,0.011184,0.80339
1120,6927,5.65,-0.002,2.721,4.754,2,0.016342,-0.0072368,0.46184
1121,6927.5,5.739,-0.003,2.733,4.826,2,0.016704,-0.015132,0.90658
1122,6927.9,5.842,-0.003,2.735,4.88,2,0.017125,-0.016447,0.97237
1123,6928.4,6.229,-0.004,2.735,4.85,2,0.018709,-0.016447,1.0224
1124,6928.9,6.633,-0.004,2.73,4.762,2,0.02037,-0.013158,0.85789
1125,6929.3,7.22,-0.005,2.73,4.697,2,0.022799,-0.013158,0.90789
1126,6929.8,7.834,-0.005,2.729,4.65,2,0.025356,-0.0125,0.875
1127,6930.2,7.617,-0.005,2.727,4.637,2,0.02445,-0.011184,0.80921
1128,6930.7,7.411,-0.005,2.725,4.703,2,0.023592,-0.0098684,0.74342
1129,6931.1,7.618,-0.005,2.724,4.774,2,0.024454,-0.0092105,0.71053
1130,6931.6,7.993,-0.005,2.723,4.839,2,0.026022,-0.0085526,0.67763
1131,6932,8.374,-0.006,2.712,4.871,2,0.027621,-0.0013158,0.43435
1132,6932.5,8.755,-0.006,2.712,4.864,2,0.029228,-0.0013158,0.43435
1133,6933,9.136,-0.006,2.725,4.819,2,0.030842,-0.0098684,0.79342
1134,6933.4,9.517,-0.006,2.735,4.781,2,0.032463,-0.016447,1.1224
1135,6933.9,9.897,-0.006,2.736,4.79,2,0.034087,-0.017105,1.1553
1136,6934.3,10.278,-0.006,2.729,4.798,2,0.035723,-0.0125,0.925
1137,6934.8,10.658,-0.006,2.729,4.775,2,0.037362,-0.0125,0.925
1138,6935.2,11.039,-0.005,2.734,4.741,2,0.039012,-0.015789,1.0395
1139,6935.7,11.42,-0.005,2.731,4.705,2,0.04067,-0.013816,0.94079
1140,6936.1,11.799,-0.005,2.727,4.716,2,0.042327,-0.011184,0.80921
1141,6936.6,12.182,-0.004,2.724,4.696,2,0.044008,-0.0092105,0.66053
1142,6937.1,12.694,-0.004,2.721,4.664,2,0.046268,-0.0072368,0.56184
1143,6937.5,13.199,-0.004,2.721,4.643,2,0.04851,-0.0072368,0.56184
1144,6938,13.742,-0.001,2.712,4.654,2,0.050936,-0.0013158,0.11579
1145,6938.4,15.173,0.003,2.694,4.665,2,0.057404,0.010526,0.77396
1146,6938.9,17.23,0.004,2.676,4.676,2,0.066894,0.022368,1.6068
1147,6939.3,18.653,0.004,2.675,4.681,2,0.073595,0.023026,1.6526
1148,6939.8,19.45,0.003,2.68,4.683,2,0.077397,0.019737,1.4116
1149,6940.3,19.39,0.002,2.674,4.685,2,0.07711,0.023684,1.6807
1150,6940.7,19.232,0.001,2.671,4.687,2,0.076354,0.025658,1.8157
1151,6941.2,19.077,0.002,2.677,4.689,2,0.075614,0.021711,1.5417
1152,6941.6,18.092,0.004,2.688,4.704,2,0.07094,0.014474,1.0618
1153,6942.1,15.159,0.005,2.698,4.742,2,0.05734,0.0078947,0.66078
1154,6942.5,12.448,0.005,2.709,4.798,2,0.045181,0.00065789,0.28289
1155,6943,11.437,0.003,2.713,4.843,2,0.040744,-0.0019737,0.051316
1156,6943.4,11.024,0.001,2.713,4.872,2,0.038947,-0.0019737,0.048684
1157,6943.9,10.623,0,2.713,4.901,2,0.03721,-0.0019737,0.098684
1158,6944.4,9.63,-0.002,2.717,4.932,2,0.032945,-0.0046053,0.33026
1159,6944.8,7.684,-0.004,2.722,4.888,2,0.02473,-0.0078947,0.59474
1160,6945.3,6.617,-0.004,2.722,4.844,2,0.020304,-0.0078947,0.59474
1161,6945.7,6.71,-0.004,2.722,4.785,2,0.020688,-0.0078947,0.59474
1162,6946.2,6.887,-0.004,2.723,4.765,2,0.021419,-0.0085526,0.62763
1163,6946.6,7.865,-0.004,2.723,4.77,2,0.025486,-0.0085526,0.62763
1164,6947.1,8.415,-0.005,2.711,4.784,2,0.027794,-0.00065789,0.3566
1165,6947.6,8.82,-0.005,2.697,4.772,2,0.029503,0.0085526,0.70053
1166,6948,7.867,-0.004,2.695,4.739,2,0.025494,0.0098684,0.75295
1167,6948.5,7.69,-0.003,2.696,4.667,2,0.024755,0.0092105,0.68496
1168,6948.9,8.001,-0.003,2.698,4.64,2,0.026055,0.0078947,0.59719
1169,6949.4,8.307,-0.002,2.7,4.655,2,0.027339,0.0065789,0.48622
1170,6949.8,8.604,-0.002,2.7,4.671,2,0.02859,0.0065789,0.48622
1171,6950.3,8.289,-0.003,2.697,4.688,2,0.027264,0.0085526,0.64089
1172,6950.7,7.927,-0.004,2.687,4.709,2,0.025745,0.015132,1.1067
1173,6951.2,7.567,-0.005,2.686,4.752,2,0.024242,0.015789,1.1711
1174,6951.7,7.206,-0.006,2.686,4.796,2,0.02274,0.015789,1.1944
1175,6952.1,6.858,-0.007,2.685,4.839,2,0.021299,0.016447,1.264
1176,6952.6,6.843,-0.006,2.683,4.88,2,0.021237,0.017763,1.3258
1177,6953,6.844,-0.005,2.682,4.879,2,0.021241,0.018421,1.3497
1178,6953.5,6.857,-0.004,2.689,4.852,2,0.021295,0.013816,1.017
1179,6953.9,8.429,-0.004,2.695,4.825,2,0.027853,0.0098684,0.75295
1180,6954.4,10.511,-0.003,2.688,4.799,2,0.036727,0.014474,1.0452
1181,6954.8,12.613,-0.003,2.682,4.78,2,0.04591,0.018421,1.3197
1182,6955.3,14.713,-0.002,2.682,4.78,2,0.055313,0.018421,1.3102
1183,6955.8,14.78,-0.002,2.693,4.8,2,0.055617,0.011184,0.80339
1184,6956.2,13.586,-0.002,2.709,4.839,2,0.050238,0.00065789,0.14888
1185,6956.7,12.299,-0.002,2.708,4.894,2,0.044523,0.0013158,0.16928
1186,6957.1,11.008,-0.002,2.693,4.943,2,0.038878,0.011184,0.80339
1187,6957.6,9.685,-0.003,2.691,4.95,2,0.03318,0.0125,0.90898
1188,6958,8.625,-0.003,2.691,4.913,2,0.028679,0.0125,0.90898
1189,6958.5,7.554,-0.003,2.691,4.833,2,0.024188,0.0125,0.90898
1190,6959,6.689,-0.004,2.684,4.771,2,0.020601,0.017105,1.2422
1191,6959.4,6.269,-0.004,2.665,4.737,2,0.018873,0.029605,2.1124
1192,6959.9,5.847,-0.005,2.666,4.736,2,0.017145,0.028947,2.0772
1193,6960.3,5.738,-0.005,2.679,4.75,2,0.0167,0.020395,1.4848
1194,6960.8,6.087,-0.005,2.705,4.757,2,0.018127,0.0032895,0.42321
1195,6961.2,6.025,-0.006,2.726,4.74,2,0.017873,-0.010526,0.82632
1196,6961.7,5.973,-0.006,2.733,4.723,2,0.01766,-0.015132,1.0566
1197,6962.1,5.922,-0.007,2.734,4.717,2,0.017452,-0.015789,1.1395
1198,6962.6,5.871,-0.007,2.725,4.759,2,0.017243,-0.0098684,0.84342
1199,6963.1,5.866,-0.007,2.716,4.839,2,0.017223,-0.0039474,0.56825
1200,6963.5,6.025,-0.008,2.708,4.91,2,0.017873,0.0013158,0.57329
1201,6964,6.179,-0.008,2.702,4.925,2,0.018504,0.0052632,0.67713
1202,6964.4,6.331,-0.008,2.702,4.939,2,0.019128,0.0052632,0.67713
1203,6964.9,6.482,-0.008,2.703,4.953,2,0.019748,0.0046053,0.65272
1204,6965.3,6.826,-0.008,2.703,4.967,2,0.021167,0.0046053,0.65272
1205,6965.8,8.917,-0.006,2.69,4.981,2,0.029913,0.013158,1.0226
1206,6966.2,11.17,-0.004,2.679,4.985,2,0.039581,0.020395,1.4696
1207,6966.7,13.175,-0.003,2.693,4.967,2,0.048403,0.011184,0.8188
1208,6967.2,14.599,-0.002,2.697,4.95,2,0.054797,0.0085526,0.62108
1209,6967.6,15.079,-0.002,2.698,4.914,2,0.056976,0.0078947,0.57588
1210,6968.1,14.301,-0.002,2.695,4.855,2,0.05345,0.0098684,0.71199
1211,6968.5,12.49,-0.002,2.703,4.817,2,0.045366,0.0046053,0.35502
1212,6969,10.695,-0.002,2.717,4.782,2,0.037522,-0.0046053,0.33026
1213,6969.4,10.305,-0.001,2.736,4.753,2,0.035839,-0.017105,0.90526
1214,6969.9,10.748,-0.001,2.738,4.71,2,0.037751,-0.018421,0.97105
1215,6970.4,11.18,-0.001,2.738,4.667,2,0.039625,-0.018421,0.97105
1216,6970.8,11.652,-0.002,2.733,4.667,2,0.041683,-0.015132,0.85658
1217,6971.3,10.305,-0.003,2.726,4.704,2,0.035839,-0.010526,0.67632
1218,6971.7,8,-0.005,2.727,4.772,2,0.026051,-0.011184,0.80921
1219,6972.2,5.068,-0.006,2.727,4.815,2,0.013978,-0.011184,0.85921
1220,6972.6,4.061,-0.006,2.72,4.821,2,0.0099267,-0.0065789,0.62895
1221,6973.1,4.207,-0.006,2.712,4.793,2,0.010511,-0.0013158,0.43435
1222,6973.5,4.813,-0.004,2.71,4.762,2,0.012948,0,0.28284
1223,6974,6.547,-0.002,2.717,4.752,2,0.020016,-0.0046053,0.33026
1224,6974.5,8.462,-0.001,2.725,4.773,2,0.027992,-0.0098684,0.54342
1225,6974.9,10.587,-0.001,2.733,4.793,2,0.037055,-0.015132,0.80658
1226,6975.4,12.701,0,2.739,4.805,2,0.046299,-0.019079,0.95395
1227,6975.8,14.966,0.001,2.744,4.754,2,0.056462,-0.022368,1.0684
1228,6976.3,17.885,0,2.744,4.658,2,0.069965,-0.022368,1.1184
1229,6976.7,20.717,0,2.736,4.588,2,0.083516,-0.017105,0.85526
1230,6977.2,20.049,0,2.74,4.563,2,0.080279,-0.019737,0.98684
1231,6977.7,17.817,-0.003,2.737,4.596,2,0.069645,-0.017763,1.0382
1232,6978.1,15.044,-0.005,2.739,4.653,2,0.056817,-0.019079,1.2039
1233,6978.6,12.552,-0.005,2.738,4.694,2,0.04564,-0.018421,1.1711
1234,6979,11.222,-0.005,2.737,4.701,2,0.039808,-0.017763,1.1382
1235,6979.5,12.494,-0.004,2.737,4.66,2,0.045384,-0.017763,1.0882
1236,6979.9,14.815,-0.003,2.731,4.614,2,0.055776,-0.013816,0.84079
1237,6980.4,16.353,-0.002,2.718,4.589,2,0.06282,-0.0052632,0.36316
1238,6980.8,17.123,-0.002,2.713,4.677,2,0.066395,-0.0019737,0.19869
1239,6981.3,17.891,-0.001,2.711,4.765,2,0.069993,-0.00065789,0.084641
1240,6981.8,19.308,-0.001,2.71,4.787,2,0.076717,0,0.070711
1241,6982.2,21.334,0,2.71,4.743,2,0.086529,0,0
1242,6982.7,23.429,0,2.71,4.637,2,0.096923,0,0
1243,6983.1,22.97,0,2.718,4.543,2,0.094624,-0.0052632,0.26316
1244,6983.6,21.888,0.001,2.736,4.554,2,0.089253,-0.017105,0.80526
1245,6984,19.446,0.001,2.736,4.644,2,0.077378,-0.017105,0.80526
1246,6984.5,17.736,0,2.727,4.732,2,0.069264,-0.011184,0.55921
1247,6984.9,14.876,-0.001,2.713,4.812,2,0.056053,-0.0019737,0.14868
1248,6985.4,12.057,-0.001,2.716,4.855,2,0.043459,-0.0039474,0.24737
1249,6985.9,9.832,-0.003,2.72,4.85,2,0.033809,-0.0065789,0.47895
1250,6986.3,9.828,-0.003,2.724,4.801,2,0.033792,-0.0092105,0.61053
1251,6986.8,11.667,-0.002,2.718,4.754,2,0.041749,-0.0052632,0.36316
1252,6987.2,13.932,-0.001,2.704,4.702,2,0.051789,0.0039474,0.28794
1253,6987.7,19.755,0,2.682,4.615,2,0.078862,0.018421,1.3026
1254,6988.1,25.41,0,2.669,4.505,2,0.10699,0.026974,1.9073
1255,6988.6,30.07,0,2.665,4.395,2,0.13162,0.029605,2.0934
1256,6989.1,30.995,-0.001,2.681,4.426,2,0.13667,0.019079,1.3509
1257,6989.5,28.408,-0.003,2.701,4.553,2,0.12268,0.0059211,0.46936
1258,6990,23.625,-0.004,2.714,4.659,2,0.097909,-0.0026316,0.33856
1259,6990.4,18.87,-0.005,2.72,4.701,2,0.074627,-0.0065789,0.57895
1260,6990.9,14.15,-0.005,2.713,4.7,2,0.052769,-0.0019737,0.3801
1261,6991.3,10.466,-0.005,2.713,4.71,2,0.036533,-0.0019737,0.3801
1262,6991.8,8.702,-0.004,2.721,4.762,2,0.029004,-0.0072368,0.56184
1263,6992.2,8.077,-0.003,2.727,4.813,2,0.026374,-0.011184,0.70921
1264,6992.7,9.145,-0.002,2.724,4.838,2,0.03088,-0.0092105,0.56053
1265,6993.2,10.435,-0.002,2.72,4.818,2,0.036399,-0.0065789,0.42895
1266,6993.6,11.722,-0.003,2.716,4.79,2,0.041989,-0.0039474,0.34737
1267,6994.1,12.08,-0.003,2.719,4.76,2,0.04356,-0.0059211,0.44605
1268,6994.5,10.487,-0.004,2.721,4.719,2,0.036623,-0.0072368,0.56184
1269,6995,8.799,-0.005,2.736,4.733,2,0.029414,-0.017105,1.1053
1270,6995.4,7.092,-0.005,2.745,4.795,2,0.022268,-0.023026,1.4013
1271,6995.9,6.473,-0.006,2.745,4.858,2,0.019711,-0.023026,1.4513
1272,6996.4,6.469,-0.006,2.745,4.85,2,0.019695,-0.023026,1.4513
1273,6996.8,6.935,-0.006,2.736,4.786,2,0.021618,-0.017105,1.1553
1274,6997.3,7.391,-0.005,2.718,4.771,2,0.023509,-0.0052632,0.51316
1275,6997.7,7.847,-0.005,2.704,4.8,2,0.025411,0.0039474,0.45045
1276,6998.2,8.304,-0.005,2.71,4.852,2,0.027327,0,0.35355
1277,6998.6,8.76,-0.004,2.712,4.872,2,0.029249,-0.0013158,0.29775
1278,6999.1,9.146,-0.005,2.734,4.938,2,0.030884,-0.015789,1.0395
1279,6999.5,8.127,-0.006,2.742,4.967,2,0.026584,-0.021053,1.3526
1280,7000,6.722,-0.006,2.746,4.949,2,0.020737,-0.023684,1.4842
1281,7000.5,6.073,-0.007,2.745,4.932,2,0.018069,-0.023026,1.5013
1282,7000.9,6.122,-0.006,2.745,4.91,2,0.01827,-0.023026,1.4513
1283,7001.4,7.071,-0.006,2.745,4.87,2,0.022181,-0.023026,1.4513
1284,7001.8,8.055,-0.006,2.746,4.854,2,0.026282,-0.023684,1.4842
1285,7002.3,8.135,-0.006,2.748,4.845,2,0.026617,-0.025,1.55
1286,7002.7,7.799,-0.006,2.748,4.836,2,0.02521,-0.025,1.55
1287,7003.2,7.454,-0.006,2.748,4.796,2,0.023771,-0.025,1.55
1288,7003.6,7.109,-0.006,2.748,4.707,2,0.022338,-0.025,1.55
1289,7004.1,6.764,-0.006,2.748,4.655,2,0.020911,-0.025,1.55
1290,7004.6,6.42,-0.006,2.746,4.613,2,0.019493,-0.023684,1.4842
1291,7005,6.076,-0.007,2.741,4.66,2,0.018082,-0.020395,1.3697
1292,7005.5,5.73,-0.008,2.735,4.711,2,0.016668,-0.016447,1.2224
1293,7005.9,5.621,-0.009,2.735,4.756,2,0.016223,-0.016447,1.2724
1294,7006.4,5.689,-0.008,2.74,4.798,2,0.0165,-0.019737,1.3868
1295,7006.8,5.757,-0.007,2.739,4.82,2,0.016778,-0.019079,1.3039
1296,7007.3,5.852,-0.006,2.733,4.821,2,0.017166,-0.015132,1.0566
1297,7007.8,6.578,-0.005,2.733,4.778,2,0.020144,-0.015132,1.0066
1298,7008.2,7.325,-0.005,2.732,4.716,2,0.023235,-0.014474,0.97368
1299,7008.7,8.428,-0.005,2.73,4.69,2,0.027849,-0.013158,0.90789
1300,7009.1,9.73,-0.006,2.732,4.674,2,0.033373,-0.014474,1.0237
1301,7009.6,9.176,-0.006,2.739,4.659,2,0.031012,-0.019079,1.2539
1302,7010,8.287,-0.007,2.743,4.644,2,0.027255,-0.021711,1.4355
1303,7010.5,6.556,-0.007,2.745,4.658,2,0.020053,-0.023026,1.5013
1304,7010.9,5.72,-0.007,2.742,4.702,2,0.016627,-0.021053,1.4026
1305,7011.4,5.819,-0.007,2.74,4.734,2,0.017031,-0.019737,1.3368
1306,7011.9,6.159,-0.006,2.738,4.766,2,0.018422,-0.018421,1.2211
1307,7012.3,6.517,-0.005,2.736,4.798,2,0.019893,-0.017105,1.1053
1308,7012.8,6.499,-0.004,2.736,4.807,2,0.019818,-0.017105,1.0553
1309,7013.2,6.372,-0.003,2.738,4.802,2,0.019296,-0.018421,1.0711
1310,7013.7,6.242,-0.003,2.742,4.758,2,0.018762,-0.021053,1.2026
1311,7014.1,6.104,-0.004,2.739,4.744,2,0.018196,-0.019079,1.1539
1312,7014.6,6.373,-0.005,2.733,4.774,2,0.0193,-0.015132,1.0066
1313,7015,6.739,-0.006,2.732,4.8,2,0.020808,-0.014474,1.0237
1314,7015.5,7.107,-0.006,2.735,4.794,2,0.02233,-0.016447,1.1224
1315,7016,7.478,-0.007,2.741,4.739,2,0.023871,-0.020395,1.3697
1316,7016.4,7.839,-0.007,2.745,4.605,2,0.025377,-0.023026,1.5013
1317,7016.9,7.801,-0.007,2.748,4.552,2,0.025218,-0.025,1.6
1318,7017.3,6.267,-0.008,2.758,4.536,2,0.018865,-0.031579,1.9789
1319,7017.8,4.77,-0.008,2.756,4.564,2,0.012774,-0.030263,1.9132
1320,7018.2,4.075,-0.008,2.75,4.616,2,0.0099827,-0.026316,1.7158
1321,7018.7,3.72,-0.007,2.743,4.64,2,0.0085656,-0.021711,1.4355
1322,7019.2,3.784,-0.007,2.736,4.666,2,0.0088207,-0.017105,1.2053
1323,7019.6,4.24,-0.007,2.734,4.68,2,0.010643,-0.015789,1.1395
1324,7020.1,4.713,-0.007,2.734,4.68,2,0.012544,-0.015789,1.1395
1325,7020.5,4.82,-0.007,2.736,4.686,2,0.012976,-0.017105,1.2053
1326,7021,5.017,-0.006,2.738,4.699,2,0.013772,-0.018421,1.2211
1327,7021.4,5.59,-0.006,2.735,4.711,2,0.016097,-0.016447,1.1224
1328,7021.9,6.327,-0.006,2.735,4.733,2,0.019111,-0.016447,1.1224
1329,7022.3,7.182,-0.006,2.738,4.781,2,0.022641,-0.018421,1.2211
1330,7022.8,8.046,-0.006,2.743,4.814,2,0.026244,-0.021711,1.3855
1331,7023.3,8.224,-0.005,2.749,4.825,2,0.026991,-0.025658,1.5329
1332,7023.7,7.575,-0.005,2.748,4.804,2,0.024275,-0.025,1.5
1333,7024.2,6.628,-0.005,2.746,4.75,2,0.02035,-0.023684,1.4342
1334,7024.6,6.141,-0.005,2.745,4.687,2,0.018348,-0.023026,1.4013
1335,7025.1,6.45,-0.005,2.753,4.623,2,0.019617,-0.028289,1.6645
1336,7025.5,6.886,-0.004,2.758,4.559,2,0.021415,-0.031579,1.7789
1337,7026,7.501,-0.004,2.759,4.495,2,0.023967,-0.032237,1.8118
1338,7026.4,8.33,-0.004,2.756,4.431,2,0.027436,-0.030263,1.7132
1339,7026.9,9.19,-0.004,2.759,4.4,2,0.031071,-0.032237,1.8118
1340,7027.4,9.371,-0.003,2.778,4.327,2,0.031841,-0.044737,2.3868
1341,7027.8,8.547,-0.003,2.797,4.231,2,0.02835,-0.057237,3.0118
1342,7028.3,7.65,-0.002,2.803,4.134,2,0.024588,-0.061184,3.1592
1343,7028.7,7.9,-0.002,2.809,4.081,2,0.025632,-0.065132,3.3566
1344,7029.2,8.384,-0.001,2.817,4.06,2,0.027663,-0.070395,3.5697
1345,7029.6,10.121,-0.001,2.824,4.033,2,0.035048,-0.075,3.8
1346,7030.1,11.909,-0.001,2.819,4.052,2,0.042809,-0.071711,3.6355
1347,7030.6,13.248,-0.003,2.807,4.138,2,0.048729,-0.063816,3.3408
1348,7031,12.847,-0.004,2.786,4.232,2,0.046946,-0.05,2.7
1349,7031.5,11.358,-0.006,2.765,4.45,2,0.0404,-0.036184,2.1092
1350,7031.9,9.515,-0.007,2.756,4.657,2,0.032455,-0.030263,1.8632
1351,7032.4,7.082,-0.006,2.755,4.713,2,0.022226,-0.029605,1.7803
1352,7032.8,6.412,-0.005,2.754,4.684,2,0.019461,-0.028947,1.6974
1353,7033.3,7.617,-0.004,2.747,4.65,2,0.02445,-0.024342,1.4171
1354,7033.7,9.766,-0.003,2.763,4.616,2,0.033526,-0.034868,1.8934
1355,7034.2,11.792,-0.002,2.778,4.572,2,0.042296,-0.044737,2.3368
1356,7034.7,12.381,-0.001,2.777,4.52,2,0.044885,-0.044079,2.2539
1357,7035.1,13.204,0,2.744,4.565,2,0.048533,-0.022368,1.1184
1358,7035.6,14.245,-0.001,2.71,4.631,2,0.053197,0,0.070711
1359,7036,14.291,-0.002,2.704,4.697,2,0.053405,0.0039474,0.3129
1360,7036.5,12.612,-0.002,2.718,4.722,2,0.045905,-0.0052632,0.36316
1361,7036.9,11.062,-0.003,2.734,4.705,2,0.039112,-0.015789,0.93947
1362,7037.4,9.858,-0.003,2.734,4.688,2,0.03392,-0.015789,0.93947
1363,7037.9,9.998,-0.002,2.742,4.671,2,0.03452,-0.021053,1.1526
1364,7038.3,10.629,-0.002,2.742,4.66,2,0.037236,-0.021053,1.1526
1365,7038.8,11.247,-0.002,2.726,4.694,2,0.039916,-0.010526,0.62632
1366,7039.2,11.864,-0.001,2.707,4.733,2,0.042611,0.0019737,0.15645
1367,7039.7,12.478,-0.001,2.694,4.737,2,0.045313,0.010526,0.74767
1368,7040.1,12.943,-0.001,2.696,4.735,2,0.047372,0.0092105,0.65511
1369,7040.6,12.927,0,2.701,4.688,2,0.047301,0.0059211,0.41868
1370,7041,12.984,-0.001,2.709,4.658,2,0.047554,0.00065789,0.084641
1371,7041.5,14.004,-0.001,2.726,4.651,2,0.052112,-0.010526,0.57632
1372,7042,15.144,-0.002,2.732,4.643,2,0.057272,-0.014474,0.82368
1373,7042.4,16.58,-0.002,2.729,4.636,2,0.063871,-0.0125,0.725
1374,7042.9,16.94,-0.001,2.724,4.64,2,0.065542,-0.0092105,0.51053
1375,7043.3,14.799,0,2.727,4.681,2,0.055703,-0.011184,0.55921
1376,7043.8,14.444,0,2.726,4.689,2,0.054096,-0.010526,0.52632
1377,7044.2,16.322,0.001,2.725,4.586,2,0.062677,-0.0098684,0.44342
1378,7044.7,18.775,0.003,2.723,4.478,2,0.074175,-0.0085526,0.27763
1379,7045.1,20.613,0.005,2.724,4.2,2,0.08301,-0.0092105,0.21053
1380,7045.6,22.052,0.006,2.726,4.07,2,0.090062,-0.010526,0.22632
1381,7046.1,23.489,0.006,2.728,4.025,2,0.097225,-0.011842,0.29211
1382,7046.5,24.832,0.005,2.731,4.004,2,0.10403,-0.013816,0.44079
1383,7047,24.156,0.002,2.737,3.984,2,0.10059,-0.017763,0.78816
1384,7047.4,20.882,0.001,2.743,4.037,2,0.08432,-0.021711,1.0355
1385,7047.9,16.922,0,2.746,4.279,2,0.065459,-0.023684,1.1842
1386,7048.3,14.07,-0.001,2.747,4.517,2,0.052409,-0.024342,1.2671
1387,7048.8,12.639,0,2.745,4.741,2,0.046025,-0.023026,1.1513
1388,7049.3,12.59,0.001,2.747,4.804,2,0.045808,-0.024342,1.1671
1389,7049.7,12.52,0.002,2.772,4.538,2,0.045498,-0.040789,1.9395
1390,7050.2,12.501,0.001,2.795,4.246,2,0.045415,-0.055921,2.7461
1391,7050.6,11.104,-0.001,2.804,4.027,2,0.039295,-0.061842,3.1421
1392,7051.1,9.554,-0.003,2.786,3.967,2,0.032621,-0.05,2.65
1393,7051.5,7.954,-0.005,2.761,4.113,2,0.025858,-0.033553,1.9276
1394,7052,6.389,-0.006,2.749,4.305,2,0.019366,-0.025658,1.5829
1395,7052.4,6.115,-0.006,2.75,4.498,2,0.018242,-0.026316,1.6158
1396,7052.9,6.081,-0.006,2.751,4.618,2,0.018102,-0.026974,1.6487
1397,7053.4,6.181,-0.005,2.746,4.67,2,0.018512,-0.023684,1.4342
1398,7053.8,6.969,-0.004,2.75,4.712,2,0.021758,-0.026316,1.5158
1399,7054.3,8.871,-0.002,2.75,4.697,2,0.029719,-0.026316,1.4158
1400,7054.7,10.571,0,2.756,4.608,2,0.036986,-0.030263,1.5132
1401,7055.2,11.998,0.001,2.767,4.449,2,0.043199,-0.0375,1.825
1402,7055.6,13.42,0,2.771,4.3,2,0.049496,-0.040132,2.0066
1403,7056.1,14.695,-0.001,2.763,4.215,2,0.055231,-0.034868,1.7934
1404,7056.6,14.317,-0.003,2.744,4.238,2,0.053522,-0.022368,1.2684
1405,7057,12.634,-0.004,2.728,4.429,2,0.046002,-0.011842,0.79211
1406,7057.5,11.027,-0.005,2.721,4.623,2,0.03896,-0.0072368,0.61184
1407,7057.9,9.596,-0.005,2.725,4.687,2,0.0328,-0.0098684,0.74342
1408,7058.4,9.633,-0.005,2.729,4.671,2,0.032958,-0.0125,0.875
1409,7058.8,9.638,-0.004,2.729,4.649,2,0.032979,-0.0125,0.825
1410,7059.3,9.552,-0.004,2.736,4.623,2,0.032612,-0.017105,1.0553
1411,7059.7,9.001,-0.003,2.746,4.538,2,0.030269,-0.023684,1.3342
1412,7060.2,8.32,-0.003,2.756,4.48,2,0.027394,-0.030263,1.6632
1413,7060.7,6.863,-0.003,2.781,4.158,2,0.02132,-0.046711,2.4855
1414,7061.1,6.368,-0.002,2.804,3.923,2,0.01928,-0.061842,3.1921
1415,7061.6,6.708,0.002,2.821,3.69,2,0.02068,-0.073026,3.5513
1416,7062,7.274,0.005,2.828,3.485,2,0.023023,-0.077632,3.6316
1417,7062.5,8.747,0.008,2.815,3.375,2,0.029194,-0.069079,3.0539
1418,7062.9,10.244,0.01,2.798,3.285,2,0.035577,-0.057895,2.3947
1419,7063.4,11.719,0.012,2.783,3.263,2,0.041976,-0.048026,1.8013
1420,7063.8,12.373,0.014,2.786,3.284,2,0.04485,-0.05,1.8
1421,7064.3,12.67,0.015,2.795,3.336,2,0.046162,-0.055921,2.0461
1422,7064.8,13.031,0.016,2.803,3.387,2,0.047763,-0.061184,2.2592
1423,7065.2,13.815,0.017,2.811,3.402,2,0.051263,-0.066447,2.4724
1424,7065.7,15.42,0.018,2.809,3.385,2,0.058532,-0.065132,2.3566
1425,7066.1,17.774,0.02,2.798,3.367,2,0.069443,-0.057895,1.8947
1426,7066.6,21.755,0.023,2.779,3.351,2,0.088597,-0.045395,1.1197
1427,7067,28.951,0.027,2.769,3.375,2,0.12558,-0.038816,0.59079
1428,7067.5,34.987,0.033,2.759,3.447,2,0.15911,-0.032237,0.038158
1429,7068,36.993,0.037,2.748,3.574,2,0.17079,-0.025,0.6
1430,7068.4,31.015,0.034,2.738,3.701,2,0.13678,-0.018421,0.77895
1431,7068.9,24.093,0.025,2.745,3.855,2,0.10027,-0.023026,0.098684
1432,7069.3,19.098,0.017,2.752,4.237,2,0.075714,-0.027632,0.53158
1433,7069.8,15.022,0.011,2.76,4.373,2,0.056716,-0.032895,1.0947
1434,7070.2,9.945,0.005,2.76,4.449,2,0.034293,-0.032895,1.3947
1435,7070.7,6.59,0,2.743,4.449,2,0.020193,-0.021711,1.0855
1436,7071.1,3.819,-0.003,2.726,4.583,2,0.0089602,-0.010526,0.67632
1437,7071.6,3.333,-0.006,2.723,4.691,2,0.0070275,-0.0085526,0.72763
1438,7072.1,3.008,-0.008,2.727,4.797,2,0.0057413,-0.011184,0.95921
1439,7072.5,3.893,-0.008,2.736,4.846,2,0.0092554,-0.017105,1.2553
1440,7073,4.856,-0.008,2.748,4.869,2,0.013121,-0.025,1.65
1441,7073.4,5.827,-0.008,2.751,4.881,2,0.017064,-0.026974,1.7487
1442,7073.9,6.807,-0.007,2.749,4.88,2,0.021088,-0.025658,1.6329
1443,7074.3,7.066,-0.006,2.746,4.789,2,0.02216,-0.023684,1.4842
1444,7074.8,6.827,-0.007,2.747,4.673,2,0.021171,-0.024342,1.5671
1445,7075.2,6.456,-0.008,2.758,4.527,2,0.019642,-0.031579,1.9789
1446,7075.7,6.117,-0.008,2.762,4.43,2,0.01825,-0.034211,2.1105
1447,7076.2,7.099,-0.006,2.743,4.477,2,0.022297,-0.021711,1.3855
1448,7076.6,9.156,-0.001,2.73,4.657,2,0.030927,-0.013158,0.70789
1449,7077.1,11.203,0.003,2.731,4.713,2,0.039725,-0.013816,0.54079
1450,7077.5,13.132,0.004,2.745,4.673,1,0.048212,0.079882,5.6556
1451,7078,12.948,0.005,2.769,4.544,1,0.047394,0.06568,4.6577
1452,7078.4,12.647,0.005,2.794,4.363,1,0.04606,0.050888,3.6156
1453,7078.9,11.501,0.006,2.814,4.095,1,0.041023,0.039053,2.7939
1454,7079.4,10.201,0.006,2.818,3.828,1,0.035392,0.036686,2.6286
1455,7079.8,8.899,0.007,2.822,3.573,1,0.029837,0.03432,2.4767
1456,7080.3,7.07,0.008,2.839,3.483,1,0.022176,0.02426,1.8063
1457,7080.7,5.868,0.008,2.847,3.454,1,0.017231,0.019527,1.4921
1458,7081.2,4.753,0.009,2.817,3.436,1,0.012706,0.037278,2.7117
1459,7081.6,3.6,0.011,2.784,3.352,1,0.0080879,0.056805,4.0913
1460,7082.1,4.214,0.013,2.753,3.208,1,0.010539,0.075148,5.3927
1461,7082.5,5.246,0.014,2.748,3.151,1,0.014699,0.078107,5.611
1462,7083,6.079,0.015,2.752,3.103,1,0.018094,0.07574,5.4596
1463,7083.5,6.889,0.016,2.759,3.166,1,0.021427,0.071598,5.1876
1464,7083.9,8.917,0.016,2.762,3.232,1,0.029913,0.069822,5.0652
1465,7084.4,11.279,0.016,2.774,3.219,1,0.040056,0.062722,4.5771
1466,7084.8,13.395,0.012,2.792,3.207,1,0.049384,0.052071,3.7785
1467,7085.3,13.482,0.006,2.809,3.258,1,0.049773,0.042012,3.0008
1468,7085.7,11.106,0,2.822,3.338,1,0.039303,0.03432,2.4268
