Facies,Formation,Well Name,Depth,GR,ILD_log10,DeltaPHI,PHIND,PE,NM_M,RELPOS
2,A1 SH,SHANKLE,2774.5,98.36,0.642,-0.1,18.685,2.9,1,1
2,A1 SH,SHANKLE,2775,97.57,0.631,7.9,16.745,3.2,1,0.984
2,A1 SH,SHANKLE,2775.5,98.41,0.615,12.8,14.105,3.2,1,0.968
2,A1 SH,SHANKLE,2776,85.92,0.597,13,13.385,3.4,1,0.952
2,A1 SH,SHANKLE,2776.5,83.16,0.592,12.3,13.345,3.4,1,0.935
2,A1 SH,SHANKLE,2777,82.56,0.599,12.9,13.105,3.5,1,0.919
2,A1 SH,SHANKLE,2777.5,83.12,0.611,13.2,14,3.3,1,0.903
2,A1 SH,SHANKLE,2778,84.26,0.62,12.8,13.685,3.3,1,0.887
2,A1 SH,SHANKLE,2778.5,86.29,0.627,13.2,13.92,3.2,1,0.871
2,A1 SH,SHANKLE,2779,80.95,0.629,13,13.975,3.2,1,0.855
2,A1 SH,SHANKLE,2779.5,79.07,0.629,13,14.235,3.2,1,0.839
2,A1 SH,SHANKLE,2780,75.31,0.626,11.4,13.17,3.2,1,0.823
2,A1 SH,SHANKLE,2780.5,69.3,0.625,10.1,12.32,3,1,0.806
2,A1 SH,SHANKLE,2781,69.16,0.626,9,11.805,3,1,0.79
2,A1 SH,SHANKLE,2781.5,69.03,0.624,10,11.72,3.2,1,0.774
2,A1 SH,SHANKLE,2782,64.95,0.622,10.1,11.75,3.4,1,0.758
2,A1 SH,SHANKLE,2782.5,78.95,0.607,12,12.155,3.4,1,0.742
2,A1 SH,SHANKLE,2783,82.36,0.58,11.7,12.955,3.2,1,0.726
2,A1 SH,SHANKLE,2783.5,80.27,0.543,11.1,12.865,3.1,1,0.71
2,A1 SH,SHANKLE,2784,78.87,0.507,8.5,12.23,2.9,1,0.694
2,A1 SH,SHANKLE,2784.5,66.38,0.473,6.2,11.89,2.8,1,0.677
1,A1 SH,SHANKLE,2785,58.63,0.444,4.4,12.44,2.7,1,0.661
1,A1 SH,SHANKLE,2785.5,59.16,0.413,3.7,13.64,2.6,1,0.645
1,A1 SH,SHANKLE,2786,52.86,0.378,2.5,14.49,2.6,1,0.629
1,A1 SH,SHANKLE,2786.5,54.32,0.344,1.1,15.085,2.6,1,0.613
1,A1 SH,SHANKLE,2787,53.27,0.32,-0.3,14.985,2.7,1,0.597
1,A1 SH,SHANKLE,2787.5,52.34,0.312,-0.1,14.945,2.7,1,0.581
1,A1 SH,SHANKLE,2788,58.01,0.31,0.9,15.055,2.7,1,0.565
1,A1 SH,SHANKLE,2788.5,55.38,0.307,1.6,15.28,2.8,1,0.548
1,A1 SH,SHANKLE,2789,55.18,0.301,1.7,15.905,2.8,1,0.532
1,A1 SH,SHANKLE,2789.5,55.09,0.292,0.8,16.485,2.8,1,0.516
1,A1 SH,SHANKLE,2790,58.89,0.288,0.3,17.33,2.7,1,0.5
1,A1 SH,SHANKLE,2790.5,56.51,0.294,-0.5,17.77,2.7,1,0.484
1,A1 SH,SHANKLE,2791,57.27,0.31,-0.1,17.9,2.8,1,0.468
1,A1 SH,SHANKLE,2791.5,58.42,0.328,0.3,17.97,2.8,1,0.452
1,A1 SH,SHANKLE,2792,58.99,0.346,0.9,18.3,2.7,1,0.435
1,A1 SH,SHANKLE,2792.5,59.99,0.367,1.5,19.49,2.5,1,0.419
1,A1 SH,SHANKLE,2793,62.66,0.389,1.7,20.135,2.4,1,0.403
1,A1 SH,SHANKLE,2793.5,60.46,0.408,2.1,20.495,2.3,1,0.387
1,A1 SH,SHANKLE,2794,60.85,0.415,1.1,20.34,2.3,1,0.371
1,A1 SH,SHANKLE,2794.5,63.8,0.408,1.1,20.015,2.4,1,0.355
1,A1 SH,SHANKLE,2795,63.82,0.387,1,19.615,2.4,1,0.339
1,A1 SH,SHANKLE,2795.5,66.97,0.367,0.3,19.01,2.4,1,0.323
1,A1 SH,SHANKLE,2796,69.67,0.362,-0.2,18.66,2.5,1,0.306
1,A1 SH,SHANKLE,2796.5,70.72,0.367,1.1,17.45,2.6,1,0.29
1,A1 SH,SHANKLE,2797,85.75,0.377,5.1,18.705,2.6,1,0.274
1,A1 SH,SHANKLE,2797.5,89.58,0.389,8.5,19.555,2.6,1,0.258
2,A1 SH,SHANKLE,2798,87.45,0.396,6,20.265,2.6,1,0.242
2,A1 SH,SHANKLE,2798.5,84.45,0.405,3.2,16.485,2.8,1,0.226
1,A1 SH,SHANKLE,2799,71.4,0.415,2.2,12.965,3,1,0.21
1,A1 SH,SHANKLE,2799.5,70.13,0.423,4,11.34,2.9,1,0.194
1,A1 SH,SHANKLE,2800,70.92,0.428,4.5,12.33,2.8,1,0.177
1,A1 SH,SHANKLE,2800.5,68.34,0.427,4.7,13.295,2.7,1,0.161
1,A1 SH,SHANKLE,2801,76.04,0.422,7.1,16.445,2.6,1,0.145
1,A1 SH,SHANKLE,2801.5,89.18,0.412,9.1,24.17,2.4,1,0.129
2,A1 SH,SHANKLE,2802,86.72,0.396,7.6,28.165,2.4,1,0.113
2,A1 SH,SHANKLE,2802.5,73.95,0.384,3.9,26.97,2.5,1,0.097
2,A1 SH,SHANKLE,2803,59.22,0.382,2.1,20.215,3,1,0.081
2,A1 SH,SHANKLE,2803.5,70.19,0.389,4.4,16.27,3.2,1,0.065
2,A1 SH,SHANKLE,2804,71.73,0.423,18.6,22.62,2.5,1,0.048
2,A1 SH,SHANKLE,2804.5,75.15,0.494,16.4,33.13,2.1,1,0.032
3,A1 SH,SHANKLE,2805,75.28,0.572,1.7,36.13,1.9,1,0.016
3,A1 SH,SHANKLE,2805.5,46.04,0.645,-17.8,28.075,2.3,1,0.01
8,A1 LM,SHANKLE,2806,46.04,0.645,-17.8,28.075,2.3,2,1
8,A1 LM,SHANKLE,2807,26.73,0.748,-9,9.105,5,2,0.953
8,A1 LM,SHANKLE,2807.5,36.5,0.794,0.1,5.945,4.5,2,0.93
8,A1 LM,SHANKLE,2808,52.24,0.867,4.2,7.395,4.1,2,0.907
6,A1 LM,SHANKLE,2808.5,61.32,0.925,9.4,8.825,3.6,2,0.884
6,A1 LM,SHANKLE,2809,56.15,0.965,12.2,8.85,3.5,2,0.86
6,A1 LM,SHANKLE,2809.5,55.07,0.985,10.9,7.225,3.6,2,0.837
6,A1 LM,SHANKLE,2810,64.81,0.974,7.7,5.565,3.7,2,0.814
6,A1 LM,SHANKLE,2810.5,87.83,0.952,4.6,4.495,4.1,2,0.791
6,A1 LM,SHANKLE,2811,88.06,0.956,2.5,4.19,4.7,2,0.767
6,A1 LM,SHANKLE,2811.5,75.07,0.971,0.8,4.695,5.2,2,0.744
6,A1 LM,SHANKLE,2812,65.29,1.009,1.4,5.175,5.4,2,0.721
6,A1 LM,SHANKLE,2812.5,74.26,1.064,4.3,6.455,5.1,2,0.698
6,A1 LM,SHANKLE,2813,73.01,1.102,5.3,7.235,4.7,2,0.674
8,A1 LM,SHANKLE,2813.5,64.61,1.121,4.4,7.765,4.7,2,0.651
8,A1 LM,SHANKLE,2814,40.57,1.125,1.7,7.655,4.7,2,0.628
8,A1 LM,SHANKLE,2814.5,30.41,1.109,-0.2,7.95,4.8,2,0.605
8,A1 LM,SHANKLE,2815,22.91,1.115,-1.4,7.585,4.7,2,0.581
8,A1 LM,SHANKLE,2815.5,24.62,1.13,-2.1,6.74,4.9,2,0.558
8,A1 LM,SHANKLE,2816,25.02,1.124,-2.4,5.865,4.9,2,0.535
8,A1 LM,SHANKLE,2816.5,27.77,1.097,-2,5.575,4.9,2,0.512
6,A1 LM,SHANKLE,2817,37.24,1.069,1.1,6.59,4.7,2,0.488
6,A1 LM,SHANKLE,2817.5,65.59,1.028,4.9,8.1,4.5,2,0.465
6,A1 LM,SHANKLE,2818,87.34,0.989,8.7,9.485,4,2,0.442
6,A1 LM,SHANKLE,2818.5,79.54,0.96,10,10.025,4,2,0.419
6,A1 LM,SHANKLE,2819,79.63,0.937,10.7,10.155,3.9,2,0.395
6,A1 LM,SHANKLE,2819.5,75.6,0.907,6.7,8.985,4,2,0.349
6,A1 LM,SHANKLE,2820,52.75,0.918,1.9,8.955,3.6,2,0.326
6,A1 LM,SHANKLE,2820.5,45.65,0.946,-2.7,9.75,3.8,2,0.302
6,A1 LM,SHANKLE,2821,51.75,0.993,-4.6,9.235,4,2,0.279
6,A1 LM,SHANKLE,2821.5,53.57,1.05,-4.6,7.61,4.8,2,0.256
6,A1 LM,SHANKLE,2822,60.94,1.107,-2.1,5.46,4.8,2,0.233
6,A1 LM,SHANKLE,2822.5,71.14,1.135,-1.1,4.55,4.9,2,0.209
6,A1 LM,SHANKLE,2823,85.69,1.133,0.1,3.965,5,2,0.186
6,A1 LM,SHANKLE,2823.5,73.63,1.094,0.8,3.9,4.8,2,0.163
6,A1 LM,SHANKLE,2824,66.27,1.029,1.9,4.185,4.6,2,0.14
6,A1 LM,SHANKLE,2824.5,81.99,0.956,3.5,5.795,4.3,2,0.116
6,A1 LM,SHANKLE,2825,93.29,0.908,6.6,8.635,3.7,2,0.093
6,A1 LM,SHANKLE,2825.5,105.48,0.867,8.5,13.285,3.3,2,0.07
4,A1 LM,SHANKLE,2826,100.58,0.817,6.2,16.07,3.2,2,0.047
3,B1 SH,SHANKLE,2826.5,76.2,0.688,3.9,16.375,2.8,1,1
3,B1 SH,SHANKLE,2827,72.8,0.626,-14.8,30.425,2.4,1,0.98
3,B1 SH,SHANKLE,2827.5,72.87,0.582,-19,39.125,2.1,1,0.959
3,B1 SH,SHANKLE,2828,72.37,0.553,-16.2,45.275,2,1,0.939
3,B1 SH,SHANKLE,2828.5,78.74,0.531,-8.6,44.37,2.1,1,0.918
3,B1 SH,SHANKLE,2829,79.41,0.513,-10.2,43.805,2.2,1,0.898
3,B1 SH,SHANKLE,2829.5,83.27,0.493,-6.5,39.435,2.6,1,0.878
3,B1 SH,SHANKLE,2830,85.55,0.48,0.2,34.29,2.6,1,0.857
3,B1 SH,SHANKLE,2830.5,87.65,0.477,6.5,33.645,2.5,1,0.837
3,B1 SH,SHANKLE,2831,85.37,0.486,-1.7,35.66,2.3,1,0.816
3,B1 SH,SHANKLE,2831.5,82.87,0.515,-4.1,36.645,2.5,1,0.796
3,B1 SH,SHANKLE,2832,81.99,0.567,-3.2,32.775,2.3,1,0.776
3,B1 SH,SHANKLE,2832.5,78.95,0.625,-7.9,31.68,2.4,1,0.755
3,B1 SH,SHANKLE,2833,72.05,0.684,-14.4,28.625,2.3,1,0.735
3,B1 SH,SHANKLE,2833.5,71.81,0.736,-14.8,24.055,3.4,1,0.714
3,B1 SH,SHANKLE,2834,57.61,0.772,2.6,12.49,4.2,1,0.694
3,B1 SH,SHANKLE,2834.5,54.12,0.809,7.8,8.38,4.2,1,0.673
3,B1 SH,SHANKLE,2835,53.58,0.863,6.8,8.2,4.2,1,0.653
3,B1 SH,SHANKLE,2835.5,61.12,0.901,7.1,8.695,4,1,0.633
3,B1 SH,SHANKLE,2836,61.73,0.916,8,9.35,4,1,0.612
3,B1 SH,SHANKLE,2836.5,62.92,0.921,8.4,9.06,3.8,1,0.592
2,B1 SH,SHANKLE,2837,66.91,0.912,6.2,8.57,3.6,1,0.571
2,B1 SH,SHANKLE,2837.5,66.22,0.893,4,7.775,3.4,1,0.551
1,B1 SH,SHANKLE,2838,62.81,0.874,2.5,7.255,3.3,1,0.531
1,B1 SH,SHANKLE,2838.5,60.15,0.852,1.3,7.185,3.2,1,0.51
1,B1 SH,SHANKLE,2839,53.38,0.819,-0.1,7.125,3.3,1,0.49
1,B1 SH,SHANKLE,2839.5,54.04,0.774,1.1,7.255,3.3,1,0.469
1,B1 SH,SHANKLE,2840,55.65,0.732,2.1,8.18,3.2,1,0.449
1,B1 SH,SHANKLE,2840.5,56.33,0.699,3,9.33,3,1,0.429
1,B1 SH,SHANKLE,2841,55.76,0.667,1.8,10.295,3,1,0.408
1,B1 SH,SHANKLE,2841.5,56.24,0.629,1.7,10.175,3.1,1,0.388
1,B1 SH,SHANKLE,2842,52.72,0.59,2.2,9.88,3.2,1,0.367
1,B1 SH,SHANKLE,2842.5,58.18,0.551,2.5,10.15,3.2,1,0.347
1,B1 SH,SHANKLE,2843,58.55,0.519,2.5,11.1,3.3,1,0.327
1,B1 SH,SHANKLE,2843.5,58.18,0.493,1.5,11.88,3.5,1,0.306
1,B1 SH,SHANKLE,2844,58.5,0.467,2.1,12.195,3.5,1,0.286
1,B1 SH,SHANKLE,2844.5,59.23,0.446,2.3,13.045,3.3,1,0.265
1,B1 SH,SHANKLE,2845,57.02,0.43,3.1,13.625,2.9,1,0.245
1,B1 SH,SHANKLE,2845.5,56.18,0.425,2.3,14.215,2.8,1,0.224
1,B1 SH,SHANKLE,2846,61.06,0.425,1.4,13.465,2.7,1,0.204
1,B1 SH,SHANKLE,2846.5,68.79,0.433,1.9,13.145,2.9,1,0.184
1,B1 SH,SHANKLE,2847,71.58,0.449,7,14.36,3,1,0.163
1,B1 SH,SHANKLE,2847.5,79.53,0.471,8.1,17.515,2.6,1,0.143
3,B1 SH,SHANKLE,2848,80.39,0.491,2.7,20.055,2.5,1,0.122
3,B1 SH,SHANKLE,2848.5,79.08,0.508,-4,19.3,2.4,1,0.102
3,B1 SH,SHANKLE,2849,78.83,0.517,-4.1,15.79,3.1,1,0.082
3,B1 SH,SHANKLE,2849.5,78.07,0.526,4.6,14.23,2.5,1,0.061
3,B1 SH,SHANKLE,2850,83.28,0.55,1.2,25.065,2.1,1,0.041
3,B1 SH,SHANKLE,2850.5,76.44,0.597,-19.9,49.715,1.8,1,0.02
8,B1 LM,SHANKLE,2852.5,39.3,0.803,-7.5,16.885,3.6,2,0.769
8,B1 LM,SHANKLE,2853,28.1,0.88,-2.4,10.105,3.6,2,0.692
8,B1 LM,SHANKLE,2853.5,28.38,1.002,-4.3,7.285,3.9,2,0.615
8,B1 LM,SHANKLE,2854,27.36,1.161,-3,5.12,3.9,2,0.538
8,B1 LM,SHANKLE,2854.5,30.42,1.291,0.2,4.05,3.8,2,0.462
6,B1 LM,SHANKLE,2855,32.31,1.311,2.5,3.865,4,2,0.385
6,B1 LM,SHANKLE,2855.5,33.19,1.213,1.7,4.915,4.4,2,0.308
6,B1 LM,SHANKLE,2856,37.18,1.051,1.6,5.02,4.8,2,0.231
6,B1 LM,SHANKLE,2856.5,37.32,0.888,1.4,5.46,3.3,2,0.154
6,B1 LM,SHANKLE,2857,39.77,0.781,-2.5,13.875,2.4,2,0.077
3,B2 SH,SHANKLE,2857.5,45.45,0.732,-15.7,31.775,1.8,1,1
3,B2 SH,SHANKLE,2858,69.72,0.702,-19,38.6,1.5,1,0.971
2,B2 SH,SHANKLE,2859,78.06,0.668,-13.9,28.955,2.4,1,0.912
2,B2 SH,SHANKLE,2859.5,78.18,0.643,-7.2,21.33,3,1,0.882
2,B2 SH,SHANKLE,2860,78.8,0.638,0.8,12.435,3.1,1,0.853
2,B2 SH,SHANKLE,2860.5,73.13,0.667,2.6,9.145,3.3,1,0.824
2,B2 SH,SHANKLE,2861,66.19,0.7,3,8.185,3.3,1,0.794
2,B2 SH,SHANKLE,2861.5,67.14,0.727,3.8,8.49,3.3,1,0.765
2,B2 SH,SHANKLE,2862,66.86,0.746,6.2,9.41,3.2,1,0.735
2,B2 SH,SHANKLE,2862.5,67.83,0.747,8.8,10.57,3.1,1,0.706
2,B2 SH,SHANKLE,2863,66.01,0.726,10.4,11.44,3.2,1,0.676
2,B2 SH,SHANKLE,2863.5,63.89,0.698,10.4,11.56,3.2,1,0.647
2,B2 SH,SHANKLE,2864,62.15,0.67,9,11.04,3.5,1,0.618
2,B2 SH,SHANKLE,2864.5,63.38,0.637,9.2,10.57,3.5,1,0.588
2,B2 SH,SHANKLE,2865,62.83,0.617,9.6,10.765,3.6,1,0.559
2,B2 SH,SHANKLE,2865.5,62.75,0.616,11.2,10.75,3.6,1,0.529
2,B2 SH,SHANKLE,2866,59.66,0.617,11.2,10.465,3.8,1,0.5
2,B2 SH,SHANKLE,2866.5,67.99,0.625,14.3,11.855,3.7,1,0.471
2,B2 SH,SHANKLE,2867,67.75,0.645,13.2,18.745,2.9,1,0.441
3,B2 SH,SHANKLE,2867.5,76.63,0.676,1.3,28.06,2.5,1,0.412
3,B2 SH,SHANKLE,2868,78.56,0.705,-6,27.415,2,1,0.382
3,B2 SH,SHANKLE,2868.5,69.82,0.736,-11.1,21.085,2.8,1,0.353
2,B2 SH,SHANKLE,2869,63.21,0.767,0.3,9.5,3.5,1,0.324
2,B2 SH,SHANKLE,2869.5,56.18,0.799,2,5.64,3.6,1,0.294
2,B2 SH,SHANKLE,2870,60.86,0.798,2.6,6.47,3.5,1,0.176
2,B2 SH,SHANKLE,2870.5,67.52,0.712,5.3,9.15,3.2,1,0.147
2,B2 SH,SHANKLE,2871,68.79,0.619,11.5,17.22,2.8,1,0.118
3,B2 SH,SHANKLE,2871.5,76.18,0.54,1.2,32.92,2.4,1,0.088
3,B2 SH,SHANKLE,2872,74.5,0.486,-2.1,38.485,2.2,1,0.059
3,B2 SH,SHANKLE,2872.5,63.06,0.464,-4.1,36.14,2.5,1,0.029
6,B2 LM,SHANKLE,2873,40.97,0.47,2.2,25.745,3.2,2,1
6,B2 LM,SHANKLE,2873.5,35.02,0.481,2.2,17.06,3.5,2,0.857
6,B2 LM,SHANKLE,2874,30.28,0.498,-1.7,10.485,4.1,2,0.714
6,B2 LM,SHANKLE,2874.5,27.63,0.524,-3.1,5.835,4.8,2,0.571
6,B2 LM,SHANKLE,2875,28.84,0.567,-1.3,3.865,4.7,2,0.429
6,B2 LM,SHANKLE,2875.5,34.92,0.643,1.9,4.385,4,2,0.286
6,B2 LM,SHANKLE,2876,46.06,0.732,5.2,6.805,3.5,2,0.143
3,B3 SH,SHANKLE,2876.5,60.36,0.793,9.5,9.275,3.4,1,1
3,B3 SH,SHANKLE,2877,79.94,0.804,12.1,10.99,3.3,1,0.977
3,B3 SH,SHANKLE,2877.5,81.32,0.779,13,11.5,3.5,1,0.955
3,B3 SH,SHANKLE,2878,80.39,0.738,10.7,10.86,3.5,1,0.932
3,B3 SH,SHANKLE,2878.5,77.93,0.702,8.6,10.29,3.4,1,0.909
3,B3 SH,SHANKLE,2879,75.73,0.679,6.8,9.89,3.3,1,0.886
2,B3 SH,SHANKLE,2879.5,66,0.669,6.5,9.98,3.3,1,0.864
2,B3 SH,SHANKLE,2880,74.79,0.666,5.8,9.985,3.5,1,0.841
2,B3 SH,SHANKLE,2880.5,64.77,0.665,4.6,9.89,3.6,1,0.818
2,B3 SH,SHANKLE,2881,62.9,0.659,3.9,10.335,3.5,1,0.795
2,B3 SH,SHANKLE,2881.5,64.65,0.646,4.8,11.02,3.3,1,0.773
2,B3 SH,SHANKLE,2882,63.61,0.625,6.2,11.625,3,1,0.75
3,B3 SH,SHANKLE,2882.5,79.7,0.591,6.8,11.865,2.8,1,0.727
3,B3 SH,SHANKLE,2883,80.43,0.544,6.1,11.935,2.8,1,0.705
3,B3 SH,SHANKLE,2883.5,78.5,0.498,7.3,12.61,2.7,1,0.682
2,B3 SH,SHANKLE,2884,67.3,0.456,8.3,14.11,2.7,1,0.659
2,B3 SH,SHANKLE,2884.5,64.18,0.418,7.6,15.635,2.7,1,0.636
2,B3 SH,SHANKLE,2885,55.59,0.387,6.5,16.275,2.6,1,0.614
2,B3 SH,SHANKLE,2885.5,61.6,0.362,5.1,16.055,2.7,1,0.591
2,B3 SH,SHANKLE,2886,59.33,0.346,5.8,15.965,2.7,1,0.568
2,B3 SH,SHANKLE,2886.5,63.11,0.348,6.4,15.65,2.8,1,0.545
2,B3 SH,SHANKLE,2887,62.47,0.358,7.7,15.31,3,1,0.523
2,B3 SH,SHANKLE,2887.5,69.97,0.358,7.7,14.55,3.1,1,0.5
2,B3 SH,SHANKLE,2888,71.32,0.358,8,14.36,3.3,1,0.477
2,B3 SH,SHANKLE,2888.5,71.32,0.358,8,14.36,3.3,1,0.477
2,B3 SH,SHANKLE,2889,72.08,0.358,8.6,14.54,3.1,1,0.455
2,B3 SH,SHANKLE,2889.5,72.65,0.356,9.8,15.115,2.9,1,0.432
2,B3 SH,SHANKLE,2890,69.38,0.354,8.1,15.995,2.7,1,0.409
2,B3 SH,SHANKLE,2890.5,63.68,0.348,5.7,17.015,2.7,1,0.386
2,B3 SH,SHANKLE,2891,63.96,0.328,5.1,17.755,2.6,1,0.364
2,B3 SH,SHANKLE,2891.5,61.06,0.305,4.9,18.465,2.6,1,0.341
2,B3 SH,SHANKLE,2892,68.77,0.286,5.3,19.315,2.5,1,0.318
2,B3 SH,SHANKLE,2892.5,69.94,0.274,5,20.22,2.6,1,0.295
1,B3 SH,SHANKLE,2893,68.94,0.27,4.6,20.435,2.6,1,0.273
1,B3 SH,SHANKLE,2893.5,68.13,0.279,3.8,20.185,2.7,1,0.25
1,B3 SH,SHANKLE,2894,69.83,0.301,3.1,19.13,2.6,1,0.227
1,B3 SH,SHANKLE,2894.5,69.72,0.326,2.3,18.115,2.6,1,0.205
1,B3 SH,SHANKLE,2895,79.64,0.35,3,16.33,2.7,1,0.182
2,B3 SH,SHANKLE,2895.5,83.41,0.367,5.6,14.845,3,1,0.159
3,B3 SH,SHANKLE,2896,85.63,0.386,7.6,14.515,2.6,1,0.136
3,B3 SH,SHANKLE,2896.5,88.6,0.412,5.2,18.02,2.5,1,0.114
3,B3 SH,SHANKLE,2897,81.3,0.453,-5.5,25.095,2.2,1,0.091
3,B3 SH,SHANKLE,2897.5,81.46,0.505,-12.1,35.24,2,1,0.068
2,B4 SH,SHANKLE,2899.5,67.06,0.607,-13.2,25.315,3.2,1,0.979
2,B4 SH,SHANKLE,2900,63.21,0.607,-0.6,16.415,3.1,1,0.958
2,B4 SH,SHANKLE,2900.5,62.1,0.607,0.7,15.25,2.9,1,0.938
1,B4 SH,SHANKLE,2901,59.12,0.599,-1.9,15.465,2.8,1,0.917
1,B4 SH,SHANKLE,2901.5,53.43,0.58,1.5,12.685,2.9,1,0.896
1,B4 SH,SHANKLE,2902,55.43,0.556,3.9,11.32,3,1,0.875
1,B4 SH,SHANKLE,2902.5,50.01,0.528,2.1,12.39,3,1,0.854
1,B4 SH,SHANKLE,2903,54.96,0.493,1.2,12.93,2.9,1,0.833
1,B4 SH,SHANKLE,2903.5,56.29,0.456,0.7,13.1,2.8,1,0.813
1,B4 SH,SHANKLE,2904,57.56,0.425,1.3,13.6,2.9,1,0.792
1,B4 SH,SHANKLE,2904.5,59.71,0.396,0.8,13.875,2.9,1,0.771
1,B4 SH,SHANKLE,2905,59.88,0.371,1.2,14.2,2.9,1,0.75
1,B4 SH,SHANKLE,2905.5,62.44,0.352,1.5,14.5,2.7,1,0.729
1,B4 SH,SHANKLE,2906,65.13,0.342,1.4,15.285,2.7,1,0.708
1,B4 SH,SHANKLE,2906.5,60.4,0.338,1.2,15.91,2.7,1,0.688
1,B4 SH,SHANKLE,2907,63.4,0.346,0.1,15.585,2.8,1,0.667
1,B4 SH,SHANKLE,2907.5,65.4,0.358,1.4,14.44,2.8,1,0.646
1,B4 SH,SHANKLE,2908,60.44,0.371,3,13.57,2.9,1,0.625
1,B4 SH,SHANKLE,2908.5,71.83,0.384,5.6,13.74,2.8,1,0.604
1,B4 SH,SHANKLE,2909,78.1,0.389,7.1,14.31,2.8,1,0.583
1,B4 SH,SHANKLE,2909.5,82.34,0.386,7.7,14.44,2.7,1,0.563
1,B4 SH,SHANKLE,2910,85.94,0.384,7.7,14.25,2.7,1,0.542
1,B4 SH,SHANKLE,2910.5,71.56,0.38,8.2,14.51,2.7,1,0.521
1,B4 SH,SHANKLE,2911,69.26,0.373,7.2,15.655,2.7,1,0.5
1,B4 SH,SHANKLE,2911.5,65.79,0.365,6,16.385,2.8,1,0.479
1,B4 SH,SHANKLE,2912,58.76,0.354,3.5,16.94,2.7,1,0.458
1,B4 SH,SHANKLE,2912.5,60.11,0.342,1.3,17.025,2.6,1,0.438
1,B4 SH,SHANKLE,2913,62,0.344,0.3,17.325,2.6,1,0.417
1,B4 SH,SHANKLE,2913.5,61.56,0.354,0.6,17.815,2.8,1,0.396
1,B4 SH,SHANKLE,2914,58.39,0.362,1.3,18.575,2.7,1,0.375
1,B4 SH,SHANKLE,2914.5,62.03,0.362,-0.8,18.52,2.6,1,0.354
1,B4 SH,SHANKLE,2915,58.92,0.348,-1.6,17.575,2.6,1,0.333
1,B4 SH,SHANKLE,2915.5,62.43,0.324,-0.2,16.275,2.6,1,0.313
1,B4 SH,SHANKLE,2916,63.32,0.292,4,16.375,2.7,1,0.292
1,B4 SH,SHANKLE,2916.5,64.42,0.262,5.9,17.115,2.8,1,0.271
2,B4 SH,SHANKLE,2917,63.11,0.243,5.9,18.435,2.8,1,0.25
2,B4 SH,SHANKLE,2917.5,63.11,0.243,5.9,18.435,2.8,1,0.25
2,B4 SH,SHANKLE,2918,68.73,0.236,4.7,18.565,2.8,1,0.229
2,B4 SH,SHANKLE,2918.5,68.82,0.243,3.7,18.135,3,1,0.208
2,B4 SH,SHANKLE,2919,63.27,0.258,3.9,16.665,3.1,1,0.188
2,B4 SH,SHANKLE,2919.5,63.95,0.279,5,15.155,3.3,1,0.167
2,B4 SH,SHANKLE,2920,73.72,0.301,7,13.77,3.2,1,0.146
2,B4 SH,SHANKLE,2920.5,70.47,0.324,8.1,14.83,2.4,1,0.125
3,B4 SH,SHANKLE,2921,78.62,0.354,0.5,24.675,2.1,1,0.104
3,B4 SH,SHANKLE,2921.5,81.91,0.398,-9.6,35.2,1.9,1,0.083
3,B4 SH,SHANKLE,2922,77.68,0.459,-6.8,44.645,1.9,1,0.063
3,B4 SH,SHANKLE,2922.5,74.51,0.538,-7.4,51.805,2,1,0.042
3,B4 SH,SHANKLE,2923,66.9,0.605,-13,46.795,2,1,0.021
6,B4 LM,SHANKLE,2924,26.06,0.725,-12.9,16.17,4.4,1,0.857
6,B4 LM,SHANKLE,2924.5,20.73,0.796,3.7,4.785,4.1,2,0.714
6,B4 LM,SHANKLE,2925,18.4,0.876,7.6,4.555,3.7,2,0.571
6,B4 LM,SHANKLE,2925.5,20.07,0.941,9.7,6.745,3.3,2,0.429
6,B4 LM,SHANKLE,2926,20.85,0.903,7.7,9.415,3.4,2,0.286
6,B4 LM,SHANKLE,2926.5,24.51,0.809,4.3,11.98,2.5,2,0.143
3,B5 SH,SHANKLE,2927,37.82,0.722,-0.1,19.085,2.2,1,1
3,B5 SH,SHANKLE,2930,79.36,0.47,-6,35.77,2.4,1,0.45
3,B5 SH,SHANKLE,2930.5,78.41,0.468,-6.4,33.73,2.6,1,0.4
3,B5 SH,SHANKLE,2931,70,0.453,-8.4,31.445,2.6,1,0.35
3,B5 SH,SHANKLE,2931.5,67.67,0.43,-9.9,31.45,2.7,1,0.3
3,B5 SH,SHANKLE,2932,67.38,0.391,-7.6,30.565,2.6,1,0.25
3,B5 SH,SHANKLE,2932.5,70.08,0.34,-2.9,33.215,2.5,1,0.2
3,B5 SH,SHANKLE,2933,72.4,0.29,-0.2,39.915,2.3,1,0.15
3,B5 SH,SHANKLE,2933.5,70.73,0.241,-4,41.445,2.3,1,0.1
3,B5 SH,SHANKLE,2934,65.14,0.193,-1.9,37.005,2.6,1,0.05
7,B5 LM,SHANKLE,2934.5,52.05,0.152,5.9,29.525,2.9,2,1
7,B5 LM,SHANKLE,2935,30.56,0.121,12.2,27.265,3,2,0.958
7,B5 LM,SHANKLE,2935.5,25.47,0.097,10.8,27.915,3,2,0.917
7,B5 LM,SHANKLE,2936,25.34,0.093,6.4,27.115,3,2,0.875
7,B5 LM,SHANKLE,2936.5,31.3,0.111,3.8,26.515,3,2,0.833
7,B5 LM,SHANKLE,2937,45.23,0.146,3.6,24.38,3,2,0.792
7,B5 LM,SHANKLE,2937.5,53.09,0.196,4.7,22.525,3,2,0.75
7,B5 LM,SHANKLE,2938,53.66,0.255,2.1,19.515,3.1,2,0.708
7,B5 LM,SHANKLE,2938.5,48.3,0.318,-1.1,16.71,3.4,2,0.667
8,B5 LM,SHANKLE,2939,47.58,0.386,-1.3,14.275,4,2,0.625
8,B5 LM,SHANKLE,2939.5,44.54,0.456,0.5,12.48,4.2,2,0.583
8,B5 LM,SHANKLE,2940,45.57,0.531,1.6,11.42,4.3,2,0.542
8,B5 LM,SHANKLE,2940.5,49.17,0.607,1,10.82,4.3,2,0.5
8,B5 LM,SHANKLE,2941,58.97,0.68,0.6,10.535,4.4,2,0.458
8,B5 LM,SHANKLE,2941.5,78.86,0.744,0.7,10.32,4.6,2,0.417
8,B5 LM,SHANKLE,2942,100.24,0.797,1.4,10.38,4.7,2,0.375
8,B5 LM,SHANKLE,2942.5,97.94,0.842,0.8,10.56,4.8,2,0.333
8,B5 LM,SHANKLE,2943,94.67,0.881,-0.5,10.57,4.7,2,0.292
8,B5 LM,SHANKLE,2943.5,78.63,0.914,-1,10.18,4.7,2,0.25
8,B5 LM,SHANKLE,2944,97.99,0.932,-1.9,9.31,4.7,2,0.208
8,B5 LM,SHANKLE,2944.5,130.86,0.921,-2.5,8.1,4.9,2,0.167
8,B5 LM,SHANKLE,2945,167.9,0.883,-0.8,6.22,4.5,2,0.125
8,B5 LM,SHANKLE,2945.5,191.7,0.822,4.2,5.195,3.8,2,0.083
3,C SH,SHANKLE,2946,149.65,0.711,-5.9,24.32,2.3,1,1
3,C SH,SHANKLE,2948,75.83,0.571,-9.4,34.61,2.8,1,0.93
3,C SH,SHANKLE,2948.5,66.28,0.56,2.5,28.99,2.7,1,0.912
3,C SH,SHANKLE,2949,69.44,0.567,-0.2,27.455,2.6,1,0.895
3,C SH,SHANKLE,2949.5,69.67,0.584,-1.6,24.68,2.6,1,0.877
3,C SH,SHANKLE,2950,72.32,0.609,-2.1,21.265,2.9,1,0.86
3,C SH,SHANKLE,2950.5,72.26,0.634,5.3,16.795,3.2,1,0.842
3,C SH,SHANKLE,2951,66.6,0.652,8.9,13.99,3.3,1,0.825
3,C SH,SHANKLE,2951.5,66.67,0.659,10.7,14.42,3.2,1,0.807
3,C SH,SHANKLE,2952,67.49,0.661,9.3,15.755,3.2,1,0.789
3,C SH,SHANKLE,2952.5,69.17,0.657,6.3,17.91,3,1,0.772
3,C SH,SHANKLE,2953,67.63,0.649,6.3,17.22,3.2,1,0.754
3,C SH,SHANKLE,2953.5,74.65,0.639,7.1,16.125,3.1,1,0.737
3,C SH,SHANKLE,2954,69.34,0.626,6.4,16.405,3.1,1,0.719
3,C SH,SHANKLE,2954.5,67.71,0.616,3.6,17.57,2.9,1,0.702
3,C SH,SHANKLE,2955,69.85,0.61,2.9,18.53,3,1,0.684
3,C SH,SHANKLE,2955.5,72.99,0.606,6.6,17.785,3,1,0.667
3,C SH,SHANKLE,2956,72.73,0.605,3.5,21.265,2.8,1,0.649
3,C SH,SHANKLE,2956.5,71.24,0.606,-3,23.97,2.8,1,0.632
3,C SH,SHANKLE,2957,65.18,0.607,-1.1,24.32,3.3,1,0.614
3,C SH,SHANKLE,2957.5,76.51,0.61,3.1,23.925,3.3,1,0.596
3,C SH,SHANKLE,2958,72.51,0.615,0.3,27.215,3.1,1,0.579
3,C SH,SHANKLE,2958.5,73.66,0.622,-8,30.125,2.7,1,0.561
3,C SH,SHANKLE,2959,72.96,0.627,-12.3,29.985,2.5,1,0.544
3,C SH,SHANKLE,2959.5,66.05,0.628,-9.4,26.215,2.8,1,0.526
3,C SH,SHANKLE,2960,75.61,0.624,-1.1,21.255,3.1,1,0.509
3,C SH,SHANKLE,2960.5,68.69,0.621,6.8,16.645,3.3,1,0.491
3,C SH,SHANKLE,2961,67.49,0.621,5.2,17.925,3,1,0.474
3,C SH,SHANKLE,2961.5,71.32,0.62,2,18.325,2.9,1,0.456
3,C SH,SHANKLE,2962,69.16,0.616,3.5,16.405,3.1,1,0.439
3,C SH,SHANKLE,2962.5,72.18,0.611,5.7,15.525,3.3,1,0.421
3,C SH,SHANKLE,2963,67.16,0.606,4.4,16.48,3.2,1,0.404
3,C SH,SHANKLE,2963.5,72.36,0.606,1.5,18.61,3.2,1,0.386
3,C SH,SHANKLE,2964,76.08,0.614,0.8,19.615,3.1,1,0.368
3,C SH,SHANKLE,2964.5,75.85,0.626,1.8,21.045,2.9,1,0.351
3,C SH,SHANKLE,2965,72.11,0.633,-3.6,22.505,2.7,1,0.333
3,C SH,SHANKLE,2965.5,73.8,0.635,-9,22.545,2.9,1,0.316
3,C SH,SHANKLE,2966,71.57,0.636,-5.1,17.625,3.3,1,0.298
3,C SH,SHANKLE,2966.5,71.38,0.629,1,14.06,3.6,1,0.281
3,C SH,SHANKLE,2967,72.44,0.622,6.2,14.855,3.1,1,0.263
3,C SH,SHANKLE,2967.5,74.87,0.622,5.8,19.845,2.8,1,0.246
3,C SH,SHANKLE,2968,76.01,0.621,-2.7,23.955,2.4,1,0.228
3,C SH,SHANKLE,2968.5,76.11,0.618,-9,25.4,3,1,0.211
3,C SH,SHANKLE,2969,76.47,0.624,-3.5,24.095,3.3,1,0.193
3,C SH,SHANKLE,2969.5,70.18,0.628,-5.4,24.15,3.2,1,0.175
3,C SH,SHANKLE,2970,71.13,0.623,-10.2,24.425,2.9,1,0.158
3,C SH,SHANKLE,2970.5,74.62,0.612,-13.2,21.35,2.9,1,0.14
3,C SH,SHANKLE,2971,75.04,0.597,-3.6,17.66,2.9,1,0.123
3,C SH,SHANKLE,2971.5,71.03,0.576,7.1,16.71,2.5,1,0.105
3,C SH,SHANKLE,2972,79.47,0.575,-9.8,35.285,2.1,1,0.088
3,C SH,SHANKLE,2972.5,76.72,0.603,-9.9,51.3,1.8,1,0.07
3,C SH,SHANKLE,2973,75.01,0.654,-18.3,55.915,1.8,1,0.053
6,C LM,SHANKLE,2974.5,19.52,0.7,1,9.78,4.6,2,0.985
8,C LM,SHANKLE,2975,28.87,0.721,8.8,9.73,4,2,0.97
8,C LM,SHANKLE,2975.5,29.43,0.781,9.1,11.93,3.6,2,0.955
8,C LM,SHANKLE,2976,29.4,0.825,7.9,12.695,3.5,2,0.94
8,C LM,SHANKLE,2976.5,31.05,0.837,6.4,11.9,3.6,2,0.925
8,C LM,SHANKLE,2977,35.29,0.818,6.4,10.875,3.7,2,0.91
5,C LM,SHANKLE,2977.5,32.75,0.778,3.5,9.39,3.8,2,0.896
5,C LM,SHANKLE,2978,35.61,0.738,3,8.16,3.9,2,0.881
5,C LM,SHANKLE,2978.5,36.27,0.705,5,7.4,3.6,2,0.866
5,C LM,SHANKLE,2979,36.51,0.67,7.7,8.56,3.2,2,0.851
5,C LM,SHANKLE,2979.5,35.86,0.633,8.6,10.67,2.9,2,0.836
7,C LM,SHANKLE,2980,33.77,0.599,8.1,12.535,2.9,2,0.821
7,C LM,SHANKLE,2980.5,28.53,0.567,7.7,13.935,2.9,2,0.806
7,C LM,SHANKLE,2981,29.12,0.539,6,14.68,2.9,2,0.791
7,C LM,SHANKLE,2981.5,29.54,0.519,4.2,14.81,2.8,2,0.776
7,C LM,SHANKLE,2982,29.95,0.516,2.4,13.68,2.8,2,0.761
7,C LM,SHANKLE,2982.5,29.36,0.529,1.7,12.36,3,2,0.746
7,C LM,SHANKLE,2983,34.62,0.558,1.9,10.51,3.3,2,0.731
7,C LM,SHANKLE,2983.5,32.74,0.605,2,9.08,3.3,2,0.716
6,C LM,SHANKLE,2984,38.04,0.666,1.7,8.405,3.2,2,0.701
6,C LM,SHANKLE,2984.5,39.18,0.728,1.5,8.235,3.2,2,0.687
6,C LM,SHANKLE,2985,39.55,0.792,1.9,8.035,3.3,2,0.672
6,C LM,SHANKLE,2985.5,37.83,0.846,2.3,7.68,3.4,2,0.657
6,C LM,SHANKLE,2986,35.09,0.884,2.8,7.775,3.4,2,0.642
6,C LM,SHANKLE,2986.5,38.17,0.905,3.8,7.92,3.6,2,0.627
6,C LM,SHANKLE,2987,37.4,0.913,3.9,8.16,3.3,2,0.612
6,C LM,SHANKLE,2987.5,36.2,0.913,2.6,8.54,3.4,2,0.597
6,C LM,SHANKLE,2988,38.73,0.91,2.4,8.6,3.4,2,0.582
6,C LM,SHANKLE,2988.5,36.86,0.908,1.9,8.9,3.5,2,0.567
6,C LM,SHANKLE,2989,38.24,0.905,2,8.845,3.4,2,0.552
6,C LM,SHANKLE,2989.5,36.1,0.901,1.6,8.5,3.4,2,0.537
6,C LM,SHANKLE,2990,38.5,0.897,2.6,8.25,3.3,2,0.522
6,C LM,SHANKLE,2990.5,35.87,0.89,3,8.42,3.4,2,0.507
6,C LM,SHANKLE,2991,37.2,0.884,3.6,8.495,3.3,2,0.493
6,C LM,SHANKLE,2991.5,39.89,0.88,3.1,8.695,3.6,2,0.478
6,C LM,SHANKLE,2992,40.73,0.876,2.9,8.505,3.7,2,0.463
6,C LM,SHANKLE,2992.5,41.81,0.873,2,8.845,3.7,2,0.448
6,C LM,SHANKLE,2993,44.47,0.872,1.9,8.74,3.5,2,0.433
6,C LM,SHANKLE,2993.5,43.87,0.87,1.9,8.715,3.4,2,0.418
6,C LM,SHANKLE,2994,47.4,0.872,2.4,8.375,3.5,2,0.403
6,C LM,SHANKLE,2994.5,48.75,0.875,2.6,8.47,3.6,2,0.388
6,C LM,SHANKLE,2995,53.77,0.877,3.1,8.2,3.6,2,0.373
6,C LM,SHANKLE,2995.5,65.61,0.88,3.2,8.555,3.7,2,0.358
5,C LM,SHANKLE,2996,79.98,0.884,3,8.435,3.8,2,0.343
5,C LM,SHANKLE,2996.5,115.6,0.885,3.6,8.76,3.9,2,0.328
5,C LM,SHANKLE,2997,201.75,0.887,3.9,8.645,4.1,2,0.313
5,C LM,SHANKLE,2997.5,242.75,0.889,4.9,8.42,4.1,2,0.299
5,C LM,SHANKLE,2998,238.02,0.893,5.1,8.515,4.3,2,0.284
5,C LM,SHANKLE,2998.5,215.23,0.899,5.7,8.31,4.2,2,0.269
5,C LM,SHANKLE,2999,168.12,0.907,5.6,8.545,4.2,2,0.254
5,C LM,SHANKLE,2999.5,124.8,0.919,5.2,8.855,3.9,2,0.239
5,C LM,SHANKLE,3000,102.74,0.932,4.6,8.915,4,2,0.224
5,C LM,SHANKLE,3000.5,102.74,0.932,4.6,8.915,4,2,0.224
5,C LM,SHANKLE,3001,81.37,0.941,4.3,8.86,4.1,2,0.209
5,C LM,SHANKLE,3001.5,70.46,0.943,4.2,8.675,4.2,2,0.194
5,C LM,SHANKLE,3002,67.29,0.943,4.9,9.365,4.1,2,0.179
5,C LM,SHANKLE,3002.5,67.61,0.939,5.6,9.555,4.1,2,0.164
4,C LM,SHANKLE,3003,68.63,0.941,5.8,9.585,4.1,2,0.149
4,C LM,SHANKLE,3003.5,68.45,0.957,6.9,9.95,4.3,2,0.134
4,C LM,SHANKLE,3004,73.25,0.996,8.4,10.39,4.4,2,0.119
4,C LM,SHANKLE,3004.5,73.21,1.039,7.7,9.95,4.5,2,0.104
8,C LM,SHANKLE,3005,76.24,1.084,4,7.9,4.6,2,0.09
8,C LM,SHANKLE,3005.5,52.57,1.118,-0.4,5.215,4.8,2,0.075
8,C LM,SHANKLE,3006,32.84,1.12,-2.2,3.455,5.1,2,0.06
8,C LM,SHANKLE,3006.5,25.16,1.112,-1.6,2.89,4.8,2,0.045
8,C LM,SHANKLE,3007,25.16,1.112,-1.6,2.89,4.8,2,0.03
4,C LM,SHANKLE,3007.5,26.22,1.092,-0.4,3.4,4.5,2,0.03
4,C LM,SHANKLE,3008,65.36,1.026,1.6,4.715,4.5,2,0.015
