,Formation,Well Name,Depth,GR,ILD_log10,DeltaPHI,PHIND,PE,NM_M,RELPOS,Facies
1386,A1 SH,LUKE G U,2610.5,74.9,0.782,9.3,11.75,4.084,1,1,3
1387,A1 SH,LUKE G U,2611,83.8,0.745,12,13.1,3.501,1,0.981,3
1388,A1 SH,LUKE G U,2611.5,86.97,0.726,12.9,12.55,3.4,1,0.962,3
1389,A1 SH,LUKE G U,2612,84.43,0.708,13.2,12,3.4,1,0.943,3
1390,A1 SH,LUKE G U,2612.5,78.51,0.708,11.8,11.4,3.4,1,0.925,3
1391,A1 SH,LUKE G U,2613,73.88,0.708,11.3,11.55,3.5,1,0.906,3
1392,A1 SH,LUKE G U,2613.5,71.61,0.717,11.5,11.25,3.6,1,0.887,2
1393,A1 SH,LUKE G U,2614,69.86,0.726,11.7,11.05,3.7,1,0.868,2
1394,A1 SH,LUKE G U,2614.5,69.25,0.736,11.1,10.65,3.7,1,0.849,2
1395,A1 SH,LUKE G U,2615,68.29,0.726,8.6,9.7,3.7,1,0.83,2
1396,A1 SH,LUKE G U,2615.5,68.5,0.717,7.8,9.8,3.7,1,0.811,2
1397,A1 SH,LUKE G U,2616,73.65,0.675,6.3,10.65,3.5,1,0.792,2
1398,A1 SH,LUKE G U,2616.5,92.68,0.567,9.2,13.2,3.3,1,0.774,2
1399,A1 SH,LUKE G U,2617,107.22,0.483,11.3,15.75,3.3,1,0.755,2
1400,A1 SH,LUKE G U,2617.5,132.81,0.436,16.7,19.65,3.4,1,0.736,2
1401,A1 SH,LUKE G U,2618,151.94,0.399,0,29.9,3.6,1,0.717,2
1402,A1 SH,LUKE G U,2618.5,154.37,0.39,3.1,31.45,3.4,1,0.698,2
1403,A1 SH,LUKE G U,2619,153.77,0.39,8.4,34.1,3,1,0.679,2
1404,A1 SH,LUKE G U,2619.5,132.29,0.39,8.2,34.1,2.8,1,0.66,2
1405,A1 SH,LUKE G U,2620,102.28,0.418,0,30,2.6,1,0.642,3
1406,A1 SH,LUKE G U,2620.5,77.82,0.436,17.9,20.15,2.4,1,0.623,3
1407,A1 SH,LUKE G U,2621,67.52,0.446,10.1,12.25,2.5,1,0.604,3
1408,A1 SH,LUKE G U,2621.5,61.32,0.455,7,8.1,2.8,1,0.585,3
1409,A1 SH,LUKE G U,2622,58.69,0.455,7.1,7.95,3,1,0.566,2
1410,A1 SH,LUKE G U,2622.5,54.36,0.465,6.3,8.55,3.3,1,0.547,2
1411,A1 SH,LUKE G U,2623,52.75,0.455,4.8,10.4,3.5,1,0.528,2
1412,A1 SH,LUKE G U,2623.5,51.96,0.465,4.7,11.15,3.4,1,0.509,2
1413,A1 SH,LUKE G U,2624,54.01,0.483,4.5,11.65,3.4,1,0.491,2
1414,A1 SH,LUKE G U,2624.5,54.16,0.493,4.6,12.2,3.4,1,0.472,2
1415,A1 SH,LUKE G U,2625,54.27,0.493,5.1,12.95,3.4,1,0.453,2
1416,A1 SH,LUKE G U,2625.5,55.84,0.483,4.7,13.35,3.6,1,0.434,2
1417,A1 SH,LUKE G U,2626,57.43,0.446,4.8,13.5,3.6,1,0.415,2
1418,A1 SH,LUKE G U,2626.5,58.22,0.362,4.9,13.75,3.5,1,0.396,2
1419,A1 SH,LUKE G U,2627,58.88,0.315,4,14.6,3.3,1,0.377,2
1420,A1 SH,LUKE G U,2627.5,60.6,0.306,4.5,15.25,3.2,1,0.358,2
1421,A1 SH,LUKE G U,2628,62.57,0.296,4.7,15.35,3.1,1,0.34,2
1422,A1 SH,LUKE G U,2628.5,66.19,0.32,5.3,15.35,3.1,1,0.321,2
1423,A1 SH,LUKE G U,2629,78.95,0.347,7.3,14.85,3.1,1,0.302,2
1424,A1 SH,LUKE G U,2629.5,84.77,0.373,8.6,14.3,3.1,1,0.283,2
1425,A1 SH,LUKE G U,2630,80.83,0.398,8.6,13.4,3.1,1,0.264,2
1426,A1 SH,LUKE G U,2630.5,66.48,0.421,6.5,12.35,3.1,1,0.245,2
1427,A1 SH,LUKE G U,2631,63.09,0.441,3.9,11.15,3.1,1,0.226,2
1428,A1 SH,LUKE G U,2631.5,62.7,0.465,3.9,10.95,3.1,1,0.208,2
1429,A1 SH,LUKE G U,2632,63.45,0.465,4.3,11.05,3.1,1,0.189,2
1430,A1 SH,LUKE G U,2632.5,66.94,0.446,5.6,11.8,3.1,1,0.17,2
1431,A1 SH,LUKE G U,2633,77.94,0.436,6.7,13.05,3.2,1,0.151,2
1432,A1 SH,LUKE G U,2633.5,81.4,0.418,8.1,14.15,3.2,1,0.132,2
1433,A1 SH,LUKE G U,2634,80.74,0.399,9.9,15.75,3.2,1,0.113,3
1434,A1 SH,LUKE G U,2634.5,76.45,0.39,10.6,16.5,3.2,1,0.094,2
1435,A1 SH,LUKE G U,2635,74.99,0.38,11,17,3.1,1,0.075,2
1436,A1 SH,LUKE G U,2635.5,75.21,0.38,14.2,19.5,3.1,1,0.057,2
1437,A1 SH,LUKE G U,2636,75.05,0.385,12.6,23.3,3.1,1,0.038,2
1438,A1 SH,LUKE G U,2636.5,62.14,0.413,9.5,24.65,3.1,1,0.019,2
1439,A1 LM,LUKE G U,2637,46.66,0.458,2.8,21.4,3.2,2,1,8
1440,A1 LM,LUKE G U,2637.5,29.68,0.499,4.6,16.7,3.4,2,0.985,8
1441,A1 LM,LUKE G U,2638,18.97,0.558,-0.3,11.35,3.9,2,0.97,8
1442,A1 LM,LUKE G U,2638.5,17.66,0.651,0.4,7.3,4.4,2,0.955,8
1443,A1 LM,LUKE G U,2639,18.02,0.736,0.5,5.15,4.8,2,0.94,8
1444,A1 LM,LUKE G U,2639.5,20.47,0.81,3.1,4.15,4.9,2,0.925,8
1445,A1 LM,LUKE G U,2640,26.7,0.848,4,4.4,4.8,2,0.91,8
1446,A1 LM,LUKE G U,2640.5,33.18,0.866,6.8,6,4.6,2,0.896,8
1447,A1 LM,LUKE G U,2641,42.67,0.866,8,7.4,4.4,2,0.881,8
1448,A1 LM,LUKE G U,2641.5,51.37,0.782,10.1,8.85,3.8,2,0.866,8
1449,A1 LM,LUKE G U,2642,54.26,0.745,12.6,10.4,3.6,2,0.851,6
1450,A1 LM,LUKE G U,2642.5,56.67,0.736,12.8,10.7,3.6,2,0.836,6
1451,A1 LM,LUKE G U,2643,57.35,0.736,12.3,10.95,3.7,2,0.821,6
1452,A1 LM,LUKE G U,2643.5,62.93,0.736,11.1,11.55,3.8,2,0.806,6
1453,A1 LM,LUKE G U,2644,66.49,0.745,10,11,3.9,2,0.791,6
1454,A1 LM,LUKE G U,2644.5,64.2,0.754,7.2,9.3,4,2,0.776,6
1455,A1 LM,LUKE G U,2645,58.09,0.801,2.5,6.55,4.1,2,0.761,6
1456,A1 LM,LUKE G U,2645.5,55,0.904,2.5,4.95,4.1,2,0.746,6
1457,A1 LM,LUKE G U,2646,55.97,0.923,2.5,4.85,4.1,2,0.731,6
1458,A1 LM,LUKE G U,2646.5,58.81,0.913,3.1,6.05,4.1,2,0.716,6
1459,A1 LM,LUKE G U,2647,67.1,0.885,5.4,8.3,4,2,0.701,6
1460,A1 LM,LUKE G U,2647.5,77.82,0.866,8.2,10.7,4,2,0.687,6
1461,A1 LM,LUKE G U,2648,115.71,0.829,8.2,11.5,3.9,2,0.672,4
1462,A1 LM,LUKE G U,2648.5,145.34,0.81,8.1,11.55,3.7,2,0.657,4
1463,A1 LM,LUKE G U,2649,195.89,0.801,8,11.5,3.7,2,0.642,4
1464,A1 LM,LUKE G U,2649.5,191.22,0.81,8.3,11.25,3.6,2,0.627,4
1465,A1 LM,LUKE G U,2650,177.59,0.82,7,9.7,3.6,2,0.612,4
1466,A1 LM,LUKE G U,2650.5,151.13,0.866,5.6,7.7,3.6,2,0.597,4
1467,A1 LM,LUKE G U,2651,116.51,0.932,3,5.2,3.8,2,0.582,8
1468,A1 LM,LUKE G U,2651.5,58.47,0.96,2,3.4,4.4,2,0.567,8
1469,A1 LM,LUKE G U,2652,56.71,0.951,2.1,3.25,5,2,0.552,8
1470,A1 LM,LUKE G U,2652.5,64.91,0.923,5.4,5.5,5,2,0.537,8
1471,A1 LM,LUKE G U,2653,74.3,0.885,10.1,8.65,4.8,2,0.522,8
1472,A1 LM,LUKE G U,2653.5,85.32,0.829,9.8,11.4,4.6,2,0.507,4
1473,A1 LM,LUKE G U,2654,97.02,0.754,11.9,13.75,4.3,2,0.493,4
1474,A1 LM,LUKE G U,2654.5,94.31,0.717,10.7,14.45,4.1,2,0.478,4
1475,A1 LM,LUKE G U,2655,88.35,0.689,10.2,14.7,3.9,2,0.463,4
1476,A1 LM,LUKE G U,2655.5,87.22,0.66,9.9,14.85,3.8,2,0.448,4
1477,A1 LM,LUKE G U,2656,85.82,0.628,9.6,14.8,3.8,2,0.433,4
1478,A1 LM,LUKE G U,2656.5,85.68,0.614,9.6,14.8,3.7,2,0.418,4
1479,A1 LM,LUKE G U,2657,86.5,0.623,9.4,14.9,3.7,2,0.403,4
1480,A1 LM,LUKE G U,2657.5,88.5,0.623,9.1,15.05,3.6,2,0.388,4
1481,A1 LM,LUKE G U,2658,88.84,0.623,8.7,14.95,3.6,2,0.373,4
1482,A1 LM,LUKE G U,2658.5,83.21,0.633,8.6,14.8,3.4,2,0.358,4
1483,A1 LM,LUKE G U,2659,71.5,0.633,8.7,14.65,3.3,2,0.343,4
1484,A1 LM,LUKE G U,2659.5,67.33,0.661,9.2,14.3,3.4,2,0.328,4
1485,A1 LM,LUKE G U,2660,61.32,0.689,9.5,13.95,3.5,2,0.313,4
1486,A1 LM,LUKE G U,2660.5,55.48,0.764,8.5,13.05,3.6,2,0.299,4
1487,A1 LM,LUKE G U,2661,51.6,0.857,3.8,10.1,3.7,2,0.284,6
1488,A1 LM,LUKE G U,2661.5,47.71,0.838,3.2,9,3.8,2,0.269,6
1489,A1 LM,LUKE G U,2662,48.07,0.801,3.2,8.9,3.8,2,0.254,6
1490,A1 LM,LUKE G U,2662.5,49.41,0.754,3.4,9.3,3.8,2,0.239,4
1491,A1 LM,LUKE G U,2663,66.1,0.689,3.7,10.35,3.8,2,0.224,4
1492,A1 LM,LUKE G U,2663.5,76.15,0.633,4.7,11.75,3.6,2,0.209,4
1493,A1 LM,LUKE G U,2664,92.92,0.595,7.6,14.1,3.3,2,0.194,4
1494,A1 LM,LUKE G U,2664.5,100.69,0.577,7.8,16.3,3.2,2,0.179,4
1495,A1 LM,LUKE G U,2665,101.16,0.605,7.4,18.6,2.5,2,0.164,4
1496,A1 LM,LUKE G U,2665.5,97.59,0.654,4.5,20.95,2.8,2,0.149,4
1497,A1 LM,LUKE G U,2666,87.35,0.711,4.7,20.85,3.1,2,0.134,4
1498,A1 LM,LUKE G U,2666.5,72.1,0.761,6.8,13.5,3.3,2,0.119,6
1499,A1 LM,LUKE G U,2667,64.79,0.806,7.5,9.75,3.8,2,0.104,6
1500,A1 LM,LUKE G U,2667.5,62.31,0.848,6.4,8.3,3.9,2,0.09,6
1501,A1 LM,LUKE G U,2668,56.83,0.894,5,7.2,3.8,2,0.075,6
1502,A1 LM,LUKE G U,2668.5,52.34,0.904,1.7,5.45,3.8,2,0.06,8
1503,A1 LM,LUKE G U,2669,48.52,0.904,-4.3,8.35,4,2,0.045,8
1504,A1 LM,LUKE G U,2669.5,54.95,0.885,-12.3,12.45,4,2,0.03,8
1505,A1 LM,LUKE G U,2670,61.02,0.838,-14.4,17.3,3.8,2,0.015,8
1506,B1 SH,LUKE G U,2670.5,66.93,0.745,-13.4,21.8,3.6,1,1,3
1507,B1 SH,LUKE G U,2671,70.41,0.708,-6.3,21.75,3.2,1,0.974,3
1508,B1 SH,LUKE G U,2671.5,73.06,0.661,-1,20,3.1,1,0.949,3
1509,B1 SH,LUKE G U,2672,75.05,0.623,0.3,20.35,3,1,0.923,3
1510,B1 SH,LUKE G U,2672.5,76.58,0.614,1.1,21.15,2.9,1,0.897,3
1511,B1 SH,LUKE G U,2673,79.26,0.614,1,24.1,2.8,1,0.872,3
1512,B1 SH,LUKE G U,2673.5,80.34,0.614,6.3,23.55,2.7,1,0.846,3
1513,B1 SH,LUKE G U,2674,80.13,0.614,6.8,23.7,2.6,1,0.821,3
1514,B1 SH,LUKE G U,2674.5,76.51,0.623,6.6,23.6,2.6,1,0.795,3
1515,B1 SH,LUKE G U,2675,74.52,0.642,3.3,24.25,2.6,1,0.769,3
1516,B1 SH,LUKE G U,2675.5,73.2,0.67,0.1,23.65,2.6,1,0.744,2
1517,B1 SH,LUKE G U,2676,69.51,0.698,4,17.9,2.7,1,0.718,2
1518,B1 SH,LUKE G U,2676.5,64.97,0.736,4.6,16,2.8,1,0.692,2
1519,B1 SH,LUKE G U,2677,65.21,0.736,6.3,14.85,3,1,0.667,2
1520,B1 SH,LUKE G U,2677.5,65.7,0.736,7.4,13.6,3.1,1,0.641,2
1521,B1 SH,LUKE G U,2678,65.24,0.717,9,11.6,3.3,1,0.615,2
1522,B1 SH,LUKE G U,2678.5,63.2,0.717,9.2,10.7,3.6,1,0.59,2
1523,B1 SH,LUKE G U,2679,61.71,0.676,6.7,11.15,3.7,1,0.564,2
1524,B1 SH,LUKE G U,2679.5,60.3,0.624,4.3,11.05,3.6,1,0.538,2
1525,B1 SH,LUKE G U,2680,58.7,0.565,2.5,11.65,3.5,1,0.513,2
1526,B1 SH,LUKE G U,2680.5,56.18,0.511,0.8,11.7,3.3,1,0.487,2
1527,B1 SH,LUKE G U,2681,55.11,0.483,0.4,11.6,3,1,0.462,2
1528,B1 SH,LUKE G U,2681.5,54.51,0.436,0.5,11.55,3,1,0.436,2
1529,B1 SH,LUKE G U,2682,55.3,0.411,0.8,11.5,2.9,1,0.41,2
1530,B1 SH,LUKE G U,2682.5,55.56,0.39,1.2,11.6,2.9,1,0.385,2
1531,B1 SH,LUKE G U,2683,54.92,0.362,1.1,11.75,2.8,1,0.359,2
1532,B1 SH,LUKE G U,2683.5,54.92,0.352,1,11.9,2.8,1,0.333,2
1533,B1 SH,LUKE G U,2684,55.63,0.362,0.9,11.85,2.9,1,0.308,2
1534,B1 SH,LUKE G U,2684.5,57.6,0.371,1,11.7,2.9,1,0.282,2
1535,B1 SH,LUKE G U,2685,60.83,0.371,1.7,11.45,3,1,0.256,2
1536,B1 SH,LUKE G U,2685.5,62.86,0.38,2.4,11.6,3.1,1,0.231,2
1537,B1 SH,LUKE G U,2686,67.48,0.407,8.6,14.6,3.1,1,0.205,3
1538,B1 SH,LUKE G U,2686.5,74.05,0.436,8.4,14.8,3.2,1,0.179,3
1539,B1 SH,LUKE G U,2687,77.79,0.464,8.2,14.6,3.2,1,0.154,3
1540,B1 SH,LUKE G U,2687.5,76.99,0.49,6.9,13.55,3.3,1,0.128,3
1541,B1 SH,LUKE G U,2688,75.9,0.502,6.7,15.15,3.4,1,0.103,3
1542,B1 SH,LUKE G U,2688.5,74.27,0.521,3.7,18.55,3.5,1,0.077,3
1543,B1 SH,LUKE G U,2689,73.43,0.537,-1,21.9,3.6,1,0.051,3
1544,B1 SH,LUKE G U,2689.5,64.68,0.633,-0.5,20.45,3.3,1,0.026,3
1545,B1 LM,LUKE G U,2690,50.6,0.717,-0.2,16.1,3.4,2,1,8
1546,B1 LM,LUKE G U,2690.5,39.67,0.792,-1.6,6.4,3.6,2,0.957,8
1547,B1 LM,LUKE G U,2691,31.96,0.81,0.5,4.55,3.9,2,0.913,8
1548,B1 LM,LUKE G U,2691.5,42.29,0.866,0.6,4.6,4.5,2,0.87,6
1549,B1 LM,LUKE G U,2692,48.33,0.904,1.8,5.6,4.2,2,0.826,6
1550,B1 LM,LUKE G U,2692.5,48.4,0.932,0.9,6.15,3.6,2,0.783,6
1551,B1 LM,LUKE G U,2693,48.41,0.979,0.5,6.25,3.4,2,0.739,6
1552,B1 LM,LUKE G U,2693.5,46.41,1.007,-0.2,5.9,3.5,2,0.696,6
1553,B1 LM,LUKE G U,2694,44.36,1.025,-0.7,5.45,3.6,2,0.652,8
1554,B1 LM,LUKE G U,2694.5,39.15,1.053,-0.2,4.4,3.8,2,0.609,8
1555,B1 LM,LUKE G U,2695,36.7,1.072,0.7,3.25,4.1,2,0.565,6
1556,B1 LM,LUKE G U,2695.5,36.01,1.1,0.5,3.05,4.7,2,0.522,6
1557,B1 LM,LUKE G U,2696,37.9,1.119,0.8,3.3,4.9,2,0.478,6
1558,B1 LM,LUKE G U,2696.5,40.44,1.119,1.4,3.6,4.7,2,0.435,6
1559,B1 LM,LUKE G U,2697,43.51,1.128,1.7,3.75,4.5,2,0.391,6
1560,B1 LM,LUKE G U,2697.5,44.73,1.119,1.8,3.9,4.3,2,0.348,6
1561,B1 LM,LUKE G U,2698,52.29,1.119,1.9,4.25,4.2,2,0.304,6
1562,B1 LM,LUKE G U,2698.5,57.68,1.095,2.9,5.35,4.3,2,0.261,6
1563,B1 LM,LUKE G U,2699,55.66,1.063,2.6,5.3,4.5,2,0.217,8
1564,B1 LM,LUKE G U,2699.5,51.65,1.044,1.7,4.35,4.6,2,0.174,8
1565,B1 LM,LUKE G U,2700,48.58,0.894,1.2,3.4,4.6,2,0.13,8
1566,B1 LM,LUKE G U,2700.5,52.53,0.82,0.8,3.5,4.5,2,0.087,8
1567,B1 LM,LUKE G U,2701,63.83,0.727,2.4,4.9,4.1,2,0.043,8
1568,B2 SH,LUKE G U,2701.5,73.93,0.661,2.5,9.95,3.6,1,1,3
1569,B2 SH,LUKE G U,2702,82.15,0.623,5.9,12.95,3.2,1,0.957,3
1570,B2 SH,LUKE G U,2702.5,79.86,0.586,7.5,14.05,3.1,1,0.913,2
1571,B2 SH,LUKE G U,2703,75.71,0.567,6.6,13.5,3.1,1,0.87,2
1572,B2 SH,LUKE G U,2703.5,70.41,0.567,7,11,3.2,1,0.826,2
1573,B2 SH,LUKE G U,2704,59.72,0.595,6.8,9.4,3.4,1,0.783,2
1574,B2 SH,LUKE G U,2704.5,61.47,0.623,5.8,8.4,3.6,1,0.739,2
1575,B2 SH,LUKE G U,2705,65.24,0.623,6.6,8.9,3.9,1,0.696,2
1576,B2 SH,LUKE G U,2705.5,66.26,0.633,6.4,9.1,4.1,1,0.652,2
1577,B2 SH,LUKE G U,2706,68.21,0.623,4.8,9.8,4.2,1,0.609,2
1578,B2 SH,LUKE G U,2706.5,69.24,0.567,3.1,10.65,4,1,0.565,2
1579,B2 SH,LUKE G U,2707,71.23,0.53,2,12.8,3.8,1,0.522,2
1580,B2 SH,LUKE G U,2707.5,76.47,0.502,-9.2,23.9,3.7,1,0.478,2
1581,B2 SH,LUKE G U,2708,83.52,0.493,-5.5,27.15,3.2,1,0.435,3
1582,B2 SH,LUKE G U,2708.5,82.88,0.502,-4.8,27.5,2.6,1,0.348,3
1583,B2 SH,LUKE G U,2709,76.99,0.53,-2.5,25.55,2.6,1,0.304,3
1584,B2 SH,LUKE G U,2709.5,68.71,0.549,-1.9,15.95,2.7,1,0.261,2
1585,B2 SH,LUKE G U,2710,66.49,0.595,2.3,9.95,3,1,0.217,2
1586,B2 SH,LUKE G U,2710.5,66.67,0.614,1.8,10.3,3.4,1,0.174,2
1587,B2 SH,LUKE G U,2711,68.68,0.661,4.7,17.45,3.4,1,0.13,2
1588,B2 SH,LUKE G U,2711.5,67.26,0.689,-3.6,21.4,3.3,1,0.087,2
1589,B2 LM,LUKE G U,2712,38.21,0.745,0.5,17.25,3.2,2,1,8
1590,B2 LM,LUKE G U,2712.5,23.03,0.764,2,13.2,3.4,2,0.947,8
1591,B2 LM,LUKE G U,2713,16.09,0.764,0,9.6,4,2,0.895,8
1592,B2 LM,LUKE G U,2713.5,15.38,0.773,0.2,9.4,4.7,2,0.842,8
1593,B2 LM,LUKE G U,2714,15.34,0.792,0.1,9.75,5.3,2,0.789,8
1594,B2 LM,LUKE G U,2714.5,15.83,0.792,-1.5,11.15,5.8,2,0.737,8
1595,B2 LM,LUKE G U,2715,16.39,0.801,-2,11.4,5.8,2,0.684,8
1596,B2 LM,LUKE G U,2715.5,17.2,0.838,-2.5,11.15,5.6,2,0.632,8
1597,B2 LM,LUKE G U,2716,20.17,0.857,-3,10.4,5.2,2,0.579,8
1598,B2 LM,LUKE G U,2716.5,24.31,0.876,-3,8.6,5.1,2,0.526,8
1599,B2 LM,LUKE G U,2717,24.49,0.885,-0.4,6.6,5,2,0.474,8
1600,B2 LM,LUKE G U,2717.5,24.54,0.904,0.7,5.95,5,2,0.421,8
1601,B2 LM,LUKE G U,2718,23.16,0.904,1.2,6.5,5,2,0.368,8
1602,B2 LM,LUKE G U,2718.5,22.98,0.913,1.1,6.75,5,2,0.316,8
1603,B2 LM,LUKE G U,2719,23.48,0.904,0.8,7.8,5.1,2,0.263,8
1604,B2 LM,LUKE G U,2719.5,25.9,0.866,1.8,8.1,5.1,2,0.211,8
1605,B2 LM,LUKE G U,2720,25.9,0.866,1.8,8.1,5.1,2,0.211,6
1606,B2 LM,LUKE G U,2720.5,32.16,0.824,2.9,8.15,5.1,2,0.158,6
1607,B2 LM,LUKE G U,2721,34.86,0.773,3.5,8.55,5.1,2,0.105,6
1608,B2 LM,LUKE G U,2721.5,38.53,0.726,2.8,8.9,5.1,2,0.053,6
1609,B3 SH,LUKE G U,2722,40.07,0.595,0.3,8.95,4.9,1,1,3
1610,B3 SH,LUKE G U,2722.5,45.45,0.493,-5.8,11.9,4.4,1,0.971,3
1611,B3 SH,LUKE G U,2723,54.42,0.446,-16,17.8,3.7,1,0.943,3
1612,B3 SH,LUKE G U,2723.5,82.13,0.427,-12.2,23.4,3.3,1,0.914,3
1613,B3 SH,LUKE G U,2724,95.72,0.399,-5.6,27.1,2.9,1,0.886,3
1614,B3 SH,LUKE G U,2724.5,100.54,0.371,-0.6,29.6,2.6,1,0.857,3
1615,B3 SH,LUKE G U,2725,101.09,0.343,-0.2,29.8,2.5,1,0.829,3
1616,B3 SH,LUKE G U,2725.5,97.01,0.306,-0.5,29.55,2.4,1,0.8,3
1617,B3 SH,LUKE G U,2726,89.65,0.268,-3.4,28,2.4,1,0.771,3
1618,B3 SH,LUKE G U,2726.5,87.36,0.25,-1.3,23.45,2.4,1,0.743,3
1619,B3 SH,LUKE G U,2727,84.42,0.231,3,20.9,2.5,1,0.714,3
1620,B3 SH,LUKE G U,2727.5,83.16,0.222,7.3,18.85,2.7,1,0.686,3
1621,B3 SH,LUKE G U,2728,82.81,0.212,7.6,19.5,2.7,1,0.657,3
1622,B3 SH,LUKE G U,2728.5,85.11,0.194,4.3,21.85,2.8,1,0.629,3
1623,B3 SH,LUKE G U,2729,86.75,0.194,4.1,21.85,2.7,1,0.6,3
1624,B3 SH,LUKE G U,2729.5,87.27,0.194,3,21.2,2.6,1,0.571,3
1625,B3 SH,LUKE G U,2730,85.02,0.203,5.4,19.6,2.6,1,0.543,3
1626,B3 SH,LUKE G U,2730.5,79.75,0.226,5.8,19.7,2.6,1,0.514,3
1627,B3 SH,LUKE G U,2731,78.3,0.24,5.5,19.85,2.6,1,0.486,3
1628,B3 SH,LUKE G U,2731.5,81.07,0.269,7.6,18.4,2.6,1,0.457,3
1629,B3 SH,LUKE G U,2732,79.27,0.302,6.4,16.2,2.8,1,0.429,2
1630,B3 SH,LUKE G U,2732.5,73.93,0.334,5.9,14.05,3,1,0.4,2
1631,B3 SH,LUKE G U,2733,65.23,0.371,4.1,11.95,3.3,1,0.371,2
1632,B3 SH,LUKE G U,2733.5,61.78,0.446,3.2,11.2,3.5,1,0.343,2
1633,B3 SH,LUKE G U,2734,62.11,0.493,2.8,11.5,3.5,1,0.314,2
1634,B3 SH,LUKE G U,2734.5,62.58,0.521,2.7,11.95,3.4,1,0.286,2
1635,B3 SH,LUKE G U,2735,64.56,0.53,2.5,12.15,3.3,1,0.257,2
1636,B3 SH,LUKE G U,2735.5,67.07,0.53,2.5,11.85,3.4,1,0.229,2
1637,B3 SH,LUKE G U,2736,68.49,0.521,2.8,11.7,3.3,1,0.2,2
1638,B3 SH,LUKE G U,2736.5,74.44,0.521,3.1,11.55,3.2,1,0.171,2
1639,B3 SH,LUKE G U,2737,78.97,0.521,4.4,11.5,3.3,1,0.143,3
1640,B3 SH,LUKE G U,2737.5,80.06,0.558,5.7,11.65,3.4,1,0.114,3
1641,B3 LM,LUKE G U,2738,67.48,0.741,2.5,13.85,3.9,2,1,8
1642,B3 LM,LUKE G U,2738.5,52.5,0.773,1.4,12.9,4,2,0.889,8
1643,B3 LM,LUKE G U,2739,31.71,0.801,0.6,9.2,4.3,2,0.778,8
1644,B3 LM,LUKE G U,2739.5,25.1,0.81,-0.7,8.35,4.6,2,0.667,8
1645,B3 LM,LUKE G U,2740,23.57,0.829,-1.5,7.55,4.7,2,0.556,8
1646,B3 LM,LUKE G U,2740.5,25.17,0.829,-1.5,7.15,4.7,2,0.444,8
1647,B3 LM,LUKE G U,2741,31.3,0.801,-0.8,6.7,4.7,2,0.333,8
1648,B3 LM,LUKE G U,2741.5,37.3,0.773,0.1,6.75,4.4,2,0.222,8
1649,B3 LM,LUKE G U,2742,43.05,0.736,0.9,7.15,3.8,2,0.111,8
1650,B4 SH,LUKE G U,2742.5,49.95,0.698,1.6,7.9,3.6,1,1,2
1651,B4 SH,LUKE G U,2743,56.08,0.642,1.6,8.2,3.5,1,0.957,2
1652,B4 SH,LUKE G U,2743.5,58.25,0.62,1.8,8.8,3.4,1,0.913,2
1653,B4 SH,LUKE G U,2744,61.71,0.596,3,9.1,3.4,1,0.87,2
1654,B4 SH,LUKE G U,2744.5,66.63,0.567,4.1,9.45,3.3,1,0.826,2
1655,B4 SH,LUKE G U,2745,71.55,0.558,5.1,9.85,3.3,1,0.783,3
1656,B4 SH,LUKE G U,2745.5,78.54,0.567,6.9,11.35,3.3,1,0.739,3
1657,B4 SH,LUKE G U,2746,82.48,0.549,9.5,13.95,3.2,1,0.696,3
1658,B4 SH,LUKE G U,2746.5,77.48,0.549,8.7,13.65,3.2,1,0.652,3
1659,B4 SH,LUKE G U,2747,74.35,0.539,7.7,12.75,3.1,1,0.609,2
1660,B4 SH,LUKE G U,2747.5,67.76,0.53,6.7,11.95,3.2,1,0.565,2
1661,B4 SH,LUKE G U,2748,62.93,0.53,5.7,11.65,3.3,1,0.522,2
1662,B4 SH,LUKE G U,2748.5,58.85,0.53,2.8,10.7,3.3,1,0.478,2
1663,B4 SH,LUKE G U,2749,57.92,0.521,2.2,11,3.3,1,0.435,2
1664,B4 SH,LUKE G U,2749.5,61.42,0.53,2.2,11.2,3.2,1,0.391,2
1665,B4 SH,LUKE G U,2750,61.98,0.53,2.5,11.45,3.2,1,0.348,2
1666,B4 SH,LUKE G U,2750.5,62.63,0.539,2.8,11.5,3.1,1,0.304,2
1667,B4 SH,LUKE G U,2751,62.94,0.539,3.6,11.2,3.1,1,0.261,2
1668,B4 SH,LUKE G U,2751.5,65.85,0.53,4.4,10.9,3.3,1,0.217,2
1669,B4 SH,LUKE G U,2752,68.59,0.53,4.4,10.9,3.4,1,0.174,2
1670,B4 SH,LUKE G U,2752.5,74.99,0.53,2.7,12.25,3.5,1,0.13,3
1671,B4 SH,LUKE G U,2753,79.04,0.539,3,14.5,3.6,1,0.087,3
1672,B4 SH,LUKE G U,2753.5,79.86,0.558,3.2,17.8,3.4,1,0.043,3
1673,B4 SH,LUKE G U,2754,79.11,0.61,7,17.7,3.2,1,0.01,3
1674,B4 LM,LUKE G U,2754.5,79.11,0.61,7,17.7,3.2,2,1,6
1675,B4 LM,LUKE G U,2755,73.93,0.689,7,14.1,3.2,2,0.857,8
1676,B4 LM,LUKE G U,2755.5,56.13,0.698,5.6,9.2,3.5,2,0.714,8
1677,B4 LM,LUKE G U,2756,30.61,0.698,4.2,6.4,4.1,2,0.571,8
1678,B4 LM,LUKE G U,2756.5,18.45,0.68,3.2,5.3,4.7,2,0.429,8
1679,B4 LM,LUKE G U,2757,19.36,0.562,3.7,5.55,5,2,0.143,8
1680,B5 SH,LUKE G U,2757.5,26.23,0.465,1.3,7.95,4.8,1,1,3
1681,B5 SH,LUKE G U,2758,31.45,0.427,-1.1,13.65,4.5,1,0.917,3
1682,B5 SH,LUKE G U,2758.5,39.85,0.371,-0.9,19.55,3.8,1,0.833,3
1683,B5 SH,LUKE G U,2759,55.71,0.362,-0.7,28.15,2.9,1,0.75,3
1684,B5 SH,LUKE G U,2759.5,65.46,0.343,-1.4,26.8,2.6,1,0.667,3
1685,B5 SH,LUKE G U,2760,68.77,0.343,-2.9,24.15,2.7,1,0.583,3
1686,B5 SH,LUKE G U,2760.5,73.83,0.343,1.1,20.65,2.9,1,0.5,3
1687,B5 SH,LUKE G U,2761,76.77,0.409,-1.1,21.85,3.1,1,0.417,3
1688,B5 SH,LUKE G U,2761.5,77.06,0.455,-2.4,22.9,3,1,0.333,3
1689,B5 SH,LUKE G U,2762,75.99,0.493,-3.3,23.45,2.9,1,0.25,3
1690,B5 SH,LUKE G U,2762.5,70.48,0.53,-4.2,23.9,2.8,1,0.167,3
1691,B5 SH,LUKE G U,2763,64.69,0.567,-5.8,24.6,2.7,1,0.083,3
1692,B5 LM,LUKE G U,2763.5,53.18,0.623,-4.6,22.6,2.6,2,1,8
1693,B5 LM,LUKE G U,2764,27.76,0.68,5,10.9,3.3,2,0.944,8
1694,B5 LM,LUKE G U,2764.5,24,0.651,6.8,9.4,3.8,2,0.917,8
1695,B5 LM,LUKE G U,2765,20.94,0.623,6.5,9.55,4.2,2,0.889,8
1696,B5 LM,LUKE G U,2765.5,20.62,0.586,5.8,10.4,4.3,2,0.861,8
1697,B5 LM,LUKE G U,2766,19.31,0.502,5.1,12.05,4.4,2,0.833,8
1698,B5 LM,LUKE G U,2766.5,18.91,0.409,4.8,13.5,4.5,2,0.806,8
1699,B5 LM,LUKE G U,2767,17.04,0.362,4.1,14.95,4.5,2,0.778,8
1700,B5 LM,LUKE G U,2767.5,15.6,0.296,4.1,16.15,4.5,2,0.75,8
1701,B5 LM,LUKE G U,2768,14.28,0.259,3.5,16.85,4.5,2,0.722,7
1702,B5 LM,LUKE G U,2768.5,13.53,0.226,2.5,15.95,4.5,2,0.694,7
1703,B5 LM,LUKE G U,2769,17.33,0.203,3.6,14.3,4.5,2,0.667,7
1704,B5 LM,LUKE G U,2769.5,22,0.194,5.7,13.15,4.4,2,0.639,7
1705,B5 LM,LUKE G U,2770,27.28,0.194,7.6,12.8,4.2,2,0.611,7
1706,B5 LM,LUKE G U,2770.5,34.55,0.194,11,15.3,3.9,2,0.583,7
1707,B5 LM,LUKE G U,2771,35.39,0.203,11.5,17.75,3.7,2,0.556,7
1708,B5 LM,LUKE G U,2771.5,35.46,0.212,10.4,18.5,3.6,2,0.528,7
1709,B5 LM,LUKE G U,2772,37.16,0.231,8.9,17.65,3.5,2,0.5,7
1710,B5 LM,LUKE G U,2772.5,42.1,0.259,6.4,14.5,3.5,2,0.472,7
1711,B5 LM,LUKE G U,2773,59.72,0.296,7.3,13.45,3.6,2,0.444,7
1712,B5 LM,LUKE G U,2773.5,83.87,0.352,7.3,12.55,3.8,2,0.417,7
1713,B5 LM,LUKE G U,2774,61.49,0.362,6,11.4,4.1,2,0.389,7
1714,B5 LM,LUKE G U,2774.5,29.36,0.38,6.3,10.55,4.2,2,0.361,7
1715,B5 LM,LUKE G U,2775,32.62,0.399,5.8,9.8,4.4,2,0.333,7
1716,B5 LM,LUKE G U,2775.5,33.41,0.418,5.7,9.75,4.5,2,0.306,7
1717,B5 LM,LUKE G U,2776,37.19,0.436,4.2,10.8,4.6,2,0.278,7
1718,B5 LM,LUKE G U,2776.5,39.56,0.452,4.2,12.3,4.7,2,0.25,7
1719,B5 LM,LUKE G U,2777,44.16,0.494,2.6,13.3,4.7,2,0.222,7
1720,B5 LM,LUKE G U,2777.5,56.62,0.531,0.5,13.85,4.7,2,0.194,7
1721,B5 LM,LUKE G U,2778,68.42,0.567,-0.4,13.2,4.5,2,0.167,6
1722,B5 LM,LUKE G U,2778.5,87.91,0.586,0.4,10.5,4.4,2,0.139,6
1723,B5 LM,LUKE G U,2779,90.81,0.633,1.9,7.55,4.5,2,0.111,6
1724,B5 LM,LUKE G U,2779.5,88.5,0.651,2,5.6,4.7,2,0.083,6
1725,B5 LM,LUKE G U,2780,92.21,0.661,1.8,4.3,4.8,2,0.056,6
1726,B5 LM,LUKE G U,2780.5,89.56,0.661,2,4.2,4.7,2,0.028,6
1727,B5 LM,LUKE G U,2781,78.51,0.642,1.5,5.05,4.5,2,0.01,6
1728,C SH,LUKE G U,2781.5,78.51,0.642,1.5,5.05,4.5,1,1,3
1729,C SH,LUKE G U,2782,80.19,0.614,1.2,9.4,4.2,1,0.982,3
1730,C SH,LUKE G U,2782.5,85.11,0.567,0.2,13,3.9,1,0.965,3
1731,C SH,LUKE G U,2783,86.97,0.549,0.7,16.65,3.4,1,0.947,3
1732,C SH,LUKE G U,2783.5,84.85,0.549,2.9,18.35,3.2,1,0.93,3
1733,C SH,LUKE G U,2784,80.37,0.549,5.2,19.5,3.1,1,0.912,3
1734,C SH,LUKE G U,2784.5,74.4,0.558,8.4,20.7,3,1,0.895,3
1735,C SH,LUKE G U,2785,74.77,0.558,9.2,20.3,3,1,0.877,3
1736,C SH,LUKE G U,2785.5,75.13,0.549,8.6,18.9,3.1,1,0.86,3
1737,C SH,LUKE G U,2786,74.23,0.549,8.9,17.95,3.2,1,0.842,3
1738,C SH,LUKE G U,2786.5,73.64,0.539,10,16.7,3.2,1,0.825,3
1739,C SH,LUKE G U,2787,74.34,0.533,10,16.9,3.3,1,0.807,3
1740,C SH,LUKE G U,2787.5,74.26,0.53,8.9,17.65,3.3,1,0.789,3
1741,C SH,LUKE G U,2788,73.78,0.53,6.7,18.75,3.2,1,0.772,3
1742,C SH,LUKE G U,2788.5,73.38,0.53,5.7,18.45,3.2,1,0.754,3
1743,C SH,LUKE G U,2789,72.69,0.53,5,18.1,3.1,1,0.737,3
1744,C SH,LUKE G U,2789.5,73.82,0.521,5.8,16.3,3.1,1,0.719,3
1745,C SH,LUKE G U,2790,77.1,0.493,7.6,15.5,3.2,1,0.702,3
1746,C SH,LUKE G U,2790.5,78.49,0.483,13,13.3,3.2,1,0.684,3
1747,C SH,LUKE G U,2791,78.59,0.465,14.3,14.25,3.3,1,0.667,3
1748,C SH,LUKE G U,2791.5,78.57,0.455,13.4,14.5,3.3,1,0.649,3
1749,C SH,LUKE G U,2792,76.44,0.436,13.1,14.45,3.4,1,0.632,3
1750,C SH,LUKE G U,2792.5,74.66,0.427,10.5,13.25,3.4,1,0.614,3
1751,C SH,LUKE G U,2793,74.76,0.418,10.1,13.45,3.4,1,0.596,3
1752,C SH,LUKE G U,2793.5,75.86,0.409,9.9,15.35,3.4,1,0.579,3
1753,C SH,LUKE G U,2794,77.96,0.409,7.7,17.05,3.4,1,0.561,3
1754,C SH,LUKE G U,2794.5,78.82,0.418,7.3,20.75,3.3,1,0.544,3
1755,C SH,LUKE G U,2795,79.34,0.446,4.9,22.25,3.2,1,0.526,2
1756,C SH,LUKE G U,2795.5,79.17,0.455,2.8,23.2,3.1,1,0.509,2
1757,C SH,LUKE G U,2796,76.21,0.483,1.3,22.65,3,1,0.491,2
1758,C SH,LUKE G U,2796.5,73.41,0.511,4.1,18.85,3,1,0.474,2
1759,C SH,LUKE G U,2797,70.99,0.53,9.7,15.35,3.1,1,0.456,2
1760,C SH,LUKE G U,2797.5,72.14,0.549,13.9,13.05,3.4,1,0.439,2
1761,C SH,LUKE G U,2798,70.4,0.614,12.3,13.25,3.6,1,0.386,2
1762,C SH,LUKE G U,2798.5,67.2,0.633,11.9,13.05,3.7,1,0.368,2
1763,C SH,LUKE G U,2799,67.15,0.642,11.7,12.65,3.7,1,0.351,2
1764,C SH,LUKE G U,2799.5,66.51,0.651,11.3,12.25,3.7,1,0.333,2
1765,C SH,LUKE G U,2800,66.45,0.651,10.8,11.9,3.7,1,0.316,2
1766,C SH,LUKE G U,2800.5,67.8,0.651,10.5,11.85,3.7,1,0.298,2
1767,C SH,LUKE G U,2801,69.34,0.651,10.1,12.05,3.7,1,0.281,3
1768,C SH,LUKE G U,2801.5,72.24,0.633,10.1,12.25,3.7,1,0.263,3
1769,C SH,LUKE G U,2802,75.96,0.614,8.8,14.7,3.7,1,0.246,3
1770,C SH,LUKE G U,2802.5,79.36,0.586,7.7,18.45,3.7,1,0.228,3
1771,C SH,LUKE G U,2803,81.47,0.567,0.4,24.1,3.5,1,0.211,3
1772,C SH,LUKE G U,2803.5,78.28,0.549,1.9,23.15,3.3,1,0.193,3
1773,C SH,LUKE G U,2804,75.1,0.53,3,20.4,3,1,0.175,3
1774,C SH,LUKE G U,2804.5,75.6,0.511,5.7,18.55,2.9,1,0.158,3
1775,C SH,LUKE G U,2805,77.08,0.521,9.5,16.25,3.1,1,0.14,3
1776,C SH,LUKE G U,2805.5,78.66,0.521,9.8,15.9,3.3,1,0.123,3
1777,C SH,LUKE G U,2806,79.17,0.521,9.5,15.55,3.3,1,0.105,3
1778,C SH,LUKE G U,2806.5,79.34,0.53,8.1,15.35,3.1,1,0.088,3
1779,C SH,LUKE G U,2807,80,0.538,1.6,19,2.7,1,0.07,3
1780,C SH,LUKE G U,2807.5,79.37,0.562,-7,25.6,1.8,1,0.053,3
1781,C SH,LUKE G U,2808,77.67,0.584,0.7,26.45,1,1,0.035,3
1782,C SH,LUKE G U,2808.5,75.52,0.606,3.9,25.05,0.2,1,0.018,3
1783,C LM,LUKE G U,2810.5,21.76,0.997,11.1,0.55,3.4,2,0.956,8
1784,C LM,LUKE G U,2811,18.63,1.063,5.1,3.55,4.6,2,0.941,6
1785,C LM,LUKE G U,2811.5,22.29,1.109,2.9,5.15,4.6,2,0.926,6
1786,C LM,LUKE G U,2812,26.95,1.137,3.4,5.5,4.5,2,0.912,6
1787,C LM,LUKE G U,2812.5,32.25,1.137,3.6,5.6,4.3,2,0.897,6
1788,C LM,LUKE G U,2813,33.61,1.137,3.1,5.15,4.3,2,0.882,6
1789,C LM,LUKE G U,2813.5,35.08,1.109,2.8,4.7,4.5,2,0.868,6
1790,C LM,LUKE G U,2814,33.38,1.072,2.6,4.5,4.6,2,0.853,6
1791,C LM,LUKE G U,2814.5,30.61,1.016,2,4.6,4.6,2,0.838,6
1792,C LM,LUKE G U,2815,29.09,0.979,1.2,5,4.6,2,0.824,6
1793,C LM,LUKE G U,2815.5,29.88,0.941,2.2,5.4,4.5,2,0.809,5
1794,C LM,LUKE G U,2816,34.23,0.932,4.3,5.15,4.3,2,0.794,5
1795,C LM,LUKE G U,2816.5,39.19,0.932,7,6.1,4.3,2,0.779,6
1796,C LM,LUKE G U,2817,43.79,0.932,9.1,6.55,4.3,2,0.765,6
1797,C LM,LUKE G U,2817.5,51.07,0.932,8.4,6.9,4.2,2,0.75,6
1798,C LM,LUKE G U,2818,49.55,0.955,5.7,5.75,4.2,2,0.735,6
1799,C LM,LUKE G U,2818.5,42.49,0.979,3.5,4.85,4.3,2,0.721,6
1800,C LM,LUKE G U,2819,48.45,1.007,3.5,5.05,4.4,2,0.706,6
1801,C LM,LUKE G U,2819.5,54.59,1.044,3.9,5.45,4.4,2,0.691,6
1802,C LM,LUKE G U,2820,56.75,1.053,3.5,5.45,4.5,2,0.676,6
1803,C LM,LUKE G U,2820.5,48.11,1.044,2.8,5.5,4.7,2,0.662,6
1804,C LM,LUKE G U,2821,41.37,1.016,2.3,5.65,4.7,2,0.647,6
1805,C LM,LUKE G U,2821.5,40.62,0.997,1.8,6,4.8,2,0.632,6
1806,C LM,LUKE G U,2822,43.16,0.988,1.7,6.35,4.8,2,0.618,6
1807,C LM,LUKE G U,2822.5,46.73,0.969,2.6,7.1,4.7,2,0.603,6
1808,C LM,LUKE G U,2823,51.04,0.96,3.7,8.15,4.5,2,0.588,6
1809,C LM,LUKE G U,2823.5,54.56,0.979,3.6,8.2,4.2,2,0.574,6
1810,C LM,LUKE G U,2824,53.58,1.007,3.4,7.8,3.9,2,0.559,6
1811,C LM,LUKE G U,2824.5,50,1.081,2.5,6.75,3.8,2,0.544,6
1812,C LM,LUKE G U,2825,46.51,1.1,0.7,5.35,3.8,2,0.529,6
1813,C LM,LUKE G U,2825.5,41.43,1.109,0.6,5.3,3.9,2,0.515,6
1814,C LM,LUKE G U,2826,40.19,1.081,0.6,5.4,3.9,2,0.5,6
1815,C LM,LUKE G U,2826.5,42.42,1.025,1,5.6,3.8,2,0.485,6
1816,C LM,LUKE G U,2827,61.67,1.025,3.7,7.05,3.9,2,0.471,6
1817,C LM,LUKE G U,2827.5,87.35,1.054,4.9,7.65,3.9,2,0.456,6
1818,C LM,LUKE G U,2828,105.98,1.072,6.3,8.35,4,2,0.441,6
1819,C LM,LUKE G U,2828.5,130,1.063,6.4,8.3,4.3,2,0.426,4
1820,C LM,LUKE G U,2829,165,1.044,0.8,5.2,4.4,2,0.412,4
1821,C LM,LUKE G U,2829.5,120,1.007,1.1,4.95,4.5,2,0.397,4
1822,C LM,LUKE G U,2830,105.14,0.988,1.7,4.95,4.6,2,0.382,6
1823,C LM,LUKE G U,2830.5,100.12,0.96,3,5.3,4.6,2,0.368,6
1824,C LM,LUKE G U,2831,123.09,0.913,5.1,6.65,4.6,2,0.353,6
1825,C LM,LUKE G U,2831.5,165,0.876,5.9,8.45,4.4,2,0.338,4
1826,C LM,LUKE G U,2832,172,0.857,9,10.8,4.4,2,0.324,4
1827,C LM,LUKE G U,2832.5,145,0.857,8.8,11.3,4.3,2,0.309,4
1828,C LM,LUKE G U,2833,105,0.988,7.7,11.85,4.3,2,0.294,6
1829,C LM,LUKE G U,2833.5,85.77,0.997,8.5,11.15,4.3,2,0.279,6
1830,C LM,LUKE G U,2834,58.49,0.988,1.2,5.6,4.5,2,0.265,6
1831,C LM,LUKE G U,2834.5,47.01,0.969,2,4.1,4.7,2,0.25,6
1832,C LM,LUKE G U,2835,44.86,0.913,2.1,3.95,4.8,1,0.235,3
1833,C LM,LUKE G U,2835.5,45.57,0.727,-1.4,5.8,4.7,1,0.221,3
1834,C LM,LUKE G U,2836,48.45,0.642,-5.6,9,4.5,1,0.206,3
1835,C LM,LUKE G U,2836.5,55.62,0.605,-15.4,18.1,3.9,1,0.191,3
1836,C LM,LUKE G U,2837,68.54,0.465,-11.8,22.5,3.4,1,0.176,3
1837,C LM,LUKE G U,2837.5,77.15,0.418,-8,25,2.7,1,0.162,3
1838,C LM,LUKE G U,2838,81.46,0.423,-2.4,24.4,2.5,1,0.147,3
1839,C LM,LUKE G U,2838.5,80.74,0.436,1.8,24.7,2.4,1,0.132,3
1840,C LM,LUKE G U,2839,83.61,0.567,12.2,29.4,2.4,1,0.118,3
1841,C LM,LUKE G U,2839.5,84.33,0.642,11,28.5,2.4,1,0.103,3
1842,C LM,LUKE G U,2840,79.48,0.689,7.7,26.15,2.5,2,0.074,8
1843,C LM,LUKE G U,2840.5,62.88,0.689,12.6,23.7,2.7,2,0.059,8
1844,C LM,LUKE G U,2841,41.04,0.633,13.7,10.65,3.2,2,0.044,8
1845,C LM,LUKE G U,2841.5,33.99,0.567,3.2,3.9,3.8,2,0.029,8
1846,C LM,LUKE G U,2842,30.81,0.493,3,4.2,4.9,2,0.015,8
