TopDepth,BotDepth,_CAL,_GR,_SP,_LLD,_LLS,_AC,_DEN,_PEF,Lith_Section
1418.43,1423.74,9.2464,85.8456,0.213678,4.18558,3.96436,96.6995,2.36852,0.320348,mudstone
1423.74,1424.49,9.26006,79.6388,0.0360985,4.67881,4.14882,97.7211,2.31695,0.322818,mudstone
1424.49,1425.51,9.05171,85.1687,0.25906,3.92548,3.46499,98.6472,2.36475,0.325061,mudstone
1425.51,1426.01,9.05171,91.7336,0.528532,4.29659,3.80541,98.1986,2.41255,0.32498,mudstone
1426.01,1428.03,9.05171,98.9214,0.273718,2.99611,2.49624,101.803,2.34965,0.326053,mudstone
1428.03,1428.54,9.05171,90.117,0.40056,5.76995,4.94811,94.2255,2.41883,0.326121,mudstone
1428.54,1429.42,9.04829,82.9822,0.25906,5.11495,4.48323,95.417,2.36223,0.32639,mudstone
1429.42,1431,8.87751,77.6832,0.281046,7.87134,7.47646,90.368,2.36978,0.325738,mudstone
1431,1432.01,8.84677,87.4093,0.485123,5.8207,6.04283,94.4054,2.37355,0.328846,mudstone
1432.01,1436.81,8.83823,112.311,0.567429,39.2844,49.0547,100.766,2.18487,0.331895,oil shale
1436.81,1438.07,9.77412,112.808,0.745008,5.42579,6.64567,106.268,2.27418,0.460279,mudstone
1438.07,1439.02,9.27714,112.929,0.493296,6.23463,6.97109,114.624,2.22135,0.58662,oil shale
1439.02,1439.65,10.792,106.077,0.615913,3.63208,3.74542,121.79,2.02009,0.582409,mudstone
1439.65,1440.53,11.0447,111.081,0.705549,4.80093,4.65269,106.37,2.19619,0.579885,mudstone
1440.53,1443.24,11.4939,110.87,0.678205,3.78274,3.49049,101.794,2.23141,0.575516,mudstone
1443.24,1445.27,10.1686,110.58,0.540936,5.60501,5.32601,102.938,2.2289,0.571227,mudstone
1445.27,1446.28,10.6195,110.74,0.719641,4.51228,4.34377,112.49,2.19745,0.566452,mudstone
1446.28,1446.84,10.0354,110.936,0.571095,6.30124,6.04733,89.1066,2.37229,0.562171,mudstone
1446.84,1448.74,11.1028,104.809,0.676798,3.23559,3.28654,98.4662,2.19619,0.558419,mudstone
1448.74,1449.56,10.0542,114.448,0.682434,5.63197,5.42049,105.797,2.17732,0.557525,mudstone
1449.56,1451.51,10.9781,109.473,0.676516,3.68441,3.69893,99.792,2.20877,0.556391,mudstone
1451.51,1452.2,10.8893,109.821,0.718513,6.63588,6.61418,83.7677,2.38613,0.556027,mudstone
1452.2,1455.46,10.1686,102.432,0.683563,4.46629,4.54321,102.239,2.24525,0.555753,mudstone
1455.46,1455.97,10.5887,108.471,0.53727,5.4813,5.54346,101.792,2.27544,0.561387,mudstone
1455.97,1456.6,10.5631,107.319,0.736835,4.32355,4.52672,98.3907,2.29305,0.567752,mudstone
1456.6,1456.97,10.155,98.3971,0.901449,5.12605,5.20454,102.943,2.26915,0.575592,mudstone
1456.97,1460.93,11.0618,108.742,0.736271,4.17447,4.2208,102.639,2.18236,0.583916,mudstone
1460.93,1462.12,10.9542,101.173,0.573067,5.14191,5.395,95.2738,2.20751,0.589602,mudstone
1462.12,1462.69,9.94831,110.332,0.756002,3.889,4.08733,107.414,2.08298,0.595599,mudstone
1462.69,1463.32,10.9747,123.365,0.810968,5.81435,5.73391,95.668,2.20374,0.602782,mudstone
1463.32,1463.88,10.4214,98.4521,0.659039,4.75969,5.10857,87.8385,2.27292,0.608939,mudstone
1463.88,1464.38,10.2882,109.741,0.578705,5.85718,6.1433,90.1936,2.29556,0.680656,mudstone
1464.38,1468.4,11.1916,103.7,0.710903,4.06346,4.1983,97.3936,2.10563,0.753153,mudstone
1468.4,1468.91,10.3104,106.36,0.873825,5.39566,5.30652,91.6072,2.25657,0.755384,mudstone
1468.91,1471.36,12.2675,109.011,0.689198,3.47983,3.4215,103.798,2.06663,0.759206,mudstone
1471.36,1472.24,10.6246,105.43,0.807022,7.36383,7.26951,89.1532,2.23393,0.760587,mudstone
1472.24,1472.61,11.8628,94.7539,0.677078,3.12457,3.48449,95.5714,2.05405,0.760947,mudstone
1472.61,1473.43,11.984,93.7846,0.512465,4.42506,4.47123,94.1134,2.09053,0.760328,mudstone
1473.43,1474.18,11.9652,109.412,0.640999,3.14202,3.20856,110.168,1.97984,0.761799,mudstone
1474.18,1474.94,10.3633,102.951,0.686661,4.93256,4.75466,109.379,2.19745,0.762084,mudstone
1474.94,1475.94,11.1677,104.609,0.112486,4.36162,4.08883,112.243,2.24399,0.763106,mudstone
1475.94,1476.76,10.4897,97.2328,0.48456,8.24245,8.05831,83.1858,2.45154,0.764543,mudstone
1476.76,1478.46,11.1011,98.2403,0.630287,3.87949,3.77091,98.5251,2.18865,0.767205,mudstone
1478.46,1479.47,10.6673,103.587,0.48625,5.27989,5.10407,114.537,2.17732,0.770945,mudstone
1479.47,1483.19,11.3436,105.458,0.53727,4.18082,4.14582,104.288,2.19997,0.776532,mudstone
1483.19,1484.51,10.3428,102.362,0.536423,6.24256,6.29176,104.637,2.21003,0.782028,mudstone
1484.51,1486.02,12.0985,105.923,0.493862,3.04369,3.22356,112.993,2.06537,0.787916,mudstone
1486.02,1486.71,10.8039,102.756,0.567148,7.28136,7.77788,85.4633,2.18739,0.793385,mudstone
1486.71,1487.53,12.3393,97.4955,0.606894,3.71296,4.18631,101.759,2.08173,0.789892,mudstone
1487.53,1488.04,9.22762,98.9257,0.702728,10.1377,9.82485,111.84,2.20248,0.78662,mudstone
1488.04,1488.79,10.377,110.42,0.707239,4.41554,4.55371,114.615,1.93833,0.665748,mudstone
1488.79,1489.42,9.96027,112.532,0.637899,7.44789,7.08206,104.474,2.19368,0.544974,mudstone
1489.42,1490.99,10.9406,114.087,0.457781,4.56938,4.35726,94.21,2.34085,0.541905,mudstone
1490.99,1492.51,10.0388,99.0412,0.690327,7.39555,6.9306,80.6397,2.50185,0.538365,mudstone
1492.51,1493.45,10.1823,99.0475,0.522329,5.56377,5.43249,91.3007,2.3006,0.535032,mudstone
1493.45,1494.96,9.33521,101.91,0.750366,7.23854,7.36699,109.117,2.28424,0.531203,mudstone
1494.96,1496.54,9.47354,95.934,0.33263,8.27576,8.32074,99.1547,2.17355,0.526089,mudstone
1496.54,1498.55,9.82364,104.676,0.69681,5.24975,5.35001,94.7585,2.32449,0.523305,mudstone
1498.55,1500,8.83823,96.8017,0.693144,14.4705,15.0975,107.996,2.22135,0.515713,siltstone
1500,1501.52,9.44622,105.201,0.764177,7.0181,8.13029,93.2861,2.28802,0.507315,mudstone
1501.52,1502.53,8.83823,91.9201,0.691736,32.8977,35.4053,65.7357,2.35594,0.4066,siltstone
1502.53,1506.19,9.23103,112.081,0.37632,4.8152,5.45348,104.034,2.3094,0.306532,mudstone
1506.19,1507.01,8.90142,91.2675,-0.2314,25.5341,21.4424,71.009,2.39997,0.304994,siltstone
1507.01,1508.02,8.83823,97.0739,-0.629684,10.577,10.4697,77.8292,2.37355,0.304467,silty mudstone
1508.02,1509.03,8.83823,84.8912,0.272873,12.8925,13.8978,77.073,2.36852,0.306014,muddy siltstone
1509.03,1509.97,8.84848,104.11,0.596745,9.98542,9.99731,90.4057,2.34462,0.30838,mudstone
1509.97,1510.98,8.86043,140.443,0.160122,9.49536,10.2852,104.692,2.28802,0.312027,silty mudstone
1510.98,1511.36,8.83823,97.7042,0.391823,12.7688,11.6814,70.2495,2.52198,0.314076,muddy siltstone
1511.36,1511.99,8.99706,93.6405,0.51162,7.75398,7.47796,77.4272,2.39494,0.316608,mudstone
1511.99,1512.44,9.0278,110.619,0.278511,10.2979,10.2432,76.8909,2.3572,0.317933,siltstone
1512.44,1514.02,8.97657,102.193,-0.383047,10.2709,10.1848,76.3679,2.36475,0.322363,muddy siltstone
1514.02,1514.84,8.66233,94.5028,0.504007,17.376,15.9943,71.3622,2.37733,0.324783,siltstone
1514.84,1515.47,8.85702,105.496,-0.133307,6.94673,6.44323,78.7342,2.39619,0.328789,mudstone
1515.47,1516.98,8.78529,91.7813,-0.149372,11.2685,10.1893,75.6994,2.38613,0.335866,siltstone
1516.98,1518.5,8.62305,104.232,-0.233089,8.60088,8.21877,78.863,2.41632,0.341891,mudstone
1518.5,1518.94,8.31735,94.8524,-0.836298,17.3236,15.8773,75.7716,2.32449,0.352158,siltstone
1518.94,1519.44,8.65721,101.299,-0.437729,8.34713,8.4857,78.2045,2.38865,0.367911,mudstone
1519.44,1520.01,8.73406,93.6288,0.250322,23.2075,20.3641,67.3836,2.47041,0.380839,siltstone
1520.01,1520.96,9.06537,92.3237,-2.45115,8.67859,8.36123,82.0399,2.39997,0.389043,mudstone
1520.96,1522.98,8.28319,81.4027,-2.18591,22.0783,21.3509,73.6074,2.2855,0.41211,siltstone
1522.98,1527.97,11.4529,107.831,1.15993,4.29183,4.09783,95.1105,2.28299,0.529044,mudstone
1527.97,1530,8.91679,118.168,1.36175,13.3096,14.5216,108.205,2.27544,0.35075,siltstone
1530,1530.82,11.2855,117.652,1.32313,4.32197,5.44898,117.248,1.87921,0.534656,mudstone
1530.82,1531.52,9.0705,120.06,1.32003,14.1153,16.0707,122.004,2.10563,0.52155,siltstone
1531.52,1532.72,9.47696,117.574,0.866497,3.67173,4.14132,106.724,2.3006,0.581844,mudstone
1532.72,1533.54,8.83823,134.68,0.63649,12.5737,11.9918,79.6514,2.4289,0.501153,siltstone
1533.54,1535.51,8.86727,102.113,0.666086,10.4184,9.16952,74.9899,2.43267,0.515032,muddy siltstone
1535.51,1536.01,8.93729,88.2398,0.786163,14.1311,12.2287,73.6685,2.3811,0.506663,siltstone
1536.01,1537.03,8.98681,104.191,0.709211,8.64529,7.59193,77.4461,2.3811,0.415967,silty mudstone
1537.03,1537.59,8.90142,107.191,0.954441,5.47337,5.02609,86.1095,2.44525,0.403945,mudstone
1537.59,1538.48,8.8519,101.111,1.06409,9.89185,9.54293,73.4431,2.44273,0.413904,muddy siltstone
1538.48,1539.49,8.88776,114.819,-2.76657,8.96406,8.37922,77.3928,2.45657,0.30842,mudstone
1539.49,1541.2,8.11412,83.8276,-2.32966,28.2049,26.2966,75.2397,2.23519,0.150445,siltstone
1541.2,1542.22,8.73918,104.442,0.214808,13.4761,13.0445,72.1206,2.37229,0.35776,silty mudstone
1542.22,1542.66,9.13198,102.211,-0.0197124,15.5854,15.3794,69.8909,2.37984,0.345672,siltstone
1542.66,1543.23,9.08074,106.464,0.675669,8.15364,9.10054,77.0119,2.41255,0.337414,mudstone
1543.23,1543.8,9.05171,120.71,1.36119,14.9051,15.3839,74.7978,2.36978,0.523924,siltstone
1543.8,1544.62,8.99706,119.984,1.23603,8.40422,9.2385,77.274,2.47041,0.522285,mudstone
1544.62,1545.44,8.83994,116.546,1.57259,52.3479,55.0967,58.2038,2.57984,0.52456,siltstone
1545.44,1546.01,9.06879,152.414,1.35977,6.91342,8.36423,81.8245,2.48676,0.539439,mudstone
1546.01,1546.71,9.03805,131.087,1.18473,9.65237,11.4759,75.1931,2.47041,0.540183,silty mudstone
1546.71,1547.53,8.97827,106.535,0.571939,9.68092,11.4084,73.6485,2.4528,0.389755,mudstone
1547.53,1548.48,8.84677,82.3285,0.798285,35.3354,36.6319,61.2163,2.48299,0.390264,siltstone
1548.48,1549.37,9.03634,128.425,0.163225,9.00689,9.2655,76.9087,2.43267,0.397732,mudstone
1549.37,1549.87,8.95095,132.215,0.186901,24.3685,21.6658,70.3406,2.40122,0.406544,siltstone
1549.87,1550.57,8.91167,89.903,-0.744408,12.1249,11.4054,72.5225,2.39494,0.412892,mudstone
1550.57,1551.14,8.39249,103.679,0.597591,15.3174,13.6534,72.2982,2.32953,0.262286,siltstone
1551.14,1552.53,8.84677,97.8102,-0.683805,11.1812,9.78886,72.396,2.40122,0.276818,mudstone
1552.53,1556,8.50862,89.045,-0.505661,19.59,17.5404,69.5655,2.36852,0.435405,siltstone
1556,1558.02,8.82628,117.68,1.25746,8.75789,8.79162,76.2979,2.45406,0.432942,mudstone
1558.02,1558.52,8.7443,107.852,1.42883,14.1708,14.6566,72.6991,2.4138,0.401225,muddy siltstone
1558.52,1559.28,8.68112,99.5475,0.533886,8.78327,9.41096,76.5067,2.42261,0.443412,mudstone
1559.28,1560.23,8.62476,105.589,-2.27949,20.3322,19.8138,66.5208,2.52953,0.448051,muddy siltstone
1560.23,1560.98,8.10729,103.362,-0.797117,41.9044,42.3905,67.2403,2.30185,0.440372,siltstone
1560.98,1561.99,8.2849,78.5879,0.614222,19.2569,19.4914,74.7667,2.32701,0.460627,mudstone
1561.99,1562.5,8.61451,109.788,1.61262,21.9657,20.1347,67.7689,2.38739,0.44998,siltstone
1562.5,1563.51,8.79041,118.297,0.600128,9.96163,8.95058,74.8677,2.42135,0.494288,mudstone
1563.51,1565.03,8.41811,98.8875,1.47112,14.8067,12.8901,73.2343,2.34965,0.500047,siltstone
1565.03,1567.05,9.22078,111.343,0.527403,8.71665,7.10455,78.2389,2.39494,0.33792,mudstone
1567.05,1569.19,8.24733,87.1932,0.14152,20.7065,17.3949,72.1994,2.30185,0.421167,siltstone
1569.19,1570.2,9.4872,110.276,1.99032,8.94028,8.55768,77.2862,2.36726,0.418207,mudstone
1570.2,1570.83,9.3113,104.017,2.14254,9.52073,9.82485,76.0126,2.40877,0.146426,silty mudstone
1570.83,1571.65,9.29422,101.865,1.92916,7.35273,8.11379,77.9647,2.47041,0.375401,mudstone
1571.65,1572.54,9.18663,74.361,2.18538,26.2637,27.9852,62.9508,2.48928,0.327272,siltstone
1572.54,1573.23,9.54527,93.0515,1.23688,11.6126,12.8856,73.6985,2.44022,0.337136,mudstone
1573.23,1574.05,9.28739,81.5827,2.03091,21.4646,21.6283,69.3068,2.40751,0.353502,siltstone
1574.05,1575.76,10.1191,111.547,1.95847,9.06557,9.89833,81.5191,2.34588,0.38564,mudstone
1575.76,1577.08,9.34545,87.9697,1.63037,22.7619,22.2671,67.579,2.405,0.317139,siltstone
1577.08,1578.03,9.56235,102.533,1.7062,8.52158,9.97032,81.1804,2.36726,0.45653,mudstone
1578.03,1578.85,9.27543,90.7802,1.51114,43.4158,46.6584,63.9102,2.52072,0.281491,siltstone
1578.85,1579.55,9.27885,84.4706,0.0921917,19.3108,21.2384,67.1204,2.49682,0.281523,mudstone
1579.55,1580.74,9.27885,55.2044,0.824781,113.728,109.906,53.6866,2.54336,0.466709,siltstone
1580.74,1582.51,9.52648,105.284,1.46999,12.293,14.4976,75.8682,2.38865,0.454586,mudstone
1582.51,1583.27,9.06537,74.3028,-0.0628395,58.5506,55.1687,59.2242,2.46915,0.470731,siltstone
1583.27,1583.78,9.25836,84.5956,0.527685,15.4538,17.2824,68.1975,2.42135,0.469187,silty mudstone
1583.78,1584.41,9.27885,92.0207,1.93818,18.8842,21.2354,74.5713,2.33582,0.461826,siltstone
1584.41,1584.53,9.27885,84.0797,1.79245,11.527,13.3519,76.7621,2.40374,0.326079,mudstone
1584.53,1585.1,9.38473,102.563,1.4993,8.05848,9.2625,79.8801,2.43519,0.479428,mudstone
1585.1,1586.55,9.30617,88.0131,1.60557,21.4598,22.6376,65.9345,2.44525,0.450343,siltstone
1586.55,1587.56,9.25665,99.2774,2.51968,6.65808,8.32974,79.8402,2.46915,0.461935,mudstone
1587.56,1588.01,9.16613,113.357,2.27558,9.3098,10.3752,73.8617,2.5094,0.319176,silty mudstone
1588.01,1590.09,8.9834,116.371,-1.61652,9.68092,10.0258,75.3219,2.39619,0.0425914,mudstone
1590.09,1592.99,7.92114,75.0528,-2.75529,24.3558,21.7993,74.518,2.22638,-0.0587242,siltstone
1592.99,1594.19,9.23103,98.5846,1.90633,10.2297,8.97307,74.3247,2.42387,-0.0508755,mudstone
1594.19,1594.76,9.49233,102.895,2.45147,13.4936,11.7639,73.2476,2.38361,-0.137056,silty mudstone
1594.76,1595.96,9.49233,102.657,2.14958,8.48828,7.319,75.494,2.47041,0.0704366,mudstone
1595.96,1596.97,9.49233,101.523,1.15034,11.0163,9.258,72.8179,2.43519,0.182501,silty mudstone
1596.97,1597.54,9.29764,96.9637,0.604637,11.113,9.31798,72.4848,2.43644,0.39215,mudstone
1597.54,1598.17,8.69478,92.8131,1.01138,16.4133,13.3474,73.3609,2.33078,0.370699,siltstone
1598.17,1598.99,9.01072,94.7698,-0.719603,12.3691,10.4442,73.0211,2.39871,0.41556,silty mudstone
1598.99,1600.32,8.81603,91.2209,1.32426,17.0524,15.153,72.8512,2.37984,0.456149,siltstone
1600.32,1601.01,9.96198,170.386,2.24288,7.28454,7.40448,79.2461,2.38361,0.467057,mudstone
1601.01,1601.52,9.70922,140.652,2.2877,8.89587,9.50244,81.3714,2.33959,0.468676,muddy siltstone
1601.52,1602.66,9.69043,118.168,2.2178,5.11178,5.83588,79.607,2.37733,0.638638,mudstone
1602.66,1603.23,9.04488,98.4331,1.78174,17.5948,16.4426,64.8851,2.47292,0.503791,siltstone
1603.23,1604.05,9.04488,135.456,1.01758,12.2581,12.0773,71.5687,2.43016,0.512554,silty mudstone
1604.05,1605.06,9.03976,89.9422,1.42996,13.9773,14.0987,73.4253,2.36852,0.49824,siltstone
1605.06,1606.52,8.97315,106.197,1.62755,9.97749,9.30149,73.1655,2.44273,0.516756,mudstone
1606.52,1609.11,8.69307,95.0675,-0.727213,14.3214,12.7491,69.912,2.38739,0.312302,silty mudstone
1609.11,1611.08,8.16365,74.4659,0.363918,24.7491,22.5116,72.9234,2.31569,0.502923,siltstone
1611.08,1613.1,9.05,112.328,1.22025,8.62784,7.97733,72.9345,2.44902,0.154785,mudstone
1613.1,1615.13,9.05,96.4446,0.631134,12.883,11.353,70.5382,2.4138,0.148618,siltstone
1615.13,1616.14,8.7665,94.007,-2.05258,12.404,11.11,71.4854,2.34085,0.191445,silty mudstone
1616.14,1617.28,8.11583,80.4778,-2.35644,15.2936,14.0148,73.3676,2.30563,0.0696439,siltstone
1617.28,1618.04,8.00311,84.8403,-1.86203,15.0319,14.0103,73.9561,2.31443,0.425444,silty mudstone
1618.04,1618.92,8.22513,91.973,-0.430964,16.5481,15.4784,72.7235,2.32575,0.397841,siltstone
1618.92,1619.62,8.55815,158.794,-0.54907,11.7601,11.038,72.7824,2.3899,0.114833,silty mudstone
1619.62,1620.32,8.3293,161.817,-0.567955,14.4293,13.2275,74.2626,2.35846,0.190383,siltstone
1620.32,1621.01,8.60085,161.468,-0.0498714,13.9662,13.1525,70.4261,2.37607,0.625839,silty mudstone
1621.01,1621.58,8.65208,133.669,0.706675,18.6432,17.2779,71.8407,2.36475,0.450134,siltstone
1621.58,1622.53,8.96632,167.609,1.27296,13.0669,12.2557,71.682,2.41883,0.273807,silty mudstone
1622.53,1623.04,9.8356,124.768,2.08644,16.8003,15.042,70.4205,2.43896,0.279165,siltstone
1623.04,1624.56,11.1199,111.031,1.44856,7.75081,7.44497,75.3852,2.32575,0.256751,mudstone
1624.56,1625,9.51453,82.6824,2.02246,15.2254,14.7481,71.23,2.31443,0.386612,siltstone
1625,1626.01,9.56918,105.845,1.00264,10.2598,9.75287,74.2192,2.38487,0.702282,mudstone
1626.01,1627.53,8.92021,69.8629,0.525431,28.5855,28.0062,64.6009,2.46034,0.845328,siltstone
1627.53,1628.35,9.15076,96.3768,2.01034,10.8704,12.4342,73.9294,2.40248,0.567298,mudstone
1628.35,1628.91,9.25494,94.2337,2.48248,13.2065,15.5384,72.3204,2.36852,0.614768,siltstone
1628.91,1630.05,9.50599,128.287,1.58499,9.14645,10.4292,74.8677,2.50185,0.599395,mudstone
1630.05,1631.82,9.06367,109.249,0.9753,16.1548,15.9553,68.1397,2.4528,0.581146,siltstone
1631.82,1635.04,9.2242,103.963,1.41897,11.5745,9.61191,73.9661,2.41632,0.511676,silty mudstone
1635.04,1637.63,9.12344,113.202,1.15345,8.03787,6.82113,77.9291,2.4377,0.495412,mudstone
1637.63,1638.32,8.70502,96.8811,0.165762,24.4557,21.7738,68.8537,2.39997,0.472597,siltstone
1638.32,1639.27,8.60597,99.4713,-2.92131,11.454,11.05,73.2099,2.45909,0.398159,mudstone
1639.27,1640.03,8.90142,72.6946,0.454679,22.8301,24.0037,70.7537,2.38865,0.379391,siltstone
1640.03,1641.48,9.18834,116.031,1.0982,7.24647,8.03731,84.0408,2.405,0.443204,mudstone
1641.48,1642.49,9.05171,90.3014,1.7699,60.7313,67.5315,58.4059,2.57481,0.38258,mudstone
1642.49,1643.56,9.27031,145.491,0.840282,8.52951,10.1563,80.9561,2.43141,0.371153,mudstone
1643.56,1644.07,8.8741,93.8937,-0.918041,38.2836,34.522,64.2111,2.42387,0.261405,siltstone
1644.07,1644.57,8.57523,87.5756,-0.0681934,16.1992,17.5868,71.8885,2.366,-0.111877,mudstone
1644.57,1645.27,8.29686,85.9685,1.60754,17.5695,19.3564,74.5313,2.31695,0.129873,siltstone
1645.27,1646.53,8.98169,114.557,-0.415178,12.6482,12.3562,75.4363,2.48299,0.420556,mudstone
1646.53,1647.22,8.73235,84.9505,-0.409542,45.6187,40.0001,63.788,2.43519,0.415518,siltstone
1647.22,1648.8,8.99194,102.35,0.956133,11.9425,11.098,75.3274,2.34965,0.409263,mudstone
1648.8,1649.31,8.83823,93.4456,1.23603,15.1905,12.7761,72.6769,2.35846,0.46228,silty mudstone
1649.31,1650,8.89288,108.606,1.24224,11.5841,9.71838,73.664,2.41255,0.478041,mudstone
1650,1651.2,8.12949,81.7766,1.23519,21.398,18.0862,75.5062,2.29305,0.334877,siltstone
1651.2,1653.48,9.23445,101.183,1.24224,10.19,9.34048,76.2768,2.41506,0.32695,mudstone
1653.48,1654.43,9.38473,64.6074,1.24054,26.9282,27.4798,70.7148,2.34714,0.337708,siltstone
1654.43,1655,10.1464,101.146,1.23011,5.90634,6.9171,81.9089,2.38361,0.369069,mudstone
1655,1655.51,9.78607,103.692,1.23913,14.894,15.7033,71.7608,2.44399,0.398862,siltstone
1655.51,1656.46,9.88512,112.422,1.23152,4.55035,5.96335,88.2493,2.4138,0.425762,mudstone
1656.46,1656.96,9.21566,110.714,1.22645,8.20598,9.67189,79.4782,2.47041,0.445786,muddy siltstone
1656.96,1657.53,9.05513,117.021,1.23096,5.59866,6.95309,85.1635,2.44022,0.500583,mudstone
1657.53,1659.37,9.16272,87.8765,1.23462,30.1937,28.759,65.2527,2.46412,0.477883,siltstone
1659.37,1660.51,9.27885,90.5058,1.2366,11.2082,10.3152,75.6261,2.39745,0.502237,mudstone
1660.51,1661.52,9.29422,103.567,1.2318,11.6507,11.116,75.7383,2.39871,0.503142,silty mudstone
1661.52,1662.41,9.41889,114.188,1.23096,9.53977,8.69415,76.2147,2.45406,0.504688,mudstone
1662.41,1663.04,9.15247,94.0791,1.22589,18.0231,16.7381,66.6363,2.51443,0.517601,siltstone
1663.04,1664.3,9.21224,111.191,1.22701,6.5772,7.05507,81.4936,2.44902,0.514797,mudstone
1664.3,1665,9.15759,113,1.22278,16.1564,17.083,68.9803,2.5333,0.457533,siltstone
1665,1665.82,10.1532,117.332,1.2194,5.1546,6.00684,83.8465,2.33204,0.421009,mudstone
1665.82,1666.52,9.14905,99.8569,2.49093,28.8583,29.1474,65.1849,2.49053,0.469629,mudstone
1666.52,1667.03,9.58455,123.928,-16.8041,5.79849,6.78814,82.4274,2.42009,0.0765162,mudstone
1667.03,1668.04,9.09441,98.2742,-19.578,30.4871,31.2903,64.0479,2.50311,0.0358483,mudstone
1668.04,1670,10.1037,138.133,-19.3291,4.88657,5.51946,91.6083,2.4138,0.235076,mudstone
1670,1672.22,9.06708,82.2872,-21.5841,50.9919,48.6198,62.1158,2.4528,0.199444,siltstone
1672.22,1673.16,9.36766,111.19,-19.9222,12.6673,12.2512,75.5662,2.45531,0.468485,mudstone
1673.16,1673.99,9.27031,124.677,-19.7821,15.338,16.3377,69.6344,2.45783,0.516105,mudstone
1673.99,1674.68,10.3701,117.809,-19.4323,6.31393,7.16754,78.9596,2.21129,0.486979,mudstone
1674.68,1675,9.57601,109.533,-19.0927,8.30431,8.66715,74.1371,2.41506,0.489174,mudstone
1675,1675.51,10.0662,112.263,-19.1005,4.24426,4.96461,85.3145,2.39494,0.4667,mudstone
1675.51,1676.2,10.2079,120.366,-19.1868,5.42262,5.97834,83.2558,2.37229,0.487175,mudstone
1676.2,1676.52,10.2352,126.972,-19.3272,5.6732,6.74165,82.433,2.41758,0.494081,mudstone
1676.52,1677.21,10.2728,108.768,-19.3263,8.7008,9.88034,75.8049,2.366,0.485775,mudstone
1677.21,1677.84,11.8372,111.78,-19.2054,3.93024,4.88813,87.894,2.24777,0.50757,mudstone
1677.84,1678.54,10.1379,113.049,-18.8773,14.285,15.5234,72.6158,2.38236,0.670654,mudstone
1678.54,1679.42,10.4316,109.882,-19.069,6.84523,7.66991,80.5664,2.29431,0.560851,mudstone
1679.42,1680.56,9.9671,100.889,-19.0518,7.35115,8.8546,78.6964,2.37984,0.57615,mudstone
1680.56,1681.57,9.43084,99.4035,-18.7541,13.833,15.9178,70.1418,2.40626,0.66535,mudstone
1681.57,1682.26,11.8816,128.929,-18.7589,3.7193,4.62869,88.8656,2.12575,0.727187,mudstone
1682.26,1683.02,10.5256,129.198,-18.9678,6.02053,7.28151,79.6292,2.36978,0.616894,mudstone
1683.02,1683.84,10.8739,133.499,-18.8294,7.84438,9.02406,87.5042,2.41758,0.597979,mudstone
1683.84,1684.53,9.86292,94.9975,-18.4959,27.377,28.5715,63.1418,2.57607,0.586263,mudstone
1684.53,1685.04,10.6912,142.49,-18.8474,3.79543,4.25679,94.3721,2.38739,0.602815,mudstone
1685.04,1685.61,9.9449,125.797,-18.7674,8.96882,8.57268,79.2083,2.47544,0.780924,mudstone
1685.61,1686.55,9.84243,125.357,-18.7617,6.35992,6.23328,84.4028,2.42135,0.707178,mudstone
1686.55,1687.5,9.3779,130.446,-18.7784,7.8983,7.46146,82.7639,2.50437,0.805181,mudstone
1687.5,1689.52,10.2523,129.58,-19.0019,4.1602,4.09933,91.0087,2.37355,0.647084,mudstone
1689.52,1690.21,10.2882,101.162,-18.9055,6.89439,6.97859,76.2791,2.31443,0.621321,mudstone
1690.21,1691.04,11.6886,117.28,-18.994,6.26635,6.88261,88.2415,2.24525,0.536602,mudstone
1691.04,1691.73,9.47696,90.8734,-18.7248,21.2251,22.4411,65.6202,2.48676,0.554828,mudstone
1691.73,1694.57,11.1779,125.659,-19.0149,4.76445,5.67392,89.1043,2.35972,0.629419,mudstone
1694.57,1695.27,10.0013,99.0263,-18.583,16.3023,18.2422,69.0514,2.49179,0.638657,mudstone
1695.27,1696.21,10.0815,134.517,-18.8268,7.30832,8.38972,80.3543,2.45783,0.689699,mudstone
1696.21,1697.03,9.19517,107.314,-18.7786,17.6297,18.2932,69.4944,2.52953,0.587732,mudstone
1697.03,1697.73,9.45646,144.289,-19.1225,11.481,11.7684,76.8865,2.4855,0.624198,mudstone
1697.73,1698.48,9.05683,97.0771,-19.5304,22.1148,23.1279,68.8249,2.48424,0.618045,mudstone
1698.48,1698.99,9.11661,117.914,-19.4811,14.3611,14.8426,68.9037,2.4855,0.495733,muddy siltstone
1698.99,1701.01,9.77924,125.651,-18.8198,15.2222,15.7813,72.7735,2.53582,0.646131,mudstone
1701.01,1702.47,9.99272,139.986,-18.8226,4.67881,5.3665,81.377,2.42512,0.395729,mudstone
1702.47,1702.97,10.1891,137.871,-18.952,6.86267,7.48096,91.2763,2.46915,0.504615,mudstone
1702.97,1703.48,10.2626,122.894,-19.0563,3.99843,4.66468,81.4691,2.31821,0.495207,mudstone
1703.48,1703.92,10.2284,122.385,-18.9464,6.49473,6.83312,91.1841,2.3006,0.656878,mudstone
1703.92,1704.43,10.4197,124.98,-18.9278,6.05859,6.79563,79.5892,2.35343,0.642254,mudstone
1704.43,1705.95,9.98247,120.061,-18.9624,9.47791,9.78586,77.6038,2.45783,0.643601,mudstone
1705.95,1707.15,10.9781,130.93,-18.8674,3.56071,3.89988,87.2677,2.45657,0.51309,mudstone
1707.15,1708.16,10.8073,132.969,-19.0819,5.22914,5.60194,93.0629,2.48676,0.616418,mudstone
1708.16,1710.63,10.7356,142.643,-18.939,4.93098,5.35601,86.0729,2.46663,0.651175,mudstone
1710.63,1711.33,9.93294,131.875,-18.9108,10.2963,10.1983,85.0358,2.38361,0.67573,mudstone
1711.33,1711.84,9.6392,130.058,-18.8294,5.79691,6.41023,79.7347,2.34336,0.634886,mudstone
1711.84,1712.47,9.05513,126.292,-18.8226,7.68896,8.31474,83.6322,2.51192,0.556396,mudstone
1712.47,1713.48,10.3001,133.039,-18.9878,5.89365,6.08182,85.5932,2.32449,0.57676,mudstone
1713.48,1714.49,9.70751,102.002,-18.6622,19.2363,18.5781,70.6981,2.52072,0.561378,mudstone
1714.49,1717.72,11.195,146.383,-18.9915,3.95878,4.2013,94.7041,2.33582,0.732145,mudstone
1717.72,1718.29,10.6075,127.247,-18.8663,9.25905,10.6316,85.7031,2.51821,0.742726,mudstone
1718.29,1719.24,10.1345,123.397,-18.9709,7.29405,9.12004,79.2594,2.44777,0.730567,mudstone
1719.24,1720,10.406,110.686,-18.5464,23.1251,23.5868,70.7359,2.49053,0.671549,mudstone
1720,1722.72,10.2865,128.197,-18.6972,4.56938,4.5882,91.1353,2.42135,0.668569,mudstone
1722.72,1723.23,10.1191,126.44,-18.8229,6.93563,6.09232,92.4045,2.50689,0.667248,mudstone
1723.23,1724.05,9.89195,128.02,-18.4032,5.95868,5.30352,87.5453,2.48173,0.649787,mudstone
1724.05,1724.56,10.1806,156.007,-18.4294,8.50731,7.17504,80.543,2.56601,0.639907,mudstone
1724.56,1726.71,10.7681,136.976,-18.4559,3.96989,3.91938,93.3539,2.40374,0.665284,mudstone
1726.71,1729.49,9.66481,122.213,-18.313,9.03543,9.86234,77.1885,2.50185,0.613015,mudstone
1729.49,1731.52,10.406,138.288,-18.3059,4.56303,5.24503,93.637,2.41506,0.622939,mudstone
1731.52,1731.96,9.97222,136.938,-18.2778,9.39227,9.08105,76.1369,2.49808,0.647399,mudstone
1731.96,1732.97,9.84243,135.818,-18.4133,6.27745,6.06682,82.4008,2.5094,0.614894,mudstone
1732.97,1733.99,9.30447,126.573,-18.2273,12.1788,11.29,72.3782,2.5245,0.579603,mudstone
1733.99,1735,9.45646,110.723,-18.0376,9.36214,8.31774,78.7531,2.52198,0.54926,mudstone
1735,1738.04,9.60504,130.455,-18.3584,4.98966,4.79965,90.5823,2.45909,0.556415,mudstone
1738.04,1738.8,9.20883,120.486,-18.6157,6.36468,6.70266,82.4418,2.46915,0.534761,mudstone
1738.8,1739.3,10.5905,127.056,-18.4269,6.25842,6.69516,82.2486,2.23141,0.568804,mudstone
1739.3,1739.94,10.3377,127.719,-18.2499,10.6785,11.8928,73.6563,2.48802,0.674887,mudstone
1739.94,1740.38,9.99442,136.794,-18.2194,4.43933,5.73541,89.3142,2.37733,0.632254,mudstone
1740.38,1741.77,10.2899,141.36,-18.2628,6.36151,7.19903,84.8503,2.42261,0.688869,mudstone
1741.77,1744.05,10.3394,137.832,-18.3482,4.52656,4.96161,90.7588,2.41883,0.606976,mudstone
1744.05,1744.49,10.0354,138.515,-18.3572,9.49853,9.09904,73.7395,2.5333,0.705316,mudstone
1744.49,1745,9.61017,127.697,-18.2851,5.95233,6.1538,80.5519,2.49934,0.63146,mudstone
1745,1746.01,9.76728,128.965,-18.167,7.67627,7.73289,77.9847,2.51066,0.600994,mudstone
1746.01,1747.85,10.4538,139.537,-18.3423,4.86119,5.0066,87.3354,2.49179,0.621858,mudstone
1747.85,1749.05,9.25836,129.791,-18.5749,10.9053,11.2135,72.3893,2.50311,0.664996,siltstone
1749.05,1749.81,9.14905,128.414,-18.8212,9.36214,9.57592,74.2437,2.47544,0.571768,mudstone
1749.81,1750.51,9.12173,118.159,-19.5648,26.9139,25.2529,64.371,2.49179,0.658432,siltstone
1750.51,1751.52,9.2891,118.768,-19.9941,10.3803,10.2447,76.1047,2.41255,0.557024,mudstone
1751.52,1752.15,9.06367,111.618,-21.4829,18.4766,17.6768,69.0347,2.41632,0.503039,siltstone
1752.15,1753.61,9.08416,89.5111,-22.1496,12.2629,12.4477,75.0854,2.35846,0.498855,muddy siltstone
1753.61,1754.49,9.05171,86.8499,-21.0931,11.4651,11.7234,75.6761,2.44651,0.54624,mudstone
1754.49,1756.52,9.05171,109.835,-24.364,57.9384,57.916,66.9261,2.4616,0.534086,siltstone
1756.52,1757.53,9.01072,117.946,-21.5348,15.3777,16.2642,73.5741,2.08298,0.605329,mudstone
1757.53,1758.48,8.93046,133.923,-20.6156,22.9316,22.3976,66.5141,1.43392,0.567037,siltstone
1758.48,1763.04,9.4206,104.304,-18.6349,7.42886,7.57243,79.6625,2.00122,0.616248,mudstone
1763.04,1764.05,9.05683,100.093,-18.4458,28.4047,28.4785,63.2151,2.47167,0.258244,siltstone
1764.05,1764.81,9.15076,128.378,-18.4274,12.7513,13.187,72.1017,2.44399,0.216329,mudstone
1764.81,1765.51,9.12856,96.0866,-18.6915,14.4848,14.7616,69.6932,1.64022,0.477051,muddy siltstone
1765.51,1766.33,9.05171,116.439,-18.4872,8.51841,8.8651,76.158,2.38236,0.289244,mudstone
1766.33,1767.03,8.97827,80.5043,-18.4934,27.4214,26.748,61.8359,2.50311,0.52755,siltstone
1767.03,1768.23,9.10807,122.553,-18.05,6.36627,6.45822,82.4618,2.43896,0.525761,mudstone
1768.23,1768.8,9.05171,115.635,-17.9251,7.164,6.95909,81.1915,2.48802,0.528718,silty mudstone
1768.8,1770,9.05683,124.06,-18.2794,4.98173,4.96461,86.5026,2.49556,0.577608,mudstone
1770,1771.01,9.16955,123.014,-18.136,5.49399,5.57645,84.8859,2.4616,0.514439,silty mudstone
1771.01,1771.52,9.47183,127.694,-17.9381,4.60903,4.79215,91.5672,2.37607,0.48998,mudstone
1771.52,1772.22,9.25323,112.303,-17.9824,7.89196,8.05381,78.9174,2.45909,0.61965,silty mudstone
1772.22,1774.81,8.99194,124.771,-17.9271,5.46386,5.94985,89.0377,2.46915,0.478309,mudstone
1774.81,1775.19,9.04829,101.435,-17.8132,15.4633,14.9745,70.3806,2.51318,0.588952,muddy siltstone
1775.19,1776.02,9.05171,113.544,-17.9187,7.88561,8.16478,84.646,2.47795,0.515294,mudstone
1776.02,1776.59,9.05171,106.001,-17.7538,13.0812,12.8481,71.1801,2.5333,0.585514,muddy siltstone
1776.59,1777.47,9.05171,113.881,-17.8575,7.18303,7.36099,81.1793,2.47921,0.505963,mudstone
1777.47,1778.17,9.05342,112.47,-18.0235,7.67468,8.01482,82.2986,2.48802,0.513642,silty mudstone
1778.17,1779.38,8.91679,126.872,-17.8499,5.12763,5.48347,95.4981,2.44651,0.564939,mudstone
1779.38,1780.01,8.99535,117.633,-17.6813,9.41924,9.79186,80.0145,2.5245,0.569152,muddy siltstone
1780.01,1781.15,8.94753,126.385,-17.9886,5.47655,6.00084,91.1564,2.47167,0.569572,mudstone
1781.15,1781.98,8.83823,98.8378,-17.6774,20.44,21.7618,67.7389,2.55468,0.589929,siltstone
1781.98,1783.95,8.85702,121.893,-18.0176,6.48046,7.17654,85.8286,2.47795,0.482034,mudstone
1783.95,1785.22,8.84848,67.4052,-19.3052,45.5949,47.3182,63.6825,2.48047,0.310316,siltstone
1785.22,1786.17,9.02438,93.3142,-18.934,9.69043,10.2747,80.4764,2.41506,0.273763,mudstone
1786.17,1787.5,9.03292,104.545,-17.7898,9.26698,9.69739,79.9867,2.48802,0.352474,silty mudstone
1787.5,1791.18,9.04488,119.81,-17.2072,6.45984,6.56169,91.6105,2.46663,0.398776,mudstone
1791.18,1792.39,8.97315,121.685,-16.611,6.35199,6.24228,94.4865,2.45531,0.382443,silty mudstone
1792.39,1794.48,8.9185,122.001,-16.5104,5.52254,5.44298,92.4111,2.48299,0.539016,mudstone
1794.48,1794.99,8.83823,130.052,-16.602,7.96333,7.95634,82.7783,2.53707,0.467274,silty mudstone
1794.99,1797.53,8.83823,127.211,-16.6282,5.13556,5.59894,96.6707,2.44148,0.364871,mudstone
1797.53,1798.41,8.84165,90.7982,-16.4399,21.6137,23.5073,71.2656,2.50563,0.539625,siltstone
1798.41,1800.25,8.86556,122.037,-16.4368,8.17902,9.49494,98.4396,2.44148,0.54844,mudstone
1800.25,1802.02,8.83823,94.0833,-16.0476,26.0829,27.4768,71.9396,2.49682,0.492096,siltstone
1802.02,1802.53,8.83823,117.309,-15.9754,9.6825,10.6706,88.0494,2.46034,0.479419,mudstone
1802.53,1803.03,8.83823,116.358,-16.0242,11.0575,11.5584,86.4515,2.48676,0.399608,silty mudstone
1803.03,1803.72,8.83823,116.918,-16.4304,7.6493,8.30574,83.892,2.46663,0.466076,mudstone
1803.72,1804.48,8.83823,110.658,-16.0851,11.4572,11.8028,78.6065,2.49556,0.42109,silty mudstone
1804.48,1806,8.83823,119.846,-16.1736,9.69202,10.1938,85.4877,2.46412,0.155054,mudstone
1806,1807.01,8.83823,102.856,-16.0118,23.945,25.0759,70.9124,2.52953,0.158983,siltstone
1807.01,1808.02,8.83823,126.292,-16.1085,6.77386,8.0898,93.2384,2.44651,0.175852,mudstone
1808.02,1809.03,8.83823,110.339,-16.2849,13.1351,15.3284,82.8294,2.46663,0.306327,muddy siltstone
1809.03,1809.97,8.83823,92.1425,-16.1389,24.4938,24.842,66.8572,2.52701,0.201442,siltstone
1809.97,1811.55,8.83823,103.465,-15.9895,15.0811,15.4664,72.3837,2.49808,0.178125,muddy siltstone
1811.55,1812.82,8.83823,103.685,-16.1569,11.7046,11.2735,80.5331,2.46915,0.172296,silty mudstone
1812.82,1813.83,8.83823,100.428,-15.919,14.7274,14.4002,73.7074,2.49179,0.192742,siltstone
1813.83,1815.03,8.83823,129.197,-16.3605,6.39799,6.25877,95.487,2.46286,0.130405,mudstone
1815.03,1815.59,8.83823,109.741,-15.9639,15.1128,14.1557,79.4127,2.53079,0.111863,muddy siltstone
1815.59,1816.41,8.83823,122.099,-16.1138,6.97052,7.29051,82.2542,2.49934,0.14106,mudstone
1816.41,1817.05,8.83823,111.741,-16.153,9.49695,9.67339,81.1804,2.51318,0.0815395,silty mudstone
1817.05,1818.06,8.95095,120.876,-16.3472,9.75704,9.79036,84.1363,2.50185,0.0320731,mudstone
1818.06,1818.81,8.95778,109.144,-15.7936,14.6339,14.0058,76.8443,2.51821,0.479449,muddy siltstone
1818.81,1819.51,8.83823,112.97,-16.1203,7.92685,8.28175,87.6375,2.46412,0.449882,mudstone
1819.51,1821.53,8.83823,110.018,-16.3433,9.44461,10.5282,82.2686,2.49179,0.502619,silty mudstone
1821.53,1822.22,8.83823,135.517,-16.1693,7.66992,9.05255,93.6359,2.44148,0.501484,mudstone
1822.22,1823.99,8.83823,100.746,-15.9004,14.6783,16.7351,79.768,2.48299,0.512989,muddy siltstone
1823.99,1824.75,8.83823,117.452,-15.8593,12.921,15.0735,87.6797,2.43896,0.516977,silty mudstone
1824.75,1825.5,8.83823,81.9726,-15.0272,51.16,50.4179,66.4508,2.5333,0.491407,siltstone
1825.5,1826.5,8.83823,127.792,-15.8824,6.53755,7.06706,92.6143,2.41003,0.395079,mudstone
1826.5,1828.01,8.83823,118.741,-15.5701,13.9757,14.6311,90.8366,2.44399,0.501491,siltstone
1828.01,1828.7,8.83823,126.404,-15.8091,7.97443,8.01482,92.9708,2.44022,0.461751,mudstone
1828.7,1829.45,8.9834,117.913,-15.5439,14.1486,13.3279,90.0082,2.50563,0.47785,siltstone
1829.45,1830.45,8.84506,115.862,-15.5918,5.91744,6.35175,92.2246,2.44399,0.47894,mudstone
1830.45,1831.39,8.83823,124.808,-15.9309,7.54622,8.83661,98.1009,2.46789,0.039095,silty mudstone
1831.39,1832.33,8.83823,119.571,-16.1093,8.37726,8.8621,101.535,2.45028,0.203114,mudstone
1832.33,1833.4,8.83823,92.7443,-15.0951,27.3659,28.3586,71.8274,2.51946,0.251021,siltstone
1833.4,1834.84,8.83823,113.308,-15.5743,8.13778,9.45745,100.99,2.37104,0.337811,mudstone
1834.84,1835.4,8.83823,122.46,-15.5602,12.1899,12.8331,113.33,2.37607,0.304128,silty mudstone
1835.4,1837.34,8.83823,112.044,-15.5253,9.09094,8.4737,96.2854,2.44902,0.240328,mudstone
1837.34,1838.35,8.83823,104.738,-15.2158,12.7117,12.4702,94.4832,2.43519,0.257295,mudstone
1838.35,1839.04,8.83823,119.83,-15.1848,9.33835,9.52343,98.2674,2.4138,0.261688,mudstone
1839.04,1839.66,8.83823,123.89,-15.4339,11.5983,11.5419,103.137,2.43896,-0.0684658,mudstone
1839.66,1840.35,8.83823,114.158,-15.5605,9.09094,9.60741,93.3472,2.43644,-0.127137,mudstone
1840.35,1841.04,8.83823,112.789,-15.3835,14.9622,15.7108,90.8099,2.47041,0.27165,mudstone
1841.04,1844.05,8.83823,124.093,-15.6597,8.24721,8.75413,99.1003,2.43267,0.344689,mudstone
1844.05,1844.67,8.83823,122.716,-15.8105,8.32492,8.59217,107.399,2.40751,0.279529,mudstone
1844.67,1851.58,8.85873,127.453,-15.9258,8.21073,8.44221,103.175,2.42261,0.198532,mudstone
1851.58,1852.08,9.03805,108.147,-15.6146,11.7902,11.9033,102.32,2.38487,0.203498,mudstone
1852.08,1853.09,8.84165,109.966,-15.7186,8.96406,9.17252,99.8365,2.41632,0.259902,mudstone
1853.09,1853.6,8.83823,112.703,-15.7908,11.9663,11.4669,101.249,2.43141,0.296367,mudstone
1853.6,1854.23,8.83823,107.649,-15.8148,9.17341,9.19651,98.8304,2.39745,0.476815,mudstone
1854.23,1855.24,8.83823,105.674,-15.3877,14.7703,14.6701,98.4795,2.43896,0.478098,oil shale
1855.24,1856.57,8.99706,111.447,-15.7609,7.20682,6.99958,96.9227,2.39368,0.458879,mudstone
1856.57,1857.32,9.24469,95.0219,-15.6958,8.99578,8.59217,99.701,2.29682,0.473686,mudstone
1857.32,1863.07,9.10978,115.096,-16.0445,7.61442,7.78538,101.928,2.40374,-0.255585,mudstone
1863.07,1863.57,9.53502,116.476,-15.3677,15.7012,18.8375,86.6448,2.56223,0.381038,mudstone
1863.57,1865.59,9.18321,107.012,-15.2025,9.22258,12.1747,95.7834,2.40877,0.466635,mudstone
1865.59,1866.22,9.68531,122.72,-14.6994,11.6523,13.04,99.3945,2.42512,0.409756,silty mudstone
1866.22,1866.86,9.61187,116.394,-14.7605,11.5983,12.6396,97.4058,2.44148,0.383735,mudstone
1866.86,1867.42,8.98169,95.8005,-14.875,12.4135,14.1812,93.9024,2.47292,0.467601,mudstone
1867.42,1868.75,9.00901,110.013,-14.9471,9.9315,10.8026,99.7399,2.41003,0.529331,mudstone
1868.75,1869.44,9.7707,121.113,-14.5926,14.139,13.8573,90.6811,2.41883,0.250076,mudstone
1869.44,1870.08,9.54698,118.148,-14.9066,10.9973,11.8223,102.74,2.37481,0.381852,mudstone
1870.08,1870.58,9.0278,108.2,-14.5799,13.4666,14.3087,96.5352,2.47418,0.523999,mudstone
1870.58,1871.28,9.13027,111.148,-14.6221,10.5881,10.9766,99.3579,2.42261,0.533879,mudstone
1871.28,1873.04,8.95095,113.027,-14.7171,11.7998,11.4939,100.374,2.4289,0.535887,mudstone
1873.04,1874.12,8.9407,119.965,-14.9863,9.05922,8.96108,105.345,2.4138,0.533592,mudstone
1874.12,1875.57,8.86556,107.751,-15.1535,11.841,12.7161,98.0098,2.42638,0.538017,mudstone
1875.57,1876.07,8.63842,120.986,-15.2631,12.5007,13.184,100.187,2.41883,0.538671,mudstone
1876.07,1877.08,8.82969,116.077,-14.6918,14.1597,16.5266,86.3017,2.49556,0.536594,mudstone
1877.08,1878.09,9.10124,117.471,-15.0334,9.51915,11.6934,107.145,2.39997,0.449806,mudstone
1878.09,1879.6,9.12173,105.396,-14.8093,12.0884,13.0055,99.1469,2.43393,0.488234,mudstone
1879.6,1880.92,9.31813,116.437,-14.9689,9.32883,9.75737,108.521,2.34211,0.469577,mudstone
1880.92,1881.55,9.21566,109.253,-15.023,11.3715,11.4294,99.2979,2.39368,0.245081,mudstone
1881.55,1882.05,9.03292,113.89,-14.9562,9.19244,9.42746,109.116,2.40877,0.242247,mudstone
1882.05,1883.06,8.85019,108.524,-14.8178,12.5959,12.7581,100.166,2.43141,0.189401,mudstone
1883.06,1883.88,8.85019,111.207,-14.9844,12.4801,12.8961,113.696,2.36726,0.11512,mudstone
1883.88,1884.57,8.94412,110.634,-14.6678,13.8663,14.8516,95.3582,2.43644,0.0396224,mudstone
1884.57,1885.58,9.01414,119.49,-14.6627,11.6174,12.6486,101.148,2.42135,0.447966,mudstone
1885.58,1886.59,9.04659,114.919,-14.8259,12.0979,13.217,94.0023,2.44525,0.305808,mudstone
1886.59,1887.53,9.48037,113.901,-15.021,8.9831,9.96282,104.731,2.40374,0.353248,mudstone
1887.53,1888.22,8.85873,108.792,-14.804,13.7996,14.7856,100.981,2.46286,0.347756,mudstone
1888.22,1889.8,9.21908,113.282,-15.1058,11.6634,12.4912,104.059,2.37355,0.503039,mudstone
1889.8,1890.49,9.01072,115.491,-14.895,13.2668,13.2245,104.944,2.4289,0.282156,mudstone
1890.49,1896.03,10.2011,110.858,-15.3071,8.09496,8.13329,100.19,2.39871,0.382268,mudstone
1896.03,1897.04,8.99023,122.538,-15.1388,11.4588,11.9078,103.21,2.44022,0.494913,mudstone
1897.04,1898.24,9.3335,123.786,-15.3801,9.81731,10.2267,113.568,2.34211,0.512962,mudstone
1898.24,1899.06,9.28056,121.387,-14.9471,15.5172,16.0872,112.538,2.37229,0.281012,oil shale
1899.06,1899.81,9.76045,118.013,-15.2617,8.98627,9.58492,109.209,2.34462,0.513527,mudstone
1899.81,1900.51,9.08757,113.563,-15.3685,11.9346,12.3892,112.34,2.34462,0.2886,mudstone
1900.51,1901.01,9.30788,124.085,-15.2733,9.6032,10.3167,111.234,2.35972,0.279825,mudstone
1901.01,1901.84,9.12002,108.622,-14.9993,12.5896,13.208,103.073,2.42764,0.284243,oil shale
1901.84,1902.59,9.02097,115.299,-15.2643,8.69287,9.46045,99.8953,2.4377,0.208682,mudstone
1902.59,1903.54,9.10294,103.636,-15.2524,12.9908,13.6954,100.183,2.35468,0.18978,oil shale
1903.54,1904.49,9.4001,101.865,-15.063,8.13144,8.88909,97.7022,2.43141,0.162909,mudstone
1904.49,1905.25,9.00901,96.6766,-15.2603,8.7563,9.90883,92.2079,2.50814,0.144093,silty mudstone
1905.25,1906.2,8.99535,102.163,-15.4934,8.59454,9.69739,98.6339,2.44651,0.139277,mudstone
1906.2,1907.59,8.85702,128,-14.3902,24.5968,27.1964,115.002,2.29682,0.10784,siltstone
1907.59,1908.16,9.28056,123.967,-14.53,8.86415,10.4262,115.074,2.33582,0.130857,mudstone
1908.16,1911.01,9.38986,108.27,-14.5226,10.9687,12.5212,106.078,2.40626,0.148684,mudstone
1911.01,1914.49,9.9671,105.705,-14.4637,9.29553,10.5912,102.727,2.34839,0.223715,mudstone
1914.49,1915,9.16613,99.8516,-13.8975,13.6712,15.9928,96.8006,2.46915,0.285032,silty mudstone
1915,1916.2,9.36595,110.37,-13.635,9.72691,12.7791,92.6821,2.45028,0.295229,mudstone
1916.2,1917.22,9.24811,104.433,-13.5784,11.9409,14.7766,89.8439,2.52324,0.508672,silty mudstone
1917.22,1918.86,9.06708,110.066,-13.5333,8.58978,9.17402,91.4384,2.51318,0.502804,mudstone
1918.86,1919.37,8.75113,85.3647,-13.6466,15.9613,14.1032,77.8836,2.54714,0.483689,silty mudstone
1919.37,1922.28,9.79632,106.87,-13.8518,10.7451,9.43795,75.293,2.48173,0.490944,mudstone
1922.28,1923.04,9.67335,108.072,-13.907,13.7537,12.0728,71.1501,2.50311,0.484,silty mudstone
1923.04,1924.3,9.6392,108.805,-13.7963,12.3881,11.0455,73.8095,2.56601,0.483761,mudstone
1924.3,1925.06,9.19175,78.8252,-13.9138,25.5484,22.6525,66.1876,2.54714,0.498186,siltstone
1925.06,1926.26,10.1891,105.305,-14.3383,9.73008,9.02406,73.2499,2.35468,0.468923,mudstone
1926.26,1927.08,9.71264,90.92,-14.364,16.5735,15.7948,72.7146,2.48676,0.501537,muddy siltstone
1927.08,1929.04,10.7527,106.857,-15.1036,9.69043,9.43495,78.652,2.42261,0.517521,mudstone
1929.04,1930.74,9.07904,66.8067,-15.0681,39.1179,36.575,63.4805,2.53959,0.531789,siltstone
1930.74,1932.07,10.4675,103.266,-14.3524,10.485,10.3392,67.5013,2.38613,0.611278,mudstone
1932.07,1933.59,9.9022,105.078,-14.0595,11.2272,10.6541,72.6314,2.55846,0.568492,silty mudstone
1933.59,1935.04,10.4128,109.346,-13.876,10.5722,9.49194,74.3503,2.50563,0.578956,mudstone
1935.04,1936.11,10.5563,108.367,-13.953,12.0725,10.8431,71.4632,2.405,0.603084,silty mudstone
1936.11,1937.25,10.8125,114.117,-13.993,8.94028,8.20227,78.6987,2.37984,0.564613,mudstone
1937.25,1940.03,9.86975,107.136,-13.6846,12.8132,11.8958,72.6214,2.51318,0.638571,silty mudstone
1940.03,1940.53,9.9466,111.958,-13.533,10.2883,9.76787,72.0595,2.45909,0.648813,mudstone
1940.53,1941.67,10.1088,102.287,-13.8078,11.6935,10.9616,75.0987,2.49934,0.61894,silty mudstone
1941.67,1942.23,10.9696,107.016,-13.8011,9.43985,9.07955,75.9804,2.37733,0.361791,mudstone
1942.23,1943.06,10.1379,114.6,-13.6466,10.983,10.4487,75.7705,2.47292,0.619066,silty mudstone
1943.06,1944.57,10.4692,109.278,-14.1117,10.1091,9.6389,77.9547,2.42387,0.625234,mudstone
1944.57,1945.08,9.46329,103.746,-13.4493,16.8574,15.9718,67.1248,2.55846,0.651294,silty mudstone
1945.08,1945.71,9.74337,111.937,-13.4262,11.9314,11.5479,69.4012,2.43896,0.684503,mudstone
1945.71,1947.03,9.06025,98.9193,-13.4758,15.3761,14.8756,68.615,2.53204,0.675187,silty mudstone
1947.03,1948.55,10.1123,101.015,-13.5124,11.0655,10.9211,72.7957,2.41758,0.637186,mudstone
1948.55,1950.06,9.04146,83.0034,-13.5327,15.6552,15.2864,66.5829,2.55846,0.552353,silty mudstone
1950.06,1950.82,8.65037,79.2945,-12.9833,19.7613,19.0445,62.8142,2.55972,0.20976,muddy siltstone
1950.82,1952.02,9.71605,104.645,-13.4242,9.39862,9.19202,74.7789,2.44148,0.514512,mudstone
1952.02,1953.03,10.2011,100.281,-13.7351,11.6665,11.4939,72.6391,2.51946,0.431695,silty mudstone
1953.03,1953.79,10.5375,103.895,-13.4792,10.2217,9.83235,74.4791,2.35343,0.484948,mudstone
1953.79,1954.48,9.43768,106.537,-13.2965,12.3659,11.6184,71.441,2.48299,0.513481,silty mudstone
1954.48,1955.49,9.56918,110.963,-13.5961,10.301,9.61641,74.679,2.59997,0.542546,mudstone
1955.49,1956.19,9.2686,102.195,-13.1316,14.369,13.1315,68.977,2.56852,0.559468,silty mudstone
1956.19,1960.98,9.57943,113.329,-13.5674,8.45339,7.7254,78.2334,2.46663,0.600915,mudstone
1960.98,1962.56,9.14735,103.175,-13.0924,14.8797,13.9353,69.671,2.53833,0.530814,muddy siltstone
1962.56,1965.53,9.20883,107.866,-13.3571,10.0267,9.95232,74.8999,2.48928,0.261339,mudstone
1965.53,1966.86,8.78358,77.894,-12.9363,24.987,23.7638,61.253,2.54588,0.0755531,siltstone
1966.86,1970.27,9.12173,106.943,-13.2506,9.11314,9.02106,77.1385,2.4616,0.126305,mudstone
1970.27,1970.83,8.83652,66.7982,-12.5963,25.615,23.8927,61.1619,2.54336,0.102269,siltstone
1970.83,1972.03,8.86214,98.5644,-13.0755,11.9108,11.4264,72.5103,2.47292,0.177943,mudstone
1972.03,1972.54,8.54961,90.1361,-12.5394,15.4681,14.895,63.9968,2.52072,0.482692,muddy siltstone
1972.54,1976.52,8.95949,106.789,-13.1753,9.1861,8.81561,75.9504,2.50689,0.474517,mudstone
1976.52,1978.03,8.83823,86.5756,-12.728,18.1008,17.3874,65.5247,2.5484,0.482037,muddy siltstone
1978.03,1979.23,8.86385,106.474,-12.7209,11.7934,11.4924,71.3366,2.51695,0.425372,mudstone
1979.23,1981.5,8.8092,105.277,-12.7404,12.2724,11.8883,70.697,2.5333,0.205254,silty mudstone
1981.5,1983.52,8.88264,111.027,-13.2483,8.29479,8.16478,79.1817,2.54085,0.204556,mudstone
1983.52,1984.53,8.92192,85.7153,-12.5893,19.8437,19.4359,65.3948,2.51569,0.288303,siltstone
1984.53,1986.55,8.92192,80.2479,-12.6104,19.9532,19.8063,66.6873,2.51821,0.432647,mudstone
1986.55,1987.56,8.84506,85.0384,-12.3201,17.1762,17.9872,66.2665,2.52827,0.433098,muddy siltstone
1987.56,1988.51,8.96974,85.7662,-12.5648,16.3308,16.5431,65.6613,2.53204,0.456469,silty mudstone
1988.51,1989.52,8.84506,75.2742,-12.0819,20.4067,19.8063,63.4061,2.52198,0.443964,muddy siltstone
1989.52,1992.49,8.95095,111.512,-12.8712,9.64761,9.30299,75.625,2.56475,0.414446,mudstone
1992.49,1993.5,8.90996,104.178,-12.3672,13.2763,12.5826,69.4234,2.58236,0.268204,silty mudstone
1993.5,1995.45,8.95266,104.251,-12.3006,12.5563,12.3472,69.7054,2.57481,0.473683,mudstone
1995.45,1996.21,8.93046,91.6796,-12.1386,18.2498,18.2707,65.9012,2.56223,0.480637,muddy siltstone
1996.21,1996.97,8.86385,92.1002,-12.076,19.1126,19.1824,64.5176,2.57481,0.4758,silty mudstone
1996.97,1997.66,8.84506,80.5499,-11.4578,24.987,24.3756,61.3951,2.56223,0.479527,siltstone
1997.66,1998.48,8.88605,95.3175,-11.8122,13.1415,13.1045,64.8052,2.56223,0.251488,silty mudstone
1998.48,2001.46,9.04659,98.0348,-12.5698,9.25905,9.14253,74.3891,2.56978,0.461942,mudstone
2001.46,2002.29,8.95778,92.0874,-12.4385,12.6673,11.8553,70.5294,2.56223,0.284928,silty mudstone
2002.29,2002.8,8.83823,93.3979,-12.2572,12.3168,11.7159,68.9126,2.54336,0.453506,mudstone
2002.8,2003.5,8.85531,93.1203,-11.9094,16.361,15.3044,68.8082,2.55594,0.461844,muddy siltstone
2003.5,2010.69,8.9407,108.94,-12.3818,9.80462,9.42146,74.307,2.56097,0.413823,mudstone
2010.69,2012.21,8.82969,59.8212,-11.8426,38.6706,37.8811,62.5055,2.46538,0.411701,siltstone
2012.21,2015.01,8.77163,115.233,-12.2513,8.3614,8.38223,78.6953,2.54588,0.404684,mudstone
2015.01,2016.03,8.89117,105.813,-12.116,11.703,10.8911,72.9678,2.53833,0.406691,silty mudstone
2016.03,2017.05,8.86385,114.881,-12.0464,9.02275,8.14379,77.3373,2.56978,0.335159,mudstone
2017.05,2018.51,8.93387,88.8903,-11.7738,14.6117,13.8138,68.1131,2.58362,0.327851,muddy siltstone
2018.51,2021.25,8.92021,104.841,-11.742,12.1788,12.0758,70.5926,2.58236,0.394201,mudstone
2021.25,2022.46,8.84165,73.6332,-11.707,22.4606,22.0692,64.5642,2.51192,0.302274,siltstone
2022.46,2023.54,8.88434,106.141,-11.9613,12.1074,12.6546,68.8648,2.57104,0.44466,mudstone
2023.54,2024.05,8.84336,100.311,-12.173,15.2841,16.2207,67.5279,2.55217,0.437714,silty mudstone
2024.05,2024.62,8.83823,99.9628,-12.1935,14.0249,15.2295,67.6334,2.55343,0.44736,mudstone
2024.62,2025.25,8.83823,67.3766,-11.4607,35.7414,36.7804,64.5342,2.49934,0.419002,siltstone
2025.25,2026.27,8.83994,102.756,-11.842,13.7838,15.2849,68.8482,2.5484,0.433256,mudstone
2026.27,2026.84,8.83823,77.6419,-11.1066,40.2598,41.3632,67.0116,2.45028,0.428735,siltstone
2026.84,2027.73,8.95607,108.316,-11.1692,12.9258,13.5229,67.841,2.53707,0.418387,mudstone
2027.73,2028.3,8.93729,109.507,-11.3386,12.7529,13.064,75.9792,2.53959,0.4049,muddy siltstone
2028.3,2029,8.83823,119.452,-11.5886,8.71983,9.18752,73.1455,2.54714,0.4307,mudstone
2029,2030.01,8.83823,105.303,-11.5588,14.5593,14.0478,72.4304,2.5484,0.410158,silty mudstone
2030.01,2030.96,8.79041,81.0637,-10.9147,26.0464,23.3094,65.5747,2.5333,0.413645,siltstone
2030.96,2031.47,8.71527,119.209,-11.5976,7.40507,7.17054,69.5799,2.51946,0.42201,mudstone
2031.47,2032.17,8.71015,129.813,-11.7851,9.08936,8.39872,83.3813,2.54211,0.419742,silty mudstone
2032.17,2032.99,8.67599,133.38,-11.7814,7.21793,7.06107,80.231,2.52072,0.435169,mudstone
2032.99,2033.76,8.89801,112.616,-11.4003,11.6475,10.8941,79.5292,2.55846,0.427034,silty mudstone
2033.76,2034.52,8.80408,106.46,-11.3152,9.42716,9.01806,72.1095,2.55091,0.55243,mudstone
2034.52,2035.6,8.90313,96.3694,-11.1317,20.0229,19.1974,70.1629,2.5811,0.444848,muddy siltstone
2035.6,2036.68,8.87068,104.357,-11.0945,13.9931,13.9638,67.4324,2.55594,0.44439,mudstone
2036.68,2037.37,8.86043,123.202,-11.0429,26.0401,24.6425,69.0692,2.50185,0.420018,siltstone
2037.37,2038.13,8.84336,117.315,-11.1988,13.3825,13.1795,67.9554,2.5245,0.38621,mudstone
2038.13,2038.96,8.95095,92.9646,-10.9626,15.4665,15.228,68.7061,2.57355,0.388585,silty mudstone
2038.96,2040.48,8.74943,123.428,-11.5497,8.32968,8.33274,77.2918,2.53079,0.397246,mudstone
2040.48,2041.75,8.83994,93.6045,-11.1974,17.866,17.2659,71.411,2.55972,0.479563,siltstone
2041.75,2043.46,8.87068,105.592,-11.2788,11.5048,11.5314,71.9573,2.57229,0.477012,mudstone
2043.46,2044.73,8.83482,82.2438,-10.8442,19.7724,19.9487,68.1986,2.53456,0.458174,siltstone
2044.73,2045.69,8.83994,101.732,-10.6728,14.8099,15.213,68.2752,2.55594,0.453786,mudstone
2045.69,2046.45,8.72552,99.663,-10.3986,21.2425,21.0869,66.7528,2.51569,0.419159,siltstone
2046.45,2048.98,8.79041,115.748,-10.7749,9.07667,9.23401,75.293,2.54211,0.411725,mudstone
2048.98,2049.81,8.87751,92.7983,-10.4871,17.5615,16.3452,68.1908,2.53959,0.211321,siltstone
2049.81,2050.51,8.85019,103.675,-10.3329,13.9091,13.019,65.6613,2.56223,0.180487,mudstone
2050.51,2051.46,8.88093,101.442,-10.5316,13.9503,13.058,68.504,2.57858,0.372806,muddy siltstone
2051.46,2052.16,8.90825,124.2,-10.929,8.53586,8.00732,73.7684,2.57858,0.241395,mudstone
2052.16,2052.99,8.90825,107.168,-10.6579,12.6276,11.6709,74.9366,2.55846,0.257652,silty mudstone
2052.99,2055.22,9.01243,103.031,-10.7315,9.32408,8.60117,73.1144,2.57733,0.196336,mudstone
2055.22,2055.98,9.04317,103.343,-10.4704,12.8497,11.5554,71.944,2.57104,0.341848,silty mudstone
2055.98,2056.81,9.04829,115.634,-10.9372,8.82926,8.03881,74.6568,2.58487,0.240833,mudstone
2056.81,2058.21,8.8519,96.4923,-10.6613,12.2105,11.3994,71.6986,2.56978,0.0715039,silty mudstone
2058.21,2059.99,8.8741,107.329,-10.6539,10.4358,10.4937,73.0478,2.58236,0.125134,mudstone
2059.99,2060.69,8.83823,97.2964,-10.4685,17.4632,18.1762,67.4213,2.56726,0.126909,muddy siltstone
2060.69,2061.64,8.79212,87.7589,-9.79845,27.921,29.3168,62.3734,2.55091,0.162884,siltstone
2061.64,2062.53,8.82116,129.779,-10.5217,15.6473,17.3109,69.8453,2.55594,0.189459,mudstone
2062.53,2064.06,8.82116,58.4037,-9.40468,53.3106,55.8135,60.157,2.47544,-0.0734586,siltstone
2064.06,2065.01,8.84165,99.1662,-9.5941,15.8757,16.4576,66.3953,2.56349,0.3827,mudstone
2065.01,2066.03,8.7221,92.0673,-9.28629,19.3775,19.8528,63.5182,2.53204,0.417984,muddy siltstone
2066.03,2067.24,8.77163,112.824,-9.62003,9.30346,9.35697,74.3736,2.57607,0.320739,mudstone
2067.24,2068,8.83823,99.2721,-9.63046,12.7815,12.4717,71.3511,2.57607,0.32432,silty mudstone
2068,2068.51,8.84506,113.832,-9.56027,11.205,10.7411,73.5663,2.57481,0.349213,mudstone
2068.51,2070.23,8.83823,103.02,-9.15353,12.3897,11.5749,70.7925,2.57481,0.359621,silty mudstone
2070.23,2071.5,8.83823,100.466,-9.42582,9.2987,8.67165,72.9201,2.57481,0.454246,mudstone
2071.5,2072.52,8.67258,95.1353,-9.05375,11.5143,10.6122,69.9286,2.5333,0.451019,silty mudstone
2072.52,2073.54,8.47788,120.984,-9.65695,6.9388,6.5512,80.3621,2.48676,0.467535,mudstone
2073.54,2074.05,8.61792,110.453,-9.50361,8.38995,8.15278,82.333,2.58613,0.510245,silty mudstone
2074.05,2075,8.63671,118.881,-9.57972,7.93636,7.95933,77.7137,2.58236,0.421822,mudstone
2075,2075.51,8.79554,97.237,-9.49769,17.1032,16.5986,73.6663,2.57104,0.295065,muddy siltstone
2075.51,2076.21,8.83823,94.6416,-9.5442,15.208,15.4979,66.7895,2.5484,0.305595,silty mudstone
2076.21,2076.84,8.75797,65.2367,-9.17439,32.3062,31.3383,67.2492,2.43267,0.409735,siltstone
2076.84,2077.98,8.74259,107.777,-9.46415,13.5871,14.2952,71.6931,2.53707,0.425376,mudstone
2077.98,2079,8.75797,74.1322,-8.75665,27.9987,29.3618,63.5293,2.50185,0.435715,siltstone
2079,2081.79,8.81774,97.4034,-8.70309,11.408,11.9198,69.8564,2.57858,0.395502,mudstone
2081.79,2082.49,8.83823,70.8196,-8.50212,23.2853,22.3886,64.9717,2.49808,0.402169,siltstone
2082.49,2084.71,8.83994,104.96,-8.55849,12.0741,11.7594,68.2741,2.57984,0.439536,mudstone
2084.71,2085.53,8.70161,104.529,-8.04633,14.1834,13.6699,69.0792,2.54211,0.400365,muddy siltstone
2085.53,2086.99,8.635,125.342,-8.97172,6.40592,6.35625,83.9231,2.47544,0.407687,mudstone
2086.99,2088.26,8.83823,95.2677,-7.89891,15.4221,14.8741,67.217,2.56475,0.406504,siltstone
2088.26,2089.97,8.787,112.78,-8.31157,11.3192,10.7876,70.1463,2.58362,0.403292,mudstone
2089.97,2090.61,8.62305,73.6915,-8.00574,23.8166,22.1232,65.769,2.46412,0.388603,siltstone
2090.61,2092.96,8.4369,143.919,-9.03909,5.47179,5.39949,85.4255,2.48299,0.077273,mudstone
2092.96,2094.8,8.61622,109.373,-8.18247,12.4341,11.4384,70.6315,2.55972,0.102269,muddy siltstone
2094.8,2096.95,8.60768,122.693,-8.44462,6.65015,6.18529,80.6952,2.53959,0.194789,mudstone
2096.95,2097.97,8.7443,98.6767,-8.25181,8.48511,7.7209,72.336,2.59242,0.193133,silty mudstone
2097.97,2100,8.65037,114.324,-8.14386,6.78654,6.17629,76.1214,2.56475,0.186899,mudstone
2100,2104,8.64183,119.842,-8.09256,8.48986,8.13779,78.6842,2.55594,0.377304,silty mudstone
2104,2104.84,8.12095,136.017,-7.389,19.5218,18.0262,78.6653,2.45909,0.365132,siltstone
2104.84,2110,7.54542,139.725,-8.04041,0.188965,0.164344,78.6653,2.44022,0.111254,mudstone
