Formation,Well_Name,Depth,GR,ILD_log10,DeltaPHI,PHIND,PE,NM_M,RELPOS,Facies
A1 SH,STUART,2808,66.276,0.63,3.3,10.65,3.591,1,1,3
A1 SH,STUART,2808.5,77.252,0.585,6.5,11.95,3.341,1,0.978,3
A1 SH,STUART,2809,82.899,0.566,9.4,13.6,3.064,1,0.956,3
A1 SH,STUART,2809.5,80.671,0.593,9.5,13.25,2.977,1,0.933,3
A1 SH,STUART,2810,75.971,0.638,8.7,12.35,3.02,1,0.911,3
A1 SH,STUART,2810.5,73.955,0.667,6.9,12.25,3.086,1,0.889,3
A1 SH,STUART,2811,77.962,0.674,6.5,12.45,3.092,1,0.867,3
A1 SH,STUART,2811.5,83.894,0.667,6.3,12.65,3.123,1,0.844,2
A1 SH,STUART,2812,84.424,0.653,6.7,13.05,3.121,1,0.822,2
A1 SH,STUART,2812.5,83.16,0.642,7.3,12.95,3.127,1,0.8,2
A1 SH,STUART,2813,79.063,0.651,7.3,12.05,3.147,1,0.778,2
A1 SH,STUART,2813.5,69.002,0.677,6.2,10.8,3.096,1,0.756,2
A1 SH,STUART,2814,63.983,0.69,4.4,9.7,3.103,1,0.733,2
A1 SH,STUART,2814.5,61.797,0.675,3.5,9.15,3.101,1,0.711,1
A1 SH,STUART,2815,61.372,0.646,2.8,9.3,3.065,1,0.689,1
A1 SH,STUART,2815.5,63.535,0.621,2.8,9.8,2.982,1,0.667,1
A1 SH,STUART,2816,65.126,0.6,3.3,10.55,2.914,1,0.644,1
A1 SH,STUART,2816.5,75.93,0.576,3.4,11.9,2.845,1,0.6,2
A1 SH,STUART,2817,85.077,0.584,4.4,12.9,2.854,1,0.578,2
A1 SH,STUART,2817.5,89.459,0.598,6.6,13.5,2.986,1,0.556,2
A1 SH,STUART,2818,88.619,0.61,7.2,14.8,2.988,1,0.533,3
A1 SH,STUART,2818.5,81.593,0.636,6.4,13.9,2.998,1,0.511,2
A1 SH,STUART,2819,66.595,0.702,2.8,11.4,2.988,1,0.489,2
A1 SH,STUART,2819.5,55.081,0.789,2.7,8.15,3.028,1,0.467,2
A1 SH,STUART,2820,48.112,0.84,1,7.5,3.073,1,0.444,2
A1 SH,STUART,2820.5,43.73,0.846,0.4,7.1,3.146,1,0.422,2
A1 SH,STUART,2821,44.097,0.84,0.7,6.65,3.205,1,0.4,2
A1 SH,STUART,2821.5,46.839,0.842,0.8,6.6,3.254,1,0.378,2
A1 SH,STUART,2822,50.348,0.843,1.1,6.75,3.23,1,0.356,2
A1 SH,STUART,2822.5,57.129,0.822,2.2,7.3,3.237,1,0.333,2
A1 SH,STUART,2823,64.465,0.777,4.4,8.4,3.259,1,0.311,2
A1 SH,STUART,2823.5,70.267,0.729,7.1,9.85,3.289,1,0.289,2
A1 SH,STUART,2824,76.566,0.664,10.7,11.55,3.381,1,0.244,2
A1 SH,STUART,2824.5,76.778,0.643,10.7,12.25,3.452,1,0.222,2
A1 SH,STUART,2825,73.971,0.632,9.7,12.55,3.396,1,0.2,2
A1 SH,STUART,2825.5,74.314,0.622,8.8,13.1,3.144,1,0.178,2
A1 SH,STUART,2826,77.031,0.583,4.8,16.2,3.034,1,0.156,3
A1 SH,STUART,2826.5,74.469,0.517,4.8,19.2,2.931,1,0.133,3
A1 SH,STUART,2827,73.327,0.489,6.3,20.35,2.88,1,0.111,3
A1 SH,STUART,2827.5,74.575,0.526,4.9,19.25,2.795,1,0.089,3
A1 SH,STUART,2828,70.536,0.558,6.5,17.05,3.009,1,0.067,3
A1 SH,STUART,2828.5,62.939,0.528,7.6,18.8,3.073,1,0.044,2
A1 SH,STUART,2829,57.137,0.511,10.9,19.15,3.313,1,0.022,2
A1 LM,STUART,2829.5,47.345,0.584,7,16.3,3.527,2,1,8
A1 LM,STUART,2830,35.733,0.73,6.4,10.2,3.928,2,0.987,8
A1 LM,STUART,2830.5,29.327,0.873,2.7,7.85,4.33,2,0.974,8
A1 LM,STUART,2831,28.242,0.963,1.4,6.3,4.413,2,0.961,8
A1 LM,STUART,2831.5,34.558,1.018,1.8,5.6,4.511,2,0.947,8
A1 LM,STUART,2832,43.754,1.054,1.8,5.2,4.412,2,0.934,6
A1 LM,STUART,2832.5,53.612,1.067,1.5,5.05,4.226,2,0.921,6
A1 LM,STUART,2833,60.719,1.039,1.9,4.85,3.931,2,0.908,6
A1 LM,STUART,2833.5,66.538,0.94,2.7,5.45,3.703,2,0.895,6
A1 LM,STUART,2834,75.522,0.801,4,7.3,3.501,2,0.882,4
A1 LM,STUART,2834.5,95.979,0.692,6.5,9.55,3.346,2,0.868,4
A1 LM,STUART,2835,130.26,0.644,8.3,11.15,3.242,2,0.855,3
A1 LM,STUART,2835.5,160.167,0.643,9.3,12.15,3.294,2,0.842,3
A1 LM,STUART,2836,176.528,0.673,9.1,12.05,3.298,2,0.829,3
A1 LM,STUART,2836.5,175.622,0.72,8.9,12.15,3.349,2,0.816,4
A1 LM,STUART,2837,153.965,0.756,7.6,11.9,3.31,2,0.803,4
A1 LM,STUART,2837.5,120.076,0.766,7.2,12.2,3.365,2,0.789,3
A1 LM,STUART,2838,91.434,0.787,7.1,12.15,3.392,2,0.776,4
A1 LM,STUART,2838.5,69.312,0.874,4.6,10.4,3.293,2,0.763,4
A1 LM,STUART,2839,54.828,1.029,0.8,8.2,3.395,2,0.75,6
A1 LM,STUART,2839.5,50.854,1.149,0.3,6.85,3.5,2,0.737,6
A1 LM,STUART,2840,54.632,1.09,1,7.4,3.576,2,0.724,6
A1 LM,STUART,2840.5,56.835,0.924,4.1,8.45,3.555,2,0.711,5
A1 LM,STUART,2841,60.393,0.788,7.1,10.05,3.591,2,0.697,6
A1 LM,STUART,2841.5,58.94,0.733,8.1,11.15,3.576,2,0.684,4
A1 LM,STUART,2842,49.719,0.754,6.1,10.75,3.669,2,0.671,6
A1 LM,STUART,2842.5,41.404,0.819,3.5,9.55,3.872,2,0.658,5
A1 LM,STUART,2843,36.084,0.882,1.6,8.2,4.125,2,0.645,8
A1 LM,STUART,2843.5,29.344,0.897,0.1,7.25,4.23,2,0.632,8
A1 LM,STUART,2844,24.072,0.841,-0.6,6.8,4.302,2,0.618,8
A1 LM,STUART,2844.5,22.62,0.733,-2.5,7.65,4.348,2,0.605,8
A1 LM,STUART,2845,22.408,0.597,-3.8,9.5,4.29,2,0.592,6
A1 LM,STUART,2845.5,21.184,0.469,-2.7,11.05,4.255,2,0.579,6
A1 LM,STUART,2846,21.796,0.375,-2.3,13.35,4.213,2,0.566,8
A1 LM,STUART,2846.5,23.925,0.314,-1.8,15.1,4.363,2,0.553,8
A1 LM,STUART,2847,24.464,0.278,-1.3,16.15,4.495,2,0.539,9
A1 LM,STUART,2847.5,26.039,0.257,-1.9,16.55,4.602,2,0.526,9
A1 LM,STUART,2848,27.491,0.247,-2.5,16.45,4.544,2,0.513,9
A1 LM,STUART,2848.5,28.193,0.249,-2.4,16.3,4.587,2,0.5,9
A1 LM,STUART,2849,28.634,0.265,-1.9,16.15,4.678,2,0.487,9
A1 LM,STUART,2849.5,29.809,0.299,-1,15.2,4.866,2,0.474,9
A1 LM,STUART,2850,31.172,0.349,-1.5,14.15,4.783,2,0.461,9
A1 LM,STUART,2850.5,33.448,0.418,-1.1,12.65,4.688,2,0.447,8
A1 LM,STUART,2851,33.514,0.503,-1.2,11.3,4.628,2,0.434,8
A1 LM,STUART,2851.5,35.146,0.593,-0.5,10.05,4.387,2,0.421,5
A1 LM,STUART,2852,35.953,0.671,-0.7,9.45,4.291,2,0.408,5
A1 LM,STUART,2852.5,35.178,0.729,-0.6,9,4.178,2,0.395,5
A1 LM,STUART,2853,36.109,0.773,0.1,8.35,4.203,2,0.382,6
A1 LM,STUART,2853.5,38.769,0.82,1.3,7.55,4.262,2,0.368,6
A1 LM,STUART,2854,39.511,0.873,1.3,7.05,4.387,2,0.355,6
A1 LM,STUART,2854.5,40.523,0.927,2.6,6.5,4.006,2,0.342,6
A1 LM,STUART,2855,42.694,0.964,2.8,6.8,3.718,2,0.329,6
A1 LM,STUART,2855.5,45.297,0.959,3,7.3,3.594,2,0.316,6
A1 LM,STUART,2856,48.145,0.915,3.8,8.2,3.46,2,0.303,6
A1 LM,STUART,2856.5,51.041,0.862,5.9,8.75,3.333,2,0.289,6
A1 LM,STUART,2857,56.125,0.825,7.4,9.3,3.336,2,0.276,6
A1 LM,STUART,2857.5,62.205,0.807,6.4,9.9,3.362,2,0.263,6
A1 LM,STUART,2858,64.865,0.794,4.7,10.25,3.244,2,0.25,4
A1 LM,STUART,2858.5,68.186,0.771,4.1,10.25,3.174,2,0.237,4
A1 LM,STUART,2859,72.421,0.743,4.1,10.55,3.174,2,0.224,4
A1 LM,STUART,2859.5,74.322,0.73,4.5,10.65,3.187,2,0.211,4
A1 LM,STUART,2860,72.543,0.748,4.1,10.35,3.359,2,0.197,4
A1 LM,STUART,2860.5,65.672,0.814,3.5,9.05,3.618,2,0.184,4
A1 LM,STUART,2861,57.153,0.951,1.7,6.75,3.902,2,0.171,8
A1 LM,STUART,2861.5,46.056,1.148,0.1,4.55,4.221,2,0.158,6
A1 LM,STUART,2862,37.961,1.324,0,3.3,4.561,2,0.145,6
A1 LM,STUART,2862.5,33.579,1.402,-0.2,2.8,4.799,2,0.132,8
A1 LM,STUART,2863,31.212,1.439,-0.4,2.7,4.874,2,0.118,8
A1 LM,STUART,2863.5,30.176,1.486,-0.5,2.55,4.787,2,0.105,8
A1 LM,STUART,2864,29.858,1.507,-0.7,2.75,4.622,2,0.092,8
A1 LM,STUART,2864.5,29.923,1.433,-0.6,3.3,4.375,2,0.079,6
A1 LM,STUART,2865,34.428,1.279,0,4,4.115,2,0.066,6
A1 LM,STUART,2865.5,39.935,1.134,0.8,4.6,3.979,2,0.053,6
A1 LM,STUART,2866,39.935,1.134,0.8,4.6,3.979,2,0.053,6
A1 LM,STUART,2866.5,46.823,1.05,1.3,5.15,3.727,2,0.039,6
A1 LM,STUART,2867,57.969,1.01,2,5.2,3.537,2,0.026,8
A1 LM,STUART,2867.5,71.246,0.954,2.3,5.65,3.482,2,0.013,8
B1 SH,STUART,2868,82.548,0.843,3.2,7.2,3.532,1,1,2
B1 SH,STUART,2868.5,92.119,0.718,4.9,8.95,3.484,1,0.968,2
B1 SH,STUART,2869,93.564,0.635,7,11.1,3.402,1,0.935,3
B1 SH,STUART,2869.5,86.26,0.615,9,11.9,3.486,1,0.903,2
B1 SH,STUART,2870,77.097,0.637,9.5,11.25,3.56,1,0.871,2
B1 SH,STUART,2870.5,67.68,0.651,9.2,10.7,3.473,1,0.839,2
B1 SH,STUART,2871,64.049,0.639,8.5,10.65,3.401,1,0.806,2
B1 SH,STUART,2871.5,67.566,0.621,7.5,11.45,3.307,1,0.774,2
B1 SH,STUART,2872,69.728,0.604,7.1,12.45,3.28,1,0.742,2
B1 SH,STUART,2872.5,67.966,0.582,8.3,13.45,3.253,1,0.71,2
B1 SH,STUART,2873,65.803,0.565,9.6,13.5,3.284,1,0.677,2
B1 SH,STUART,2873.5,62.351,0.575,10.1,11.85,3.405,1,0.645,2
B1 SH,STUART,2874,59.512,0.621,10.1,9.65,3.504,1,0.613,2
B1 SH,STUART,2874.5,61.176,0.691,9.9,8.15,3.587,1,0.581,2
B1 SH,STUART,2875,65.754,0.751,9.6,7.7,3.605,1,0.548,2
B1 SH,STUART,2875.5,66.66,0.768,9,8.2,3.505,1,0.516,2
B1 SH,STUART,2876,64.604,0.742,8,8.9,3.411,1,0.484,2
B1 SH,STUART,2876.5,61.699,0.696,7,9.2,3.319,1,0.452,2
B1 SH,STUART,2877,58.353,0.657,5.6,9.3,3.265,1,0.419,2
B1 SH,STUART,2877.5,55.929,0.64,4.2,9.2,3.167,1,0.387,2
B1 SH,STUART,2878,57.414,0.64,4,9.1,3.181,1,0.355,2
B1 SH,STUART,2878.5,60.393,0.64,3.8,9.3,3.133,1,0.323,2
B1 SH,STUART,2879,65.901,0.636,4.2,9.9,3.163,1,0.29,2
B1 SH,STUART,2879.5,71.385,0.635,5.8,10.8,3.131,1,0.258,2
B1 SH,STUART,2880,75.816,0.625,4.9,13.55,2.997,1,0.226,1
B1 SH,STUART,2880.5,75.334,0.587,5.6,15.9,2.938,1,0.194,3
B1 SH,STUART,2881,72.69,0.558,4.8,18.5,2.969,1,0.129,3
B1 SH,STUART,2881.5,68.635,0.558,6.9,19.45,3.104,1,0.097,2
B1 SH,STUART,2882,60.695,0.52,7.5,21.25,3.147,1,0.065,5
B1 SH,STUART,2882.5,51.645,0.501,5.6,18.1,3.354,1,0.032,8
B1 LM,STUART,2883,41.918,0.548,7,10.9,3.764,2,1,8
B1 LM,STUART,2883.5,32.991,0.633,7.7,6.35,4.109,2,0.968,5
B1 LM,STUART,2884,28.258,0.705,5,6.1,4.154,2,0.935,8
B1 LM,STUART,2884.5,26.635,0.769,4.1,5.35,4.321,2,0.903,8
B1 LM,STUART,2885,25.541,0.847,3.6,4.8,4.476,2,0.871,8
B1 LM,STUART,2885.5,23.795,0.948,2.3,4.45,4.565,2,0.839,6
B1 LM,STUART,2886,20.719,1.061,2.2,3.5,4.615,2,0.806,6
B1 LM,STUART,2886.5,18.499,1.139,2.4,3.2,4.696,2,0.774,6
B1 LM,STUART,2887,19.446,1.118,1.5,4.65,4.668,2,0.742,8
B1 LM,STUART,2887.5,21.388,1.019,1,7.1,4.579,2,0.71,8
B1 LM,STUART,2888,24.178,0.908,1.2,9.2,4.292,2,0.677,8
B1 LM,STUART,2888.5,27.638,0.812,0,11.1,4.046,2,0.645,8
B1 LM,STUART,2889,31.669,0.724,0.9,11.45,3.822,2,0.613,5
B1 LM,STUART,2889.5,39.389,0.627,3.4,11.2,3.629,2,0.581,7
B1 LM,STUART,2890,49.385,0.535,6.4,11.5,3.517,2,0.548,7
B1 LM,STUART,2890.5,58.516,0.488,9,11.4,3.474,2,0.516,7
B1 LM,STUART,2891,66.619,0.511,9.2,10.8,3.613,2,0.484,7
B1 LM,STUART,2891.5,67.296,0.602,6.4,9.5,3.862,2,0.452,4
B1 LM,STUART,2892,57.798,0.745,3.7,8.25,4.052,2,0.419,6
B1 LM,STUART,2892.5,48.169,0.912,1.1,7.45,4.241,2,0.387,6
B1 LM,STUART,2893,41.437,1.045,0.4,6.3,4.476,2,0.355,6
B1 LM,STUART,2893.5,39.348,1.117,0.1,5.35,4.712,2,0.323,6
B1 LM,STUART,2894,49.312,1.144,1,4.5,4.56,2,0.29,6
B1 LM,STUART,2894.5,61.984,1.143,0.7,4.85,4.605,2,0.258,8
B1 LM,STUART,2895,73.506,1.122,0.9,5.75,4.574,2,0.226,6
B1 LM,STUART,2895.5,74.208,1.095,0.3,6.85,4.478,2,0.194,6
B1 LM,STUART,2896,67.819,1.072,-0.7,7.55,4.444,2,0.161,8
B1 LM,STUART,2896.5,61.625,1.057,-1.2,7.4,4.439,2,0.129,8
B1 LM,STUART,2897,61.625,1.057,-1.2,7.4,4.439,2,0.129,8
B1 LM,STUART,2897.5,55.481,1.041,-0.9,6.55,4.335,2,0.097,8
B1 LM,STUART,2898,57.251,0.98,-0.1,5.75,3.907,2,0.065,8
B1 LM,STUART,2898.5,67.28,0.84,-0.6,7.1,3.58,2,0.032,2
B2 SH,STUART,2899,76.02,0.686,0.7,9.45,3.23,1,1,2
B2 SH,STUART,2899.5,84.457,0.603,2.5,12.45,2.967,1,0.947,2
B2 SH,STUART,2900,89.019,0.595,4.6,14.9,2.794,1,0.895,2
B2 SH,STUART,2900.5,89.933,0.591,3.9,18.55,2.789,1,0.842,3
B2 SH,STUART,2901,89.386,0.539,4.5,22.55,2.861,1,0.789,3
B2 SH,STUART,2901.5,89.427,0.479,6.2,25.4,2.935,1,0.737,3
B2 SH,STUART,2902,87.517,0.461,7.6,24.4,3.128,1,0.684,3
B2 SH,STUART,2902.5,83.747,0.485,8.7,23.15,3.284,1,0.632,3
B2 SH,STUART,2903,78.304,0.541,6.1,21.25,3.332,1,0.579,3
B2 SH,STUART,2903.5,71.858,0.635,8.5,15.95,3.485,1,0.526,2
B2 SH,STUART,2904,64.701,0.737,5,15.7,3.471,1,0.474,2
B2 SH,STUART,2904.5,64.293,0.752,1.7,17.15,3.45,1,0.421,2
B2 SH,STUART,2905,67.158,0.686,-0.3,19.95,3.276,1,0.368,2
B2 SH,STUART,2905.5,72.478,0.631,0.2,20.4,3.171,1,0.316,2
B2 SH,STUART,2906,78.068,0.614,5,18.1,3.252,1,0.211,3
B2 SH,STUART,2906.5,73.008,0.592,2.4,20.1,3.175,1,0.158,3
B2 SH,STUART,2907,64.644,0.543,1.7,22.35,3.302,1,0.105,2
B2 SH,STUART,2907.5,49.801,0.538,0,20.8,3.551,1,0.053,2
B2 LM,STUART,2908,35.937,0.628,-2.8,16.8,3.96,2,1,8
B2 LM,STUART,2908.5,24.203,0.743,-0.3,12.35,4.454,2,0.963,6
B2 LM,STUART,2909,15.986,0.777,-0.2,11.5,4.657,2,0.926,8
B2 LM,STUART,2909.5,12.036,0.773,-0.5,10.55,4.594,2,0.889,8
B2 LM,STUART,2910,12.746,0.787,-1.2,9.2,4.437,2,0.852,8
B2 LM,STUART,2910.5,14.843,0.809,-1.6,7.7,4.351,2,0.815,8
B2 LM,STUART,2911,17.087,0.806,-1,6.8,4.242,2,0.778,8
B2 LM,STUART,2911.5,17.977,0.765,0.3,6.45,4.105,2,0.741,8
B2 LM,STUART,2912,18.834,0.701,-0.1,7.15,4.279,2,0.704,8
B2 LM,STUART,2912.5,19.258,0.644,0.4,7.4,4.669,2,0.667,8
B2 LM,STUART,2913,19.062,0.61,0.6,7.8,5.19,2,0.63,8
B2 LM,STUART,2913.5,18.638,0.6,1.8,7.6,5.527,2,0.593,8
B2 LM,STUART,2914,19.462,0.598,3.4,6.8,6.321,2,0.556,9
B2 LM,STUART,2914.5,19.552,0.581,3.1,6.95,6.16,2,0.519,9
B2 LM,STUART,2915,20.653,0.529,0.9,8.65,5.865,2,0.481,9
B2 LM,STUART,2915.5,23.371,0.45,-1,11.3,5.315,2,0.444,9
B2 LM,STUART,2916,25.468,0.391,-1.3,13.75,4.918,2,0.407,9
B2 LM,STUART,2916.5,26.292,0.377,-2.3,14.85,4.521,2,0.37,8
B2 LM,STUART,2917,27.736,0.411,-3.6,14.1,4.443,2,0.333,8
B2 LM,STUART,2917.5,29.784,0.482,-3.1,11.85,4.347,2,0.296,8
B2 LM,STUART,2918,31.041,0.578,-2.2,9.4,4.416,2,0.259,8
B2 LM,STUART,2918.5,30.837,0.683,-0.4,7.4,4.394,2,0.222,8
B2 LM,STUART,2919,32.64,0.807,1,5.6,4.343,2,0.185,8
B2 LM,STUART,2919.5,33.571,0.942,1.6,4.5,4.086,2,0.148,6
B2 LM,STUART,2920,39.56,1.003,1.9,4.55,3.811,2,0.111,6
B2 LM,STUART,2920.5,47.475,0.931,1.5,6.15,3.625,2,0.074,8
B2 LM,STUART,2921,56.443,0.821,2.3,8.05,3.393,2,0.037,2
B3 SH,STUART,2921.5,64.799,0.751,3.4,9.6,3.12,1,1,2
B3 SH,STUART,2922,69.72,0.711,3,12.4,3.03,1,0.95,2
B3 SH,STUART,2922.5,72.511,0.637,3.5,16.35,2.984,1,0.9,3
B3 SH,STUART,2923,74.698,0.525,5.4,20.8,2.915,1,0.85,3
B3 SH,STUART,2923.5,74.698,0.525,5.4,20.8,2.915,1,0.85,3
B3 SH,STUART,2924,73.425,0.458,5.2,21.6,2.92,1,0.8,3
B3 SH,STUART,2924.5,71.328,0.486,3.1,17.35,2.995,1,0.75,3
B3 SH,STUART,2925,68.937,0.587,4.1,13.25,3.122,1,0.7,2
B3 SH,STUART,2925.5,66.562,0.671,1.3,13.25,3.243,1,0.65,1
B3 SH,STUART,2926,64.636,0.663,3.2,13.3,3.324,1,0.6,2
B3 SH,STUART,2926.5,66.619,0.625,4,13.6,3.33,1,0.55,2
B3 SH,STUART,2927,66.619,0.625,4,13.6,3.33,1,0.55,2
B3 SH,STUART,2927.5,65.624,0.635,3.2,12.4,3.309,1,0.5,2
B3 SH,STUART,2928,65.322,0.68,3.3,9.65,3.315,1,0.45,2
B3 SH,STUART,2928.5,67.035,0.707,2.4,8.6,3.232,1,0.4,2
B3 SH,STUART,2929,68.194,0.693,3,8.8,3.157,1,0.35,2
B3 SH,STUART,2929.5,69.149,0.646,3,10.4,3.034,1,0.3,2
B3 SH,STUART,2930,72.201,0.588,3.2,13.2,3.052,1,0.25,2
B3 SH,STUART,2930.5,73.776,0.542,4.4,16,3.132,1,0.2,3
B3 SH,STUART,2931,72.609,0.525,5.5,17.55,3.31,1,0.15,3
B3 SH,STUART,2931.5,66.864,0.55,5.3,16.55,3.625,1,0.1,3
B3 SH,STUART,2932,53.702,0.62,5.7,13.75,4.003,1,0.05,8
B3 LM,STUART,2932.5,40.474,0.713,4.7,11.15,4.278,2,1,8
B3 LM,STUART,2933,28.12,0.774,2.2,10.5,4.537,2,0.9,8
B3 LM,STUART,2933.5,20.213,0.769,-1.1,10.95,4.682,2,0.8,8
B3 LM,STUART,2934,19.193,0.732,-1,11.1,4.546,2,0.7,8
B3 LM,STUART,2934.5,20.449,0.699,-0.7,10.65,4.386,2,0.6,8
B3 LM,STUART,2935,21.355,0.679,-0.1,9.95,4.28,2,0.5,8
B3 LM,STUART,2935.5,21.641,0.668,1.3,8.95,4.221,2,0.4,8
B3 LM,STUART,2936,24.203,0.653,2.6,8.3,4.099,2,0.3,8
B3 LM,STUART,2936.5,34.574,0.613,2.4,9,3.66,2,0.2,8
B3 LM,STUART,2937,45.231,0.548,2.3,10.45,3.496,2,0.1,6
B4 SH,STUART,2937.5,56.427,0.498,2.9,11.35,3.338,1,1,2
B4 SH,STUART,2938,67.06,0.504,1.7,11.65,3.135,1,0.944,2
B4 SH,STUART,2938.5,70.838,0.558,2,10.8,3.012,1,0.889,2
B4 SH,STUART,2939,69.932,0.612,3.3,10.05,3.066,1,0.833,2
B4 SH,STUART,2939.5,74.526,0.633,4.1,10.25,3.109,1,0.778,2
B4 SH,STUART,2940,77.611,0.626,5,11,3.063,1,0.722,2
B4 SH,STUART,2940.5,78.59,0.605,5.9,11.55,3.092,1,0.667,2
B4 SH,STUART,2941,76.729,0.591,5.7,11.95,3.051,1,0.611,2
B4 SH,STUART,2941.5,74.11,0.608,3.7,10.95,3.07,1,0.556,2
B4 SH,STUART,2942,66.407,0.653,2.2,9.6,2.997,1,0.5,2
B4 SH,STUART,2942.5,64.081,0.693,1.4,8.6,3.093,1,0.444,2
B4 SH,STUART,2943,65.885,0.705,0.9,8.55,3.106,1,0.389,2
B4 SH,STUART,2943.5,70.299,0.696,1.4,9,3.085,1,0.333,2
B4 SH,STUART,2944,70.299,0.696,1.4,9,3.085,1,0.333,2
B4 SH,STUART,2944.5,74.551,0.677,3.1,9.65,3.066,1,0.278,2
B4 SH,STUART,2945,79.659,0.643,3.4,12.5,2.902,1,0.222,1
B4 SH,STUART,2945.5,80.402,0.573,-2.8,19.3,2.982,1,0.167,3
B4 SH,STUART,2946,74.649,0.483,-0.5,23.95,3.14,1,0.111,3
B4 SH,STUART,2946.5,63.429,0.461,0.2,24.2,3.394,1,0.056,2
B4 LM,STUART,2947,47.916,0.598,-7.6,18.9,3.762,2,1,3
B4 LM,STUART,2947.5,32.469,0.912,-1.4,9.8,4.314,2,0.929,8
B4 LM,STUART,2948,20.718,1.222,-2.9,7.85,4.863,2,0.857,8
B4 LM,STUART,2948.5,15.015,1.233,-1.6,6.4,4.813,2,0.786,8
B4 LM,STUART,2949,14.084,1.084,-1.1,6.55,4.644,2,0.714,8
B4 LM,STUART,2949.5,15.937,0.962,-0.4,7.4,4.634,2,0.643,8
B4 LM,STUART,2950,19.348,0.901,-1,7.9,4.545,2,0.571,8
B4 LM,STUART,2950.5,21.469,0.906,-1.1,6.75,4.576,2,0.5,8
B4 LM,STUART,2951,22.587,0.969,-1.4,5.5,4.527,2,0.429,8
B4 LM,STUART,2951.5,25.721,1.079,-0.9,4.45,4.512,2,0.357,8
B4 LM,STUART,2952,29.45,1.2,0,4,4.437,2,0.286,6
B4 LM,STUART,2952.5,36.313,1.169,-3.3,6.95,3.97,2,0.214,6
B4 LM,STUART,2953,49.491,0.909,-8.9,13.85,3.695,2,0.143,8
B5 SH,STUART,2953.5,69.222,0.469,-6,27.9,3.351,1,1,3
B5 SH,STUART,2954,70.968,0.444,-2.5,28.85,3.49,1,0.75,3
B5 SH,STUART,2954.5,65.379,0.501,-0.3,22.75,3.9,1,0.5,3
B5 SH,STUART,2955,54.093,0.56,-0.5,16.75,4.126,1,0.25,2
B5 LM,STUART,2955.5,41.633,0.541,3.9,11.55,4.482,2,1,5
B5 LM,STUART,2956,33.644,0.439,3.8,11.7,4.707,2,0.976,6
B5 LM,STUART,2956.5,28.977,0.321,1.3,14.45,4.447,2,0.951,8
B5 LM,STUART,2957,24.611,0.232,-1.1,17.25,4.481,2,0.927,8
B5 LM,STUART,2957.5,24.154,0.184,-2.9,19.65,4.327,2,0.902,8
B5 LM,STUART,2958,25.639,0.173,-2.4,20.5,4.302,2,0.878,8
B5 LM,STUART,2958.5,25.957,0.191,-2.4,19.9,4.294,2,0.854,8
B5 LM,STUART,2959,38.965,0.266,-2.1,17.05,4.228,2,0.805,8
B5 LM,STUART,2959.5,45.354,0.301,0.2,14.8,4.127,2,0.78,8
B5 LM,STUART,2960,53.645,0.327,2.6,12.6,3.908,2,0.756,8
B5 LM,STUART,2960.5,60.164,0.338,3.8,12.2,3.74,2,0.732,6
B5 LM,STUART,2961,64.032,0.334,5.5,13.15,3.538,2,0.707,6
B5 LM,STUART,2961.5,66.774,0.323,7.9,14.75,3.558,2,0.683,7
B5 LM,STUART,2962,68.423,0.313,8.1,15.75,3.476,2,0.659,7
B5 LM,STUART,2962.5,63.502,0.318,6.1,14.75,3.682,2,0.634,7
B5 LM,STUART,2963,57.904,0.349,2.8,12.9,3.937,2,0.61,8
B5 LM,STUART,2963.5,52.935,0.415,2.3,10.25,4.133,2,0.585,8
B5 LM,STUART,2964,45.125,0.507,2.3,8.45,4.248,2,0.561,8
B5 LM,STUART,2964.5,39.927,0.605,3.5,6.75,4.468,2,0.537,6
B5 LM,STUART,2965,36.215,0.703,2.4,6,4.575,2,0.512,6
B5 LM,STUART,2965.5,31.253,0.787,2.3,4.45,4.557,2,0.488,8
B5 LM,STUART,2966,28.446,0.832,2.2,3.4,4.573,2,0.463,8
B5 LM,STUART,2966.5,27.296,0.821,1.2,4.4,4.79,2,0.439,8
B5 LM,STUART,2967,28.944,0.755,-0.4,7.3,4.887,2,0.415,6
B5 LM,STUART,2967.5,31.596,0.659,-1.6,11,4.824,2,0.39,9
B5 LM,STUART,2968,33.212,0.574,-3.1,14.45,4.765,2,0.366,9
B5 LM,STUART,2968.5,34.689,0.517,-3,16.4,4.766,2,0.341,9
B5 LM,STUART,2969,39.266,0.493,-1.9,16.15,4.705,2,0.317,9
B5 LM,STUART,2969.5,50.103,0.499,-2,14.6,4.453,2,0.293,9
B5 LM,STUART,2970,65.167,0.525,-1.6,13.1,4.366,2,0.268,8
B5 LM,STUART,2970.5,76.436,0.557,-0.6,11.7,4.289,2,0.244,8
B5 LM,STUART,2971,92.886,0.628,-0.2,9.4,4.272,2,0.195,6
B5 LM,STUART,2971.5,99.643,0.683,-0.3,7.95,4.395,2,0.171,6
B5 LM,STUART,2972,101.585,0.757,0,6.5,4.51,2,0.146,8
B5 LM,STUART,2972.5,95.775,0.85,1.6,4.9,4.53,2,0.122,3
B5 LM,STUART,2973,87.036,0.951,2.1,3.95,4.456,2,0.098,6
B5 LM,STUART,2973.5,72.331,1.019,2.6,3.6,4.056,2,0.073,6
B5 LM,STUART,2974,58.859,0.991,3.4,3.9,3.712,2,0.049,6
B5 LM,STUART,2974.5,60.932,0.857,1.3,7.35,3.371,2,0.024,2
C SH,STUART,2975,67.655,0.675,-0.8,14.4,3.131,1,1,2
C SH,STUART,2975.5,77.219,0.528,6.8,20.9,3.008,1,0.977,3
C SH,STUART,2976,82.115,0.459,10.6,24.2,2.988,1,0.953,3
C SH,STUART,2976.5,84.865,0.446,9.4,23.7,3.134,1,0.93,3
C SH,STUART,2977,84.384,0.449,13.3,21.45,3.409,1,0.907,3
C SH,STUART,2977.5,81.772,0.443,14.8,20.9,3.483,1,0.884,3
C SH,STUART,2978,78.998,0.444,16.5,20.65,3.438,1,0.837,3
C SH,STUART,2978.5,79.896,0.457,14.9,20.15,3.423,1,0.814,3
C SH,STUART,2979,79.194,0.462,14.8,19.9,3.45,1,0.791,3
C SH,STUART,2979.5,78.99,0.451,13.5,19.65,3.393,1,0.767,3
C SH,STUART,2980,79.21,0.441,15.1,18.95,3.475,1,0.744,3
C SH,STUART,2980.5,78.1,0.451,15.6,17.5,3.478,1,0.721,3
C SH,STUART,2981,78.59,0.489,14.3,16.75,3.505,1,0.698,3
C SH,STUART,2981.5,79.439,0.544,12.7,15.25,3.478,1,0.674,3
C SH,STUART,2982,81.299,0.576,11.5,14.65,3.453,1,0.651,2
C SH,STUART,2982.5,78.933,0.494,11.9,14.85,3.479,1,0.605,3
C SH,STUART,2983,79.471,0.441,13.4,16.3,3.494,1,0.581,3
C SH,STUART,2983.5,81.895,0.431,14.2,16.8,3.441,1,0.558,3
C SH,STUART,2984,82.768,0.468,14.3,16.05,3.493,1,0.535,3
C SH,STUART,2984.5,79.022,0.537,12.9,15.05,3.5,1,0.512,2
C SH,STUART,2985,76.746,0.601,11.4,13.8,3.441,1,0.488,2
C SH,STUART,2985.5,73.066,0.638,11.1,13.25,3.426,1,0.465,2
C SH,STUART,2986,70.356,0.651,11,13.1,3.447,1,0.442,2
C SH,STUART,2986.5,74.608,0.621,10.5,14.85,3.399,1,0.395,2
C SH,STUART,2987,73.008,0.585,11.1,15.15,3.393,1,0.372,2
C SH,STUART,2987.5,70.438,0.546,12.1,15.15,3.439,1,0.349,2
C SH,STUART,2988,68.08,0.5,13.5,14.65,3.478,1,0.326,2
C SH,STUART,2988.5,66.75,0.46,13.6,15.2,3.461,1,0.302,2
C SH,STUART,2989,69.451,0.455,13.4,14.8,3.494,1,0.279,2
C SH,STUART,2989.5,75.946,0.494,14.2,14,3.541,1,0.256,2
C SH,STUART,2990,80.344,0.556,11.8,13.6,3.522,1,0.233,2
C SH,STUART,2990.5,83.772,0.616,10.4,12.9,3.476,1,0.186,3
C SH,STUART,2991,84.767,0.618,10.7,12.55,3.39,1,0.163,2
C SH,STUART,2991.5,84.09,0.616,9.4,13.4,3.289,1,0.14,2
C SH,STUART,2992,86.628,0.601,8.8,14.4,3.19,1,0.116,2
C SH,STUART,2992.5,90.43,0.556,2,21.4,3.045,1,0.093,3
C SH,STUART,2993,87.077,0.498,2,26.4,3.088,1,0.07,3
C SH,STUART,2993.5,76.623,0.479,5.3,28.45,3.224,1,0.047,2
C SH,STUART,2994,62.768,0.546,3.2,26.3,3.334,1,0.023,5
C LM,STUART,2994.5,43.738,0.703,1.8,19.3,3.876,2,1,8
C LM,STUART,2995,27.859,0.855,6.9,11.75,4.508,2,0.993,8
C LM,STUART,2995.5,18.034,0.879,5.3,9.55,4.815,2,0.985,8
C LM,STUART,2996,13.203,0.83,3,9.1,4.863,2,0.978,8
C LM,STUART,2996.5,12.762,0.767,2,8.9,5.024,2,0.97,8
C LM,STUART,2997,14.843,0.702,1.8,9.2,4.616,2,0.963,8
C LM,STUART,2997.5,19.087,0.644,0.4,10.4,4.172,2,0.955,8
C LM,STUART,2998,19.087,0.644,0.4,10.4,4.172,2,0.955,8
C LM,STUART,2998.5,25.207,0.601,-0.2,10.7,3.97,2,0.948,8
C LM,STUART,2999,27.997,0.587,1.1,10.25,3.933,2,0.94,8
C LM,STUART,2999.5,28.822,0.602,2.2,10,3.875,2,0.933,8
C LM,STUART,3000,28.618,0.622,1.9,10.35,3.969,2,0.925,8
C LM,STUART,3000.5,24.815,0.612,0.7,11.15,4.118,2,0.918,8
C LM,STUART,3001,23.371,0.575,0.2,11.8,4.243,2,0.91,8
C LM,STUART,3001.5,23.052,0.542,0.1,12.35,4.196,2,0.903,8
C LM,STUART,3002,23.109,0.522,-0.1,12.15,4.192,2,0.896,8
C LM,STUART,3002.5,24.138,0.511,-0.3,12.05,3.978,2,0.888,8
C LM,STUART,3003,24.448,0.511,-0.1,11.75,3.975,2,0.881,8
C LM,STUART,3003.5,25.419,0.523,0,11.6,3.962,2,0.873,8
C LM,STUART,3004,26.724,0.56,-0.7,11.35,3.99,2,0.866,8
C LM,STUART,3004.5,29.213,0.623,-0.8,10.7,3.885,2,0.858,8
C LM,STUART,3005,34.036,0.686,0.4,9.4,3.816,2,0.851,8
C LM,STUART,3005.5,38.157,0.716,1.7,7.75,3.66,2,0.843,5
C LM,STUART,3006,40.45,0.701,1.8,6.8,3.544,2,0.836,5
C LM,STUART,3006.5,41.576,0.662,3.5,6.45,3.392,2,0.828,5
C LM,STUART,3007,40.123,0.633,3.7,7.35,3.24,2,0.821,5
C LM,STUART,3007.5,36.663,0.632,3.4,8.1,3.212,2,0.813,7
C LM,STUART,3008,32.706,0.65,3.8,8.3,3.253,2,0.806,7
C LM,STUART,3008.5,30.323,0.672,3.4,8.7,3.289,2,0.799,5
C LM,STUART,3009,28.601,0.694,3,9.4,3.314,2,0.791,5
C LM,STUART,3009.5,28.169,0.721,2.4,9.7,3.262,2,0.784,5
C LM,STUART,3010,29.442,0.756,1.4,9.8,3.31,2,0.776,5
C LM,STUART,3010.5,30.878,0.795,0.7,9.55,3.359,2,0.769,5
C LM,STUART,3011,32.151,0.832,0.1,9.35,3.409,2,0.761,5
C LM,STUART,3011.5,33.677,0.856,0.4,9.1,3.417,2,0.754,5
C LM,STUART,3012,33.701,0.872,1.1,8.95,3.444,2,0.746,5
C LM,STUART,3012.5,35.105,0.889,1.5,8.75,3.466,2,0.739,5
C LM,STUART,3013,37.104,0.914,1.6,8.6,3.49,2,0.731,5
C LM,STUART,3013.5,37.349,0.939,2.1,7.95,3.418,2,0.724,6
C LM,STUART,3014,37.936,0.952,2.4,7.7,3.504,2,0.716,6
C LM,STUART,3014.5,39.087,0.953,2.1,7.75,3.511,2,0.709,5
C LM,STUART,3015,38.059,0.951,1.7,7.55,3.55,2,0.701,5
C LM,STUART,3015.5,37.202,0.952,2.2,7.3,3.603,2,0.694,6
C LM,STUART,3016,37.218,0.951,1.8,7.5,3.675,2,0.687,5
C LM,STUART,3016.5,37.781,0.949,1.4,7.6,3.741,2,0.679,5
C LM,STUART,3017,40.164,0.948,1.5,7.35,3.735,2,0.672,5
C LM,STUART,3017.5,40.956,0.95,1.6,7.3,3.747,2,0.664,5
C LM,STUART,3018,41.013,0.952,1.5,7.25,3.64,2,0.657,5
C LM,STUART,3018.5,42.547,0.95,1.9,7.15,3.683,2,0.649,5
C LM,STUART,3019,41.192,0.945,2,7,3.644,2,0.642,5
C LM,STUART,3019.5,42.726,0.941,2.3,7.15,3.704,2,0.634,5
C LM,STUART,3020,44.407,0.942,3.4,7,3.695,2,0.627,5
C LM,STUART,3020.5,45.387,0.946,3.8,6.8,3.788,2,0.619,6
C LM,STUART,3021,45.052,0.945,2.6,7.5,3.917,2,0.612,5
C LM,STUART,3021.5,46.129,0.935,2.4,7.4,3.948,2,0.604,5
C LM,STUART,3022,47.826,0.925,2.5,7.05,4.016,2,0.597,5
C LM,STUART,3022.5,50.054,0.925,2.3,6.75,3.935,2,0.59,5
C LM,STUART,3023,55.562,0.933,1.8,6.9,3.974,2,0.582,4
C LM,STUART,3023.5,63.029,0.947,2,6.8,3.859,2,0.575,4
C LM,STUART,3024,75.399,0.966,1.9,6.45,3.681,2,0.567,4
C LM,STUART,3024.5,102.116,0.987,0.2,6.9,3.561,2,0.56,8
C LM,STUART,3025,140.778,0.993,-0.4,7,3.513,2,0.552,8
C LM,STUART,3025.5,183.358,0.981,-0.3,7.35,3.437,2,0.545,3
C LM,STUART,3026,213.999,0.977,0.2,7.8,3.412,2,0.537,4
C LM,STUART,3026.5,220.413,1.004,0,8,3.528,2,0.53,4
C LM,STUART,3027,200.306,1.027,0,8,3.671,2,0.522,4
C LM,STUART,3027.5,162.149,0.999,-0.2,8.5,3.746,2,0.515,6
C LM,STUART,3028,121.202,0.95,0.2,9.2,3.892,2,0.507,8
C LM,STUART,3028.5,92.805,0.916,1.3,9.95,3.924,2,0.5,8
C LM,STUART,3029,77.758,0.894,1.9,10.65,3.953,2,0.493,4
C LM,STUART,3029.5,67.623,0.879,2.9,10.85,3.889,2,0.485,4
C LM,STUART,3030,62.376,0.873,2.5,11.45,3.799,2,0.478,4
C LM,STUART,3030.5,59.463,0.873,2.1,11.25,3.773,2,0.47,4
C LM,STUART,3031,55.211,0.872,2.7,10.45,3.784,2,0.463,4
C LM,STUART,3031.5,51.727,0.866,2.3,10.35,3.787,2,0.455,4
C LM,STUART,3032,52.38,0.858,2.1,10.75,3.776,2,0.448,4
C LM,STUART,3032.5,53.122,0.851,2.5,11.05,3.724,2,0.44,4
C LM,STUART,3033,51.245,0.844,2.7,11.25,3.697,2,0.433,6
C LM,STUART,3033.5,52.208,0.836,1.5,11.75,3.653,2,0.425,4
C LM,STUART,3034,54.95,0.826,1.3,12.05,3.647,2,0.418,4
C LM,STUART,3034.5,54.436,0.817,2,12,3.65,2,0.41,4
C LM,STUART,3035,54.811,0.81,1.8,12.1,3.678,2,0.403,4
C LM,STUART,3035.5,55.603,0.801,1.6,12.2,3.644,2,0.396,4
C LM,STUART,3036,54.289,0.785,1.3,12.75,3.656,2,0.388,4
C LM,STUART,3036.5,52.38,0.768,2,13,3.598,2,0.381,4
C LM,STUART,3037,53.645,0.758,2,13.7,3.582,2,0.373,4
C LM,STUART,3037.5,53.93,0.757,2.1,13.75,3.581,2,0.366,4
C LM,STUART,3038,56.072,0.755,2.9,13.75,3.645,2,0.358,4
C LM,STUART,3038.5,59.017,0.75,4,13.7,3.694,2,0.351,4
C LM,STUART,3039,62.144,0.742,4.4,14.1,3.65,2,0.343,4
C LM,STUART,3039.5,64.814,0.73,4.8,14.2,3.66,2,0.336,4
C LM,STUART,3040,66.705,0.714,5.6,14.6,3.689,2,0.328,4
C LM,STUART,3040.5,67.568,0.695,6.5,15.45,3.674,2,0.321,4
C LM,STUART,3041,67.683,0.676,6.7,15.65,3.603,2,0.313,4
C LM,STUART,3041.5,67.683,0.662,6,15.4,3.562,2,0.306,4
C LM,STUART,3042,67.683,0.666,5.7,15.25,3.57,2,0.299,4
C LM,STUART,3042.5,67.683,0.701,6,15.2,3.603,2,0.291,4
C LM,STUART,3043,67.683,0.778,5.1,15.65,3.537,2,0.284,4
C LM,STUART,3043.5,67.683,0.882,4.9,15.75,3.547,2,0.276,4
C LM,STUART,3044,67.683,0.973,4.4,15.8,3.533,2,0.269,5
C LM,STUART,3044.5,67.683,1.017,3.5,16.25,3.495,2,0.261,8
